ISO-10303-21;
HEADER;
/* Generated by software containing ST-Developer
 * from STEP Tools, Inc. (www.steptools.com) 
 */

FILE_DESCRIPTION(
/* description */ (''),
/* implementation_level */ '2;1');

FILE_NAME(
/* name */ 'jst-ph-r5.step',
/* time_stamp */ '2026-01-01T11:17:43Z',
/* author */ ('sam'),
/* organization */ (''),
/* preprocessor_version */ 'ST-DEVELOPER v20',
/* originating_system */ 'Autodesk Inventor 2025',
/* authorisation */ '');

FILE_SCHEMA (('AUTOMOTIVE_DESIGN { 1 0 10303 214 3 1 1 }'));
ENDSEC;

DATA;
#10=MECHANICAL_DESIGN_GEOMETRIC_PRESENTATION_REPRESENTATION('',(#2159,#2160,
#2161,#2162,#2163,#2164,#2165,#2166,#2167,#2168,#2169,#2170,#2171,#2172,
#2173,#2174,#2175,#2176,#2177,#2178,#2179,#2180,#2181,#2182,#2183,#2184,
#2185,#2186,#2187,#2188,#2189,#2190,#2191,#2192,#2193,#2194,#2195,#2196,
#2197,#2198,#2199,#2200,#2201,#2202,#2203,#2204,#2205,#2206,#2207,#2208,
#2209,#2210,#2211,#2212,#2213,#2214,#2215,#2216,#2217,#2218,#2219,#2220,
#2221,#2222,#2223,#2224,#2225,#2226,#2227,#2228,#2229,#2230,#2231,#2232,
#2233,#2234,#2235,#2236,#2237,#2238,#2239,#2240,#2241,#2242,#2243,#2244,
#2245,#2246,#2247,#2248,#2249,#2250,#2251,#2252,#2253,#2254,#2255,#2256,
#2257,#2258,#2259,#2260,#2261,#2262,#2263,#2264,#2265,#2266,#2267,#2268,
#2269,#2270,#2271,#2272,#2273,#2274,#2275,#2276),#3821);
#11=ITEM_DEFINED_TRANSFORMATION($,$,#2592,#2601);
#12=ITEM_DEFINED_TRANSFORMATION($,$,#2475,#2602);
#13=ITEM_DEFINED_TRANSFORMATION($,$,#2592,#2603);
#14=ITEM_DEFINED_TRANSFORMATION($,$,#2592,#2604);
#15=ITEM_DEFINED_TRANSFORMATION($,$,#2592,#2605);
#16=ITEM_DEFINED_TRANSFORMATION($,$,#2592,#2606);
#17=(
REPRESENTATION_RELATIONSHIP($,$,#3840,#3838)
REPRESENTATION_RELATIONSHIP_WITH_TRANSFORMATION(#11)
SHAPE_REPRESENTATION_RELATIONSHIP()
);
#18=(
REPRESENTATION_RELATIONSHIP($,$,#3839,#3838)
REPRESENTATION_RELATIONSHIP_WITH_TRANSFORMATION(#12)
SHAPE_REPRESENTATION_RELATIONSHIP()
);
#19=(
REPRESENTATION_RELATIONSHIP($,$,#3840,#3838)
REPRESENTATION_RELATIONSHIP_WITH_TRANSFORMATION(#13)
SHAPE_REPRESENTATION_RELATIONSHIP()
);
#20=(
REPRESENTATION_RELATIONSHIP($,$,#3840,#3838)
REPRESENTATION_RELATIONSHIP_WITH_TRANSFORMATION(#14)
SHAPE_REPRESENTATION_RELATIONSHIP()
);
#21=(
REPRESENTATION_RELATIONSHIP($,$,#3840,#3838)
REPRESENTATION_RELATIONSHIP_WITH_TRANSFORMATION(#15)
SHAPE_REPRESENTATION_RELATIONSHIP()
);
#22=(
REPRESENTATION_RELATIONSHIP($,$,#3840,#3838)
REPRESENTATION_RELATIONSHIP_WITH_TRANSFORMATION(#16)
SHAPE_REPRESENTATION_RELATIONSHIP()
);
#23=CONTEXT_DEPENDENT_SHAPE_REPRESENTATION(#17,#3832);
#24=CONTEXT_DEPENDENT_SHAPE_REPRESENTATION(#18,#3833);
#25=CONTEXT_DEPENDENT_SHAPE_REPRESENTATION(#19,#3834);
#26=CONTEXT_DEPENDENT_SHAPE_REPRESENTATION(#20,#3835);
#27=CONTEXT_DEPENDENT_SHAPE_REPRESENTATION(#21,#3836);
#28=CONTEXT_DEPENDENT_SHAPE_REPRESENTATION(#22,#3837);
#29=NEXT_ASSEMBLY_USAGE_OCCURRENCE('jst-ph-5p_wire:1',
'jst-ph-5p_wire:1','jst-ph-5p_wire:1',#3842,#3844,'jst-ph-5p_wire:1');
#30=NEXT_ASSEMBLY_USAGE_OCCURRENCE('jst-ph-r5:1','jst-ph-r5:1',
'jst-ph-r5:1',#3842,#3843,'jst-ph-r5:1');
#31=NEXT_ASSEMBLY_USAGE_OCCURRENCE('jst-ph-5p_wire:2',
'jst-ph-5p_wire:2','jst-ph-5p_wire:2',#3842,#3844,'jst-ph-5p_wire:2');
#32=NEXT_ASSEMBLY_USAGE_OCCURRENCE('jst-ph-5p_wire:3',
'jst-ph-5p_wire:3','jst-ph-5p_wire:3',#3842,#3844,'jst-ph-5p_wire:3');
#33=NEXT_ASSEMBLY_USAGE_OCCURRENCE('jst-ph-5p_wire:4',
'jst-ph-5p_wire:4','jst-ph-5p_wire:4',#3842,#3844,'jst-ph-5p_wire:4');
#34=NEXT_ASSEMBLY_USAGE_OCCURRENCE('jst-ph-5p_wire:5',
'jst-ph-5p_wire:5','jst-ph-5p_wire:5',#3842,#3844,'jst-ph-5p_wire:5');
#35=SHAPE_REPRESENTATION_RELATIONSHIP('SRR','None',#3839,#37);
#36=SHAPE_REPRESENTATION_RELATIONSHIP('SRR','None',#3840,#38);
#37=ADVANCED_BREP_SHAPE_REPRESENTATION('',(#39),#3819);
#38=ADVANCED_BREP_SHAPE_REPRESENTATION('',(#40),#3820);
#39=MANIFOLD_SOLID_BREP('Solid1',#2401);
#40=MANIFOLD_SOLID_BREP('Solid1',#2402);
#41=FACE_BOUND('',#204,.T.);
#42=FACE_BOUND('',#205,.T.);
#43=FACE_BOUND('',#206,.T.);
#44=FACE_BOUND('',#207,.T.);
#45=FACE_BOUND('',#208,.T.);
#46=FACE_BOUND('',#269,.T.);
#47=FACE_BOUND('',#274,.T.);
#48=FACE_BOUND('',#280,.T.);
#49=FACE_BOUND('',#284,.T.);
#50=FACE_BOUND('',#289,.T.);
#51=FACE_OUTER_BOUND('',#175,.T.);
#52=FACE_OUTER_BOUND('',#176,.T.);
#53=FACE_OUTER_BOUND('',#177,.T.);
#54=FACE_OUTER_BOUND('',#178,.T.);
#55=FACE_OUTER_BOUND('',#179,.T.);
#56=FACE_OUTER_BOUND('',#180,.T.);
#57=FACE_OUTER_BOUND('',#181,.T.);
#58=FACE_OUTER_BOUND('',#182,.T.);
#59=FACE_OUTER_BOUND('',#183,.T.);
#60=FACE_OUTER_BOUND('',#184,.T.);
#61=FACE_OUTER_BOUND('',#185,.T.);
#62=FACE_OUTER_BOUND('',#186,.T.);
#63=FACE_OUTER_BOUND('',#187,.T.);
#64=FACE_OUTER_BOUND('',#188,.T.);
#65=FACE_OUTER_BOUND('',#189,.T.);
#66=FACE_OUTER_BOUND('',#190,.T.);
#67=FACE_OUTER_BOUND('',#191,.T.);
#68=FACE_OUTER_BOUND('',#192,.T.);
#69=FACE_OUTER_BOUND('',#193,.T.);
#70=FACE_OUTER_BOUND('',#194,.T.);
#71=FACE_OUTER_BOUND('',#195,.T.);
#72=FACE_OUTER_BOUND('',#196,.T.);
#73=FACE_OUTER_BOUND('',#197,.T.);
#74=FACE_OUTER_BOUND('',#198,.T.);
#75=FACE_OUTER_BOUND('',#199,.T.);
#76=FACE_OUTER_BOUND('',#200,.T.);
#77=FACE_OUTER_BOUND('',#201,.T.);
#78=FACE_OUTER_BOUND('',#202,.T.);
#79=FACE_OUTER_BOUND('',#203,.T.);
#80=FACE_OUTER_BOUND('',#209,.T.);
#81=FACE_OUTER_BOUND('',#210,.T.);
#82=FACE_OUTER_BOUND('',#211,.T.);
#83=FACE_OUTER_BOUND('',#212,.T.);
#84=FACE_OUTER_BOUND('',#213,.T.);
#85=FACE_OUTER_BOUND('',#214,.T.);
#86=FACE_OUTER_BOUND('',#215,.T.);
#87=FACE_OUTER_BOUND('',#216,.T.);
#88=FACE_OUTER_BOUND('',#217,.T.);
#89=FACE_OUTER_BOUND('',#218,.T.);
#90=FACE_OUTER_BOUND('',#219,.T.);
#91=FACE_OUTER_BOUND('',#220,.T.);
#92=FACE_OUTER_BOUND('',#221,.T.);
#93=FACE_OUTER_BOUND('',#222,.T.);
#94=FACE_OUTER_BOUND('',#223,.T.);
#95=FACE_OUTER_BOUND('',#224,.T.);
#96=FACE_OUTER_BOUND('',#225,.T.);
#97=FACE_OUTER_BOUND('',#226,.T.);
#98=FACE_OUTER_BOUND('',#227,.T.);
#99=FACE_OUTER_BOUND('',#228,.T.);
#100=FACE_OUTER_BOUND('',#229,.T.);
#101=FACE_OUTER_BOUND('',#230,.T.);
#102=FACE_OUTER_BOUND('',#231,.T.);
#103=FACE_OUTER_BOUND('',#232,.T.);
#104=FACE_OUTER_BOUND('',#233,.T.);
#105=FACE_OUTER_BOUND('',#234,.T.);
#106=FACE_OUTER_BOUND('',#235,.T.);
#107=FACE_OUTER_BOUND('',#236,.T.);
#108=FACE_OUTER_BOUND('',#237,.T.);
#109=FACE_OUTER_BOUND('',#238,.T.);
#110=FACE_OUTER_BOUND('',#239,.T.);
#111=FACE_OUTER_BOUND('',#240,.T.);
#112=FACE_OUTER_BOUND('',#241,.T.);
#113=FACE_OUTER_BOUND('',#242,.T.);
#114=FACE_OUTER_BOUND('',#243,.T.);
#115=FACE_OUTER_BOUND('',#244,.T.);
#116=FACE_OUTER_BOUND('',#245,.T.);
#117=FACE_OUTER_BOUND('',#246,.T.);
#118=FACE_OUTER_BOUND('',#247,.T.);
#119=FACE_OUTER_BOUND('',#248,.T.);
#120=FACE_OUTER_BOUND('',#249,.T.);
#121=FACE_OUTER_BOUND('',#250,.T.);
#122=FACE_OUTER_BOUND('',#251,.T.);
#123=FACE_OUTER_BOUND('',#252,.T.);
#124=FACE_OUTER_BOUND('',#253,.T.);
#125=FACE_OUTER_BOUND('',#254,.T.);
#126=FACE_OUTER_BOUND('',#255,.T.);
#127=FACE_OUTER_BOUND('',#256,.T.);
#128=FACE_OUTER_BOUND('',#257,.T.);
#129=FACE_OUTER_BOUND('',#258,.T.);
#130=FACE_OUTER_BOUND('',#259,.T.);
#131=FACE_OUTER_BOUND('',#260,.T.);
#132=FACE_OUTER_BOUND('',#261,.T.);
#133=FACE_OUTER_BOUND('',#262,.T.);
#134=FACE_OUTER_BOUND('',#263,.T.);
#135=FACE_OUTER_BOUND('',#264,.T.);
#136=FACE_OUTER_BOUND('',#265,.T.);
#137=FACE_OUTER_BOUND('',#266,.T.);
#138=FACE_OUTER_BOUND('',#267,.T.);
#139=FACE_OUTER_BOUND('',#268,.T.);
#140=FACE_OUTER_BOUND('',#270,.T.);
#141=FACE_OUTER_BOUND('',#271,.T.);
#142=FACE_OUTER_BOUND('',#272,.T.);
#143=FACE_OUTER_BOUND('',#273,.T.);
#144=FACE_OUTER_BOUND('',#275,.T.);
#145=FACE_OUTER_BOUND('',#276,.T.);
#146=FACE_OUTER_BOUND('',#277,.T.);
#147=FACE_OUTER_BOUND('',#278,.T.);
#148=FACE_OUTER_BOUND('',#279,.T.);
#149=FACE_OUTER_BOUND('',#281,.T.);
#150=FACE_OUTER_BOUND('',#282,.T.);
#151=FACE_OUTER_BOUND('',#283,.T.);
#152=FACE_OUTER_BOUND('',#285,.T.);
#153=FACE_OUTER_BOUND('',#286,.T.);
#154=FACE_OUTER_BOUND('',#287,.T.);
#155=FACE_OUTER_BOUND('',#288,.T.);
#156=FACE_OUTER_BOUND('',#290,.T.);
#157=FACE_OUTER_BOUND('',#291,.T.);
#158=FACE_OUTER_BOUND('',#292,.T.);
#159=FACE_OUTER_BOUND('',#293,.T.);
#160=FACE_OUTER_BOUND('',#294,.T.);
#161=FACE_OUTER_BOUND('',#295,.T.);
#162=FACE_OUTER_BOUND('',#296,.T.);
#163=FACE_OUTER_BOUND('',#297,.T.);
#164=FACE_OUTER_BOUND('',#298,.T.);
#165=FACE_OUTER_BOUND('',#299,.T.);
#166=FACE_OUTER_BOUND('',#300,.T.);
#167=FACE_OUTER_BOUND('',#301,.T.);
#168=FACE_OUTER_BOUND('',#302,.T.);
#169=FACE_OUTER_BOUND('',#303,.T.);
#170=FACE_OUTER_BOUND('',#304,.T.);
#171=FACE_OUTER_BOUND('',#305,.T.);
#172=FACE_OUTER_BOUND('',#306,.T.);
#173=FACE_OUTER_BOUND('',#307,.T.);
#174=FACE_OUTER_BOUND('',#308,.T.);
#175=EDGE_LOOP('',(#1423,#1424,#1425,#1426));
#176=EDGE_LOOP('',(#1427,#1428,#1429,#1430));
#177=EDGE_LOOP('',(#1431,#1432,#1433,#1434));
#178=EDGE_LOOP('',(#1435,#1436,#1437,#1438));
#179=EDGE_LOOP('',(#1439,#1440,#1441,#1442));
#180=EDGE_LOOP('',(#1443,#1444,#1445,#1446));
#181=EDGE_LOOP('',(#1447,#1448,#1449,#1450));
#182=EDGE_LOOP('',(#1451,#1452,#1453,#1454));
#183=EDGE_LOOP('',(#1455,#1456,#1457,#1458));
#184=EDGE_LOOP('',(#1459,#1460,#1461,#1462));
#185=EDGE_LOOP('',(#1463,#1464,#1465,#1466));
#186=EDGE_LOOP('',(#1467,#1468,#1469,#1470));
#187=EDGE_LOOP('',(#1471,#1472,#1473,#1474));
#188=EDGE_LOOP('',(#1475,#1476,#1477,#1478));
#189=EDGE_LOOP('',(#1479,#1480,#1481,#1482));
#190=EDGE_LOOP('',(#1483,#1484,#1485,#1486));
#191=EDGE_LOOP('',(#1487,#1488,#1489,#1490));
#192=EDGE_LOOP('',(#1491,#1492,#1493,#1494));
#193=EDGE_LOOP('',(#1495,#1496,#1497,#1498));
#194=EDGE_LOOP('',(#1499,#1500,#1501,#1502));
#195=EDGE_LOOP('',(#1503,#1504,#1505,#1506));
#196=EDGE_LOOP('',(#1507,#1508,#1509,#1510));
#197=EDGE_LOOP('',(#1511,#1512,#1513,#1514));
#198=EDGE_LOOP('',(#1515,#1516,#1517,#1518));
#199=EDGE_LOOP('',(#1519,#1520,#1521,#1522));
#200=EDGE_LOOP('',(#1523,#1524,#1525,#1526));
#201=EDGE_LOOP('',(#1527,#1528,#1529,#1530));
#202=EDGE_LOOP('',(#1531,#1532,#1533,#1534));
#203=EDGE_LOOP('',(#1535,#1536,#1537,#1538,#1539,#1540,#1541,#1542));
#204=EDGE_LOOP('',(#1543,#1544,#1545,#1546));
#205=EDGE_LOOP('',(#1547,#1548,#1549,#1550));
#206=EDGE_LOOP('',(#1551,#1552,#1553,#1554));
#207=EDGE_LOOP('',(#1555,#1556,#1557,#1558));
#208=EDGE_LOOP('',(#1559,#1560,#1561,#1562));
#209=EDGE_LOOP('',(#1563,#1564,#1565,#1566));
#210=EDGE_LOOP('',(#1567,#1568,#1569,#1570));
#211=EDGE_LOOP('',(#1571,#1572,#1573,#1574,#1575,#1576,#1577,#1578,#1579,
#1580));
#212=EDGE_LOOP('',(#1581,#1582,#1583,#1584));
#213=EDGE_LOOP('',(#1585,#1586,#1587,#1588));
#214=EDGE_LOOP('',(#1589,#1590,#1591,#1592));
#215=EDGE_LOOP('',(#1593,#1594,#1595,#1596));
#216=EDGE_LOOP('',(#1597,#1598,#1599,#1600));
#217=EDGE_LOOP('',(#1601,#1602,#1603,#1604));
#218=EDGE_LOOP('',(#1605,#1606,#1607,#1608));
#219=EDGE_LOOP('',(#1609,#1610,#1611,#1612,#1613,#1614,#1615,#1616,#1617,
#1618));
#220=EDGE_LOOP('',(#1619,#1620,#1621,#1622,#1623,#1624));
#221=EDGE_LOOP('',(#1625,#1626,#1627,#1628));
#222=EDGE_LOOP('',(#1629,#1630,#1631,#1632));
#223=EDGE_LOOP('',(#1633,#1634,#1635,#1636));
#224=EDGE_LOOP('',(#1637,#1638,#1639,#1640));
#225=EDGE_LOOP('',(#1641,#1642,#1643,#1644,#1645,#1646));
#226=EDGE_LOOP('',(#1647,#1648,#1649,#1650));
#227=EDGE_LOOP('',(#1651,#1652,#1653,#1654));
#228=EDGE_LOOP('',(#1655,#1656,#1657,#1658));
#229=EDGE_LOOP('',(#1659,#1660,#1661,#1662));
#230=EDGE_LOOP('',(#1663,#1664,#1665,#1666));
#231=EDGE_LOOP('',(#1667,#1668,#1669,#1670));
#232=EDGE_LOOP('',(#1671,#1672,#1673,#1674));
#233=EDGE_LOOP('',(#1675,#1676,#1677,#1678));
#234=EDGE_LOOP('',(#1679,#1680,#1681,#1682));
#235=EDGE_LOOP('',(#1683,#1684,#1685,#1686));
#236=EDGE_LOOP('',(#1687,#1688,#1689,#1690));
#237=EDGE_LOOP('',(#1691,#1692,#1693,#1694));
#238=EDGE_LOOP('',(#1695,#1696,#1697,#1698));
#239=EDGE_LOOP('',(#1699,#1700,#1701,#1702));
#240=EDGE_LOOP('',(#1703,#1704,#1705,#1706));
#241=EDGE_LOOP('',(#1707,#1708,#1709,#1710));
#242=EDGE_LOOP('',(#1711,#1712,#1713,#1714,#1715,#1716,#1717,#1718,#1719,
#1720,#1721,#1722,#1723,#1724,#1725,#1726,#1727,#1728));
#243=EDGE_LOOP('',(#1729,#1730,#1731,#1732));
#244=EDGE_LOOP('',(#1733,#1734,#1735,#1736));
#245=EDGE_LOOP('',(#1737,#1738,#1739,#1740));
#246=EDGE_LOOP('',(#1741,#1742,#1743,#1744));
#247=EDGE_LOOP('',(#1745,#1746,#1747,#1748));
#248=EDGE_LOOP('',(#1749,#1750,#1751,#1752,#1753,#1754,#1755,#1756));
#249=EDGE_LOOP('',(#1757,#1758,#1759,#1760,#1761,#1762,#1763,#1764));
#250=EDGE_LOOP('',(#1765,#1766,#1767,#1768));
#251=EDGE_LOOP('',(#1769,#1770,#1771,#1772));
#252=EDGE_LOOP('',(#1773,#1774,#1775,#1776));
#253=EDGE_LOOP('',(#1777,#1778,#1779,#1780));
#254=EDGE_LOOP('',(#1781,#1782,#1783,#1784));
#255=EDGE_LOOP('',(#1785,#1786,#1787,#1788));
#256=EDGE_LOOP('',(#1789,#1790,#1791,#1792));
#257=EDGE_LOOP('',(#1793,#1794,#1795,#1796));
#258=EDGE_LOOP('',(#1797,#1798,#1799,#1800));
#259=EDGE_LOOP('',(#1801,#1802,#1803,#1804));
#260=EDGE_LOOP('',(#1805,#1806,#1807,#1808));
#261=EDGE_LOOP('',(#1809,#1810,#1811,#1812));
#262=EDGE_LOOP('',(#1813,#1814,#1815,#1816));
#263=EDGE_LOOP('',(#1817,#1818,#1819,#1820));
#264=EDGE_LOOP('',(#1821,#1822,#1823,#1824,#1825,#1826,#1827,#1828,#1829,
#1830,#1831,#1832,#1833,#1834));
#265=EDGE_LOOP('',(#1835,#1836,#1837,#1838));
#266=EDGE_LOOP('',(#1839,#1840,#1841,#1842));
#267=EDGE_LOOP('',(#1843,#1844,#1845,#1846));
#268=EDGE_LOOP('',(#1847,#1848,#1849,#1850));
#269=EDGE_LOOP('',(#1851,#1852,#1853,#1854));
#270=EDGE_LOOP('',(#1855,#1856,#1857,#1858,#1859,#1860));
#271=EDGE_LOOP('',(#1861,#1862,#1863,#1864,#1865,#1866));
#272=EDGE_LOOP('',(#1867,#1868,#1869,#1870,#1871,#1872));
#273=EDGE_LOOP('',(#1873,#1874,#1875,#1876));
#274=EDGE_LOOP('',(#1877,#1878,#1879,#1880));
#275=EDGE_LOOP('',(#1881,#1882,#1883,#1884,#1885,#1886));
#276=EDGE_LOOP('',(#1887,#1888,#1889,#1890,#1891,#1892));
#277=EDGE_LOOP('',(#1893,#1894,#1895,#1896));
#278=EDGE_LOOP('',(#1897,#1898,#1899,#1900,#1901,#1902));
#279=EDGE_LOOP('',(#1903,#1904,#1905,#1906));
#280=EDGE_LOOP('',(#1907,#1908,#1909,#1910));
#281=EDGE_LOOP('',(#1911,#1912,#1913,#1914,#1915,#1916));
#282=EDGE_LOOP('',(#1917,#1918,#1919,#1920,#1921,#1922));
#283=EDGE_LOOP('',(#1923,#1924,#1925,#1926));
#284=EDGE_LOOP('',(#1927,#1928,#1929,#1930));
#285=EDGE_LOOP('',(#1931,#1932,#1933,#1934,#1935,#1936));
#286=EDGE_LOOP('',(#1937,#1938,#1939,#1940));
#287=EDGE_LOOP('',(#1941,#1942,#1943,#1944,#1945,#1946));
#288=EDGE_LOOP('',(#1947,#1948,#1949,#1950));
#289=EDGE_LOOP('',(#1951,#1952,#1953,#1954));
#290=EDGE_LOOP('',(#1955,#1956,#1957,#1958));
#291=EDGE_LOOP('',(#1959,#1960,#1961,#1962));
#292=EDGE_LOOP('',(#1963,#1964,#1965,#1966));
#293=EDGE_LOOP('',(#1967,#1968,#1969,#1970));
#294=EDGE_LOOP('',(#1971,#1972,#1973,#1974));
#295=EDGE_LOOP('',(#1975,#1976,#1977,#1978));
#296=EDGE_LOOP('',(#1979,#1980,#1981,#1982));
#297=EDGE_LOOP('',(#1983,#1984,#1985,#1986));
#298=EDGE_LOOP('',(#1987,#1988,#1989,#1990));
#299=EDGE_LOOP('',(#1991,#1992,#1993,#1994));
#300=EDGE_LOOP('',(#1995,#1996,#1997,#1998));
#301=EDGE_LOOP('',(#1999,#2000,#2001,#2002));
#302=EDGE_LOOP('',(#2003,#2004,#2005,#2006));
#303=EDGE_LOOP('',(#2007,#2008,#2009,#2010));
#304=EDGE_LOOP('',(#2011,#2012,#2013,#2014,#2015,#2016));
#305=EDGE_LOOP('',(#2017,#2018,#2019,#2020));
#306=EDGE_LOOP('',(#2021,#2022,#2023,#2024,#2025,#2026));
#307=EDGE_LOOP('',(#2027,#2028,#2029,#2030));
#308=EDGE_LOOP('',(#2031,#2032,#2033,#2034));
#309=LINE('',#3184,#615);
#310=LINE('',#3186,#616);
#311=LINE('',#3188,#617);
#312=LINE('',#3189,#618);
#313=LINE('',#3192,#619);
#314=LINE('',#3194,#620);
#315=LINE('',#3195,#621);
#316=LINE('',#3198,#622);
#317=LINE('',#3200,#623);
#318=LINE('',#3201,#624);
#319=LINE('',#3203,#625);
#320=LINE('',#3204,#626);
#321=LINE('',#3209,#627);
#322=LINE('',#3211,#628);
#323=LINE('',#3213,#629);
#324=LINE('',#3214,#630);
#325=LINE('',#3217,#631);
#326=LINE('',#3219,#632);
#327=LINE('',#3220,#633);
#328=LINE('',#3223,#634);
#329=LINE('',#3225,#635);
#330=LINE('',#3226,#636);
#331=LINE('',#3228,#637);
#332=LINE('',#3229,#638);
#333=LINE('',#3234,#639);
#334=LINE('',#3236,#640);
#335=LINE('',#3238,#641);
#336=LINE('',#3239,#642);
#337=LINE('',#3242,#643);
#338=LINE('',#3244,#644);
#339=LINE('',#3245,#645);
#340=LINE('',#3248,#646);
#341=LINE('',#3250,#647);
#342=LINE('',#3251,#648);
#343=LINE('',#3253,#649);
#344=LINE('',#3254,#650);
#345=LINE('',#3259,#651);
#346=LINE('',#3261,#652);
#347=LINE('',#3263,#653);
#348=LINE('',#3264,#654);
#349=LINE('',#3267,#655);
#350=LINE('',#3269,#656);
#351=LINE('',#3270,#657);
#352=LINE('',#3273,#658);
#353=LINE('',#3275,#659);
#354=LINE('',#3276,#660);
#355=LINE('',#3278,#661);
#356=LINE('',#3279,#662);
#357=LINE('',#3284,#663);
#358=LINE('',#3286,#664);
#359=LINE('',#3288,#665);
#360=LINE('',#3289,#666);
#361=LINE('',#3292,#667);
#362=LINE('',#3294,#668);
#363=LINE('',#3295,#669);
#364=LINE('',#3298,#670);
#365=LINE('',#3300,#671);
#366=LINE('',#3301,#672);
#367=LINE('',#3303,#673);
#368=LINE('',#3304,#674);
#369=LINE('',#3309,#675);
#370=LINE('',#3311,#676);
#371=LINE('',#3313,#677);
#372=LINE('',#3314,#678);
#373=LINE('',#3317,#679);
#374=LINE('',#3319,#680);
#375=LINE('',#3320,#681);
#376=LINE('',#3323,#682);
#377=LINE('',#3324,#683);
#378=LINE('',#3328,#684);
#379=LINE('',#3330,#685);
#380=LINE('',#3332,#686);
#381=LINE('',#3334,#687);
#382=LINE('',#3336,#688);
#383=LINE('',#3338,#689);
#384=LINE('',#3340,#690);
#385=LINE('',#3341,#691);
#386=LINE('',#3344,#692);
#387=LINE('',#3346,#693);
#388=LINE('',#3348,#694);
#389=LINE('',#3349,#695);
#390=LINE('',#3351,#696);
#391=LINE('',#3352,#697);
#392=LINE('',#3355,#698);
#393=LINE('',#3357,#699);
#394=LINE('',#3359,#700);
#395=LINE('',#3360,#701);
#396=LINE('',#3363,#702);
#397=LINE('',#3365,#703);
#398=LINE('',#3367,#704);
#399=LINE('',#3368,#705);
#400=LINE('',#3371,#706);
#401=LINE('',#3373,#707);
#402=LINE('',#3375,#708);
#403=LINE('',#3376,#709);
#404=LINE('',#3378,#710);
#405=LINE('',#3383,#711);
#406=LINE('',#3384,#712);
#407=LINE('',#3386,#713);
#408=LINE('',#3388,#714);
#409=LINE('',#3390,#715);
#410=LINE('',#3392,#716);
#411=LINE('',#3394,#717);
#412=LINE('',#3396,#718);
#413=LINE('',#3397,#719);
#414=LINE('',#3401,#720);
#415=LINE('',#3402,#721);
#416=LINE('',#3403,#722);
#417=LINE('',#3406,#723);
#418=LINE('',#3408,#724);
#419=LINE('',#3409,#725);
#420=LINE('',#3412,#726);
#421=LINE('',#3414,#727);
#422=LINE('',#3415,#728);
#423=LINE('',#3418,#729);
#424=LINE('',#3420,#730);
#425=LINE('',#3421,#731);
#426=LINE('',#3424,#732);
#427=LINE('',#3426,#733);
#428=LINE('',#3427,#734);
#429=LINE('',#3430,#735);
#430=LINE('',#3432,#736);
#431=LINE('',#3433,#737);
#432=LINE('',#3436,#738);
#433=LINE('',#3437,#739);
#434=LINE('',#3440,#740);
#435=LINE('',#3442,#741);
#436=LINE('',#3444,#742);
#437=LINE('',#3446,#743);
#438=LINE('',#3448,#744);
#439=LINE('',#3450,#745);
#440=LINE('',#3452,#746);
#441=LINE('',#3454,#747);
#442=LINE('',#3455,#748);
#443=LINE('',#3458,#749);
#444=LINE('',#3460,#750);
#445=LINE('',#3462,#751);
#446=LINE('',#3463,#752);
#447=LINE('',#3466,#753);
#448=LINE('',#3467,#754);
#449=LINE('',#3470,#755);
#450=LINE('',#3471,#756);
#451=LINE('',#3473,#757);
#452=LINE('',#3475,#758);
#453=LINE('',#3478,#759);
#454=LINE('',#3480,#760);
#455=LINE('',#3482,#761);
#456=LINE('',#3483,#762);
#457=LINE('',#3486,#763);
#458=LINE('',#3487,#764);
#459=LINE('',#3489,#765);
#460=LINE('',#3492,#766);
#461=LINE('',#3494,#767);
#462=LINE('',#3495,#768);
#463=LINE('',#3497,#769);
#464=LINE('',#3499,#770);
#465=LINE('',#3501,#771);
#466=LINE('',#3503,#772);
#467=LINE('',#3505,#773);
#468=LINE('',#3507,#774);
#469=LINE('',#3509,#775);
#470=LINE('',#3510,#776);
#471=LINE('',#3513,#777);
#472=LINE('',#3514,#778);
#473=LINE('',#3516,#779);
#474=LINE('',#3518,#780);
#475=LINE('',#3520,#781);
#476=LINE('',#3521,#782);
#477=LINE('',#3526,#783);
#478=LINE('',#3528,#784);
#479=LINE('',#3530,#785);
#480=LINE('',#3532,#786);
#481=LINE('',#3534,#787);
#482=LINE('',#3536,#788);
#483=LINE('',#3538,#789);
#484=LINE('',#3540,#790);
#485=LINE('',#3542,#791);
#486=LINE('',#3544,#792);
#487=LINE('',#3546,#793);
#488=LINE('',#3548,#794);
#489=LINE('',#3549,#795);
#490=LINE('',#3556,#796);
#491=LINE('',#3557,#797);
#492=LINE('',#3560,#798);
#493=LINE('',#3562,#799);
#494=LINE('',#3564,#800);
#495=LINE('',#3566,#801);
#496=LINE('',#3567,#802);
#497=LINE('',#3570,#803);
#498=LINE('',#3572,#804);
#499=LINE('',#3574,#805);
#500=LINE('',#3576,#806);
#501=LINE('',#3577,#807);
#502=LINE('',#3579,#808);
#503=LINE('',#3582,#809);
#504=LINE('',#3584,#810);
#505=LINE('',#3585,#811);
#506=LINE('',#3588,#812);
#507=LINE('',#3590,#813);
#508=LINE('',#3591,#814);
#509=LINE('',#3594,#815);
#510=LINE('',#3595,#816);
#511=LINE('',#3599,#817);
#512=LINE('',#3600,#818);
#513=LINE('',#3601,#819);
#514=LINE('',#3604,#820);
#515=LINE('',#3606,#821);
#516=LINE('',#3607,#822);
#517=LINE('',#3610,#823);
#518=LINE('',#3612,#824);
#519=LINE('',#3613,#825);
#520=LINE('',#3617,#826);
#521=LINE('',#3618,#827);
#522=LINE('',#3619,#828);
#523=LINE('',#3622,#829);
#524=LINE('',#3624,#830);
#525=LINE('',#3625,#831);
#526=LINE('',#3629,#832);
#527=LINE('',#3630,#833);
#528=LINE('',#3631,#834);
#529=LINE('',#3634,#835);
#530=LINE('',#3635,#836);
#531=LINE('',#3639,#837);
#532=LINE('',#3640,#838);
#533=LINE('',#3641,#839);
#534=LINE('',#3644,#840);
#535=LINE('',#3646,#841);
#536=LINE('',#3647,#842);
#537=LINE('',#3649,#843);
#538=LINE('',#3652,#844);
#539=LINE('',#3654,#845);
#540=LINE('',#3656,#846);
#541=LINE('',#3658,#847);
#542=LINE('',#3660,#848);
#543=LINE('',#3662,#849);
#544=LINE('',#3664,#850);
#545=LINE('',#3666,#851);
#546=LINE('',#3668,#852);
#547=LINE('',#3669,#853);
#548=LINE('',#3671,#854);
#549=LINE('',#3674,#855);
#550=LINE('',#3675,#856);
#551=LINE('',#3677,#857);
#552=LINE('',#3680,#858);
#553=LINE('',#3682,#859);
#554=LINE('',#3683,#860);
#555=LINE('',#3686,#861);
#556=LINE('',#3687,#862);
#557=LINE('',#3688,#863);
#558=LINE('',#3691,#864);
#559=LINE('',#3692,#865);
#560=LINE('',#3693,#866);
#561=LINE('',#3696,#867);
#562=LINE('',#3698,#868);
#563=LINE('',#3699,#869);
#564=LINE('',#3700,#870);
#565=LINE('',#3703,#871);
#566=LINE('',#3704,#872);
#567=LINE('',#3707,#873);
#568=LINE('',#3708,#874);
#569=LINE('',#3709,#875);
#570=LINE('',#3712,#876);
#571=LINE('',#3713,#877);
#572=LINE('',#3715,#878);
#573=LINE('',#3718,#879);
#574=LINE('',#3719,#880);
#575=LINE('',#3721,#881);
#576=LINE('',#3722,#882);
#577=LINE('',#3725,#883);
#578=LINE('',#3726,#884);
#579=LINE('',#3728,#885);
#580=LINE('',#3731,#886);
#581=LINE('',#3733,#887);
#582=LINE('',#3734,#888);
#583=LINE('',#3735,#889);
#584=LINE('',#3738,#890);
#585=LINE('',#3739,#891);
#586=LINE('',#3742,#892);
#587=LINE('',#3743,#893);
#588=LINE('',#3744,#894);
#589=LINE('',#3746,#895);
#590=LINE('',#3749,#896);
#591=LINE('',#3751,#897);
#592=LINE('',#3752,#898);
#593=LINE('',#3753,#899);
#594=LINE('',#3755,#900);
#595=LINE('',#3757,#901);
#596=LINE('',#3759,#902);
#597=LINE('',#3773,#903);
#598=LINE('',#3775,#904);
#599=LINE('',#3777,#905);
#600=LINE('',#3778,#906);
#601=LINE('',#3781,#907);
#602=LINE('',#3783,#908);
#603=LINE('',#3784,#909);
#604=LINE('',#3787,#910);
#605=LINE('',#3789,#911);
#606=LINE('',#3790,#912);
#607=LINE('',#3793,#913);
#608=LINE('',#3795,#914);
#609=LINE('',#3796,#915);
#610=LINE('',#3799,#916);
#611=LINE('',#3801,#917);
#612=LINE('',#3802,#918);
#613=LINE('',#3804,#919);
#614=LINE('',#3805,#920);
#615=VECTOR('',#2613,10.);
#616=VECTOR('',#2614,10.);
#617=VECTOR('',#2615,10.);
#618=VECTOR('',#2616,10.);
#619=VECTOR('',#2619,10.);
#620=VECTOR('',#2620,10.);
#621=VECTOR('',#2621,10.);
#622=VECTOR('',#2624,10.);
#623=VECTOR('',#2625,10.);
#624=VECTOR('',#2626,10.);
#625=VECTOR('',#2629,10.);
#626=VECTOR('',#2630,10.);
#627=VECTOR('',#2635,10.);
#628=VECTOR('',#2636,10.);
#629=VECTOR('',#2637,10.);
#630=VECTOR('',#2638,10.);
#631=VECTOR('',#2641,10.);
#632=VECTOR('',#2642,10.);
#633=VECTOR('',#2643,10.);
#634=VECTOR('',#2646,10.);
#635=VECTOR('',#2647,10.);
#636=VECTOR('',#2648,10.);
#637=VECTOR('',#2651,10.);
#638=VECTOR('',#2652,10.);
#639=VECTOR('',#2657,10.);
#640=VECTOR('',#2658,10.);
#641=VECTOR('',#2659,10.);
#642=VECTOR('',#2660,10.);
#643=VECTOR('',#2663,10.);
#644=VECTOR('',#2664,10.);
#645=VECTOR('',#2665,10.);
#646=VECTOR('',#2668,10.);
#647=VECTOR('',#2669,10.);
#648=VECTOR('',#2670,10.);
#649=VECTOR('',#2673,10.);
#650=VECTOR('',#2674,10.);
#651=VECTOR('',#2679,10.);
#652=VECTOR('',#2680,10.);
#653=VECTOR('',#2681,10.);
#654=VECTOR('',#2682,10.);
#655=VECTOR('',#2685,10.);
#656=VECTOR('',#2686,10.);
#657=VECTOR('',#2687,10.);
#658=VECTOR('',#2690,10.);
#659=VECTOR('',#2691,10.);
#660=VECTOR('',#2692,10.);
#661=VECTOR('',#2695,10.);
#662=VECTOR('',#2696,10.);
#663=VECTOR('',#2701,10.);
#664=VECTOR('',#2702,10.);
#665=VECTOR('',#2703,10.);
#666=VECTOR('',#2704,10.);
#667=VECTOR('',#2707,10.);
#668=VECTOR('',#2708,10.);
#669=VECTOR('',#2709,10.);
#670=VECTOR('',#2712,10.);
#671=VECTOR('',#2713,10.);
#672=VECTOR('',#2714,10.);
#673=VECTOR('',#2717,10.);
#674=VECTOR('',#2718,10.);
#675=VECTOR('',#2723,1000.);
#676=VECTOR('',#2724,1000.);
#677=VECTOR('',#2725,1000.);
#678=VECTOR('',#2726,1000.);
#679=VECTOR('',#2729,1000.);
#680=VECTOR('',#2730,1000.);
#681=VECTOR('',#2731,1000.);
#682=VECTOR('',#2734,1000.);
#683=VECTOR('',#2735,1000.);
#684=VECTOR('',#2738,1000.);
#685=VECTOR('',#2739,1000.);
#686=VECTOR('',#2740,1000.);
#687=VECTOR('',#2741,1000.);
#688=VECTOR('',#2742,1000.);
#689=VECTOR('',#2743,1000.);
#690=VECTOR('',#2744,1000.);
#691=VECTOR('',#2745,1000.);
#692=VECTOR('',#2746,1000.);
#693=VECTOR('',#2747,1000.);
#694=VECTOR('',#2748,1000.);
#695=VECTOR('',#2749,1000.);
#696=VECTOR('',#2750,1000.);
#697=VECTOR('',#2751,1000.);
#698=VECTOR('',#2752,1000.);
#699=VECTOR('',#2753,1000.);
#700=VECTOR('',#2754,1000.);
#701=VECTOR('',#2755,1000.);
#702=VECTOR('',#2756,1000.);
#703=VECTOR('',#2757,1000.);
#704=VECTOR('',#2758,1000.);
#705=VECTOR('',#2759,1000.);
#706=VECTOR('',#2760,1000.);
#707=VECTOR('',#2761,1000.);
#708=VECTOR('',#2762,1000.);
#709=VECTOR('',#2763,1000.);
#710=VECTOR('',#2766,1000.);
#711=VECTOR('',#2771,1000.);
#712=VECTOR('',#2772,1000.);
#713=VECTOR('',#2773,1000.);
#714=VECTOR('',#2774,1000.);
#715=VECTOR('',#2775,1000.);
#716=VECTOR('',#2776,1000.);
#717=VECTOR('',#2777,1000.);
#718=VECTOR('',#2778,1000.);
#719=VECTOR('',#2779,1000.);
#720=VECTOR('',#2782,1000.);
#721=VECTOR('',#2783,1000.);
#722=VECTOR('',#2784,1000.);
#723=VECTOR('',#2787,1000.);
#724=VECTOR('',#2788,1000.);
#725=VECTOR('',#2789,1000.);
#726=VECTOR('',#2792,1000.);
#727=VECTOR('',#2793,1000.);
#728=VECTOR('',#2794,1000.);
#729=VECTOR('',#2797,1000.);
#730=VECTOR('',#2798,1000.);
#731=VECTOR('',#2799,1000.);
#732=VECTOR('',#2802,1000.);
#733=VECTOR('',#2803,1000.);
#734=VECTOR('',#2804,1000.);
#735=VECTOR('',#2807,1000.);
#736=VECTOR('',#2808,1000.);
#737=VECTOR('',#2809,1000.);
#738=VECTOR('',#2812,1000.);
#739=VECTOR('',#2813,1000.);
#740=VECTOR('',#2816,1000.);
#741=VECTOR('',#2817,1000.);
#742=VECTOR('',#2818,1000.);
#743=VECTOR('',#2819,1000.);
#744=VECTOR('',#2820,1000.);
#745=VECTOR('',#2821,1000.);
#746=VECTOR('',#2822,1000.);
#747=VECTOR('',#2823,1000.);
#748=VECTOR('',#2824,1000.);
#749=VECTOR('',#2827,1000.);
#750=VECTOR('',#2828,1000.);
#751=VECTOR('',#2829,1000.);
#752=VECTOR('',#2830,1000.);
#753=VECTOR('',#2833,1000.);
#754=VECTOR('',#2834,1000.);
#755=VECTOR('',#2837,1000.);
#756=VECTOR('',#2838,1000.);
#757=VECTOR('',#2841,1000.);
#758=VECTOR('',#2844,1000.);
#759=VECTOR('',#2847,1000.);
#760=VECTOR('',#2848,1000.);
#761=VECTOR('',#2849,1000.);
#762=VECTOR('',#2850,1000.);
#763=VECTOR('',#2853,1000.);
#764=VECTOR('',#2854,1000.);
#765=VECTOR('',#2857,1000.);
#766=VECTOR('',#2860,1000.);
#767=VECTOR('',#2861,1000.);
#768=VECTOR('',#2862,1000.);
#769=VECTOR('',#2865,1000.);
#770=VECTOR('',#2868,1000.);
#771=VECTOR('',#2871,1000.);
#772=VECTOR('',#2874,1000.);
#773=VECTOR('',#2877,1000.);
#774=VECTOR('',#2880,1000.);
#775=VECTOR('',#2883,1000.);
#776=VECTOR('',#2884,1000.);
#777=VECTOR('',#2887,1000.);
#778=VECTOR('',#2888,1000.);
#779=VECTOR('',#2891,1000.);
#780=VECTOR('',#2894,1000.);
#781=VECTOR('',#2897,1000.);
#782=VECTOR('',#2898,1000.);
#783=VECTOR('',#2905,1000.);
#784=VECTOR('',#2906,1000.);
#785=VECTOR('',#2907,1000.);
#786=VECTOR('',#2908,1000.);
#787=VECTOR('',#2909,1000.);
#788=VECTOR('',#2910,1000.);
#789=VECTOR('',#2911,1000.);
#790=VECTOR('',#2912,1000.);
#791=VECTOR('',#2913,1000.);
#792=VECTOR('',#2914,1000.);
#793=VECTOR('',#2915,1000.);
#794=VECTOR('',#2916,1000.);
#795=VECTOR('',#2917,1000.);
#796=VECTOR('',#2928,1000.);
#797=VECTOR('',#2929,1000.);
#798=VECTOR('',#2932,1000.);
#799=VECTOR('',#2933,1000.);
#800=VECTOR('',#2934,1000.);
#801=VECTOR('',#2935,1000.);
#802=VECTOR('',#2936,1000.);
#803=VECTOR('',#2939,1000.);
#804=VECTOR('',#2940,1000.);
#805=VECTOR('',#2941,1000.);
#806=VECTOR('',#2942,1000.);
#807=VECTOR('',#2943,1000.);
#808=VECTOR('',#2946,1000.);
#809=VECTOR('',#2949,1000.);
#810=VECTOR('',#2950,1000.);
#811=VECTOR('',#2951,1000.);
#812=VECTOR('',#2954,1000.);
#813=VECTOR('',#2955,1000.);
#814=VECTOR('',#2956,1000.);
#815=VECTOR('',#2959,1000.);
#816=VECTOR('',#2960,1000.);
#817=VECTOR('',#2963,1000.);
#818=VECTOR('',#2964,1000.);
#819=VECTOR('',#2965,1000.);
#820=VECTOR('',#2968,1000.);
#821=VECTOR('',#2969,1000.);
#822=VECTOR('',#2970,1000.);
#823=VECTOR('',#2973,1000.);
#824=VECTOR('',#2974,1000.);
#825=VECTOR('',#2975,1000.);
#826=VECTOR('',#2978,1000.);
#827=VECTOR('',#2979,1000.);
#828=VECTOR('',#2980,1000.);
#829=VECTOR('',#2983,1000.);
#830=VECTOR('',#2984,1000.);
#831=VECTOR('',#2985,1000.);
#832=VECTOR('',#2988,1000.);
#833=VECTOR('',#2989,1000.);
#834=VECTOR('',#2990,1000.);
#835=VECTOR('',#2993,1000.);
#836=VECTOR('',#2994,1000.);
#837=VECTOR('',#2997,1000.);
#838=VECTOR('',#2998,1000.);
#839=VECTOR('',#2999,1000.);
#840=VECTOR('',#3002,1000.);
#841=VECTOR('',#3003,1000.);
#842=VECTOR('',#3004,1000.);
#843=VECTOR('',#3007,1000.);
#844=VECTOR('',#3010,1000.);
#845=VECTOR('',#3011,1000.);
#846=VECTOR('',#3012,1000.);
#847=VECTOR('',#3013,1000.);
#848=VECTOR('',#3014,1000.);
#849=VECTOR('',#3015,1000.);
#850=VECTOR('',#3016,1000.);
#851=VECTOR('',#3017,1000.);
#852=VECTOR('',#3018,1000.);
#853=VECTOR('',#3019,1000.);
#854=VECTOR('',#3022,1000.);
#855=VECTOR('',#3025,1000.);
#856=VECTOR('',#3026,1000.);
#857=VECTOR('',#3029,1000.);
#858=VECTOR('',#3032,1000.);
#859=VECTOR('',#3033,1000.);
#860=VECTOR('',#3034,1000.);
#861=VECTOR('',#3037,1000.);
#862=VECTOR('',#3038,1000.);
#863=VECTOR('',#3039,1000.);
#864=VECTOR('',#3042,1000.);
#865=VECTOR('',#3043,1000.);
#866=VECTOR('',#3044,1000.);
#867=VECTOR('',#3047,1000.);
#868=VECTOR('',#3048,1000.);
#869=VECTOR('',#3049,1000.);
#870=VECTOR('',#3050,1000.);
#871=VECTOR('',#3053,1000.);
#872=VECTOR('',#3054,1000.);
#873=VECTOR('',#3057,1000.);
#874=VECTOR('',#3058,1000.);
#875=VECTOR('',#3059,1000.);
#876=VECTOR('',#3062,1000.);
#877=VECTOR('',#3063,1000.);
#878=VECTOR('',#3066,1000.);
#879=VECTOR('',#3069,1000.);
#880=VECTOR('',#3070,1000.);
#881=VECTOR('',#3071,1000.);
#882=VECTOR('',#3072,1000.);
#883=VECTOR('',#3075,1000.);
#884=VECTOR('',#3076,1000.);
#885=VECTOR('',#3079,1000.);
#886=VECTOR('',#3082,1000.);
#887=VECTOR('',#3083,1000.);
#888=VECTOR('',#3084,1000.);
#889=VECTOR('',#3085,1000.);
#890=VECTOR('',#3088,1000.);
#891=VECTOR('',#3089,1000.);
#892=VECTOR('',#3092,1000.);
#893=VECTOR('',#3093,1000.);
#894=VECTOR('',#3094,1000.);
#895=VECTOR('',#3097,1000.);
#896=VECTOR('',#3100,1000.);
#897=VECTOR('',#3101,1000.);
#898=VECTOR('',#3102,1000.);
#899=VECTOR('',#3103,1000.);
#900=VECTOR('',#3106,1000.);
#901=VECTOR('',#3109,1000.);
#902=VECTOR('',#3112,1000.);
#903=VECTOR('',#3135,10.);
#904=VECTOR('',#3136,10.);
#905=VECTOR('',#3137,10.);
#906=VECTOR('',#3138,10.);
#907=VECTOR('',#3141,10.);
#908=VECTOR('',#3142,10.);
#909=VECTOR('',#3143,10.);
#910=VECTOR('',#3146,10.);
#911=VECTOR('',#3147,10.);
#912=VECTOR('',#3148,10.);
#913=VECTOR('',#3151,10.);
#914=VECTOR('',#3152,10.);
#915=VECTOR('',#3153,10.);
#916=VECTOR('',#3156,10.);
#917=VECTOR('',#3157,10.);
#918=VECTOR('',#3158,10.);
#919=VECTOR('',#3161,10.);
#920=VECTOR('',#3162,10.);
#921=VERTEX_POINT('',#3182);
#922=VERTEX_POINT('',#3183);
#923=VERTEX_POINT('',#3185);
#924=VERTEX_POINT('',#3187);
#925=VERTEX_POINT('',#3191);
#926=VERTEX_POINT('',#3193);
#927=VERTEX_POINT('',#3197);
#928=VERTEX_POINT('',#3199);
#929=VERTEX_POINT('',#3207);
#930=VERTEX_POINT('',#3208);
#931=VERTEX_POINT('',#3210);
#932=VERTEX_POINT('',#3212);
#933=VERTEX_POINT('',#3216);
#934=VERTEX_POINT('',#3218);
#935=VERTEX_POINT('',#3222);
#936=VERTEX_POINT('',#3224);
#937=VERTEX_POINT('',#3232);
#938=VERTEX_POINT('',#3233);
#939=VERTEX_POINT('',#3235);
#940=VERTEX_POINT('',#3237);
#941=VERTEX_POINT('',#3241);
#942=VERTEX_POINT('',#3243);
#943=VERTEX_POINT('',#3247);
#944=VERTEX_POINT('',#3249);
#945=VERTEX_POINT('',#3257);
#946=VERTEX_POINT('',#3258);
#947=VERTEX_POINT('',#3260);
#948=VERTEX_POINT('',#3262);
#949=VERTEX_POINT('',#3266);
#950=VERTEX_POINT('',#3268);
#951=VERTEX_POINT('',#3272);
#952=VERTEX_POINT('',#3274);
#953=VERTEX_POINT('',#3282);
#954=VERTEX_POINT('',#3283);
#955=VERTEX_POINT('',#3285);
#956=VERTEX_POINT('',#3287);
#957=VERTEX_POINT('',#3291);
#958=VERTEX_POINT('',#3293);
#959=VERTEX_POINT('',#3297);
#960=VERTEX_POINT('',#3299);
#961=VERTEX_POINT('',#3307);
#962=VERTEX_POINT('',#3308);
#963=VERTEX_POINT('',#3310);
#964=VERTEX_POINT('',#3312);
#965=VERTEX_POINT('',#3316);
#966=VERTEX_POINT('',#3318);
#967=VERTEX_POINT('',#3322);
#968=VERTEX_POINT('',#3326);
#969=VERTEX_POINT('',#3327);
#970=VERTEX_POINT('',#3329);
#971=VERTEX_POINT('',#3331);
#972=VERTEX_POINT('',#3333);
#973=VERTEX_POINT('',#3335);
#974=VERTEX_POINT('',#3337);
#975=VERTEX_POINT('',#3339);
#976=VERTEX_POINT('',#3342);
#977=VERTEX_POINT('',#3343);
#978=VERTEX_POINT('',#3345);
#979=VERTEX_POINT('',#3347);
#980=VERTEX_POINT('',#3350);
#981=VERTEX_POINT('',#3353);
#982=VERTEX_POINT('',#3354);
#983=VERTEX_POINT('',#3356);
#984=VERTEX_POINT('',#3358);
#985=VERTEX_POINT('',#3361);
#986=VERTEX_POINT('',#3362);
#987=VERTEX_POINT('',#3364);
#988=VERTEX_POINT('',#3366);
#989=VERTEX_POINT('',#3369);
#990=VERTEX_POINT('',#3370);
#991=VERTEX_POINT('',#3372);
#992=VERTEX_POINT('',#3374);
#993=VERTEX_POINT('',#3381);
#994=VERTEX_POINT('',#3382);
#995=VERTEX_POINT('',#3385);
#996=VERTEX_POINT('',#3387);
#997=VERTEX_POINT('',#3389);
#998=VERTEX_POINT('',#3391);
#999=VERTEX_POINT('',#3393);
#1000=VERTEX_POINT('',#3395);
#1001=VERTEX_POINT('',#3399);
#1002=VERTEX_POINT('',#3400);
#1003=VERTEX_POINT('',#3405);
#1004=VERTEX_POINT('',#3407);
#1005=VERTEX_POINT('',#3411);
#1006=VERTEX_POINT('',#3413);
#1007=VERTEX_POINT('',#3417);
#1008=VERTEX_POINT('',#3419);
#1009=VERTEX_POINT('',#3423);
#1010=VERTEX_POINT('',#3425);
#1011=VERTEX_POINT('',#3429);
#1012=VERTEX_POINT('',#3431);
#1013=VERTEX_POINT('',#3435);
#1014=VERTEX_POINT('',#3439);
#1015=VERTEX_POINT('',#3441);
#1016=VERTEX_POINT('',#3443);
#1017=VERTEX_POINT('',#3445);
#1018=VERTEX_POINT('',#3447);
#1019=VERTEX_POINT('',#3449);
#1020=VERTEX_POINT('',#3451);
#1021=VERTEX_POINT('',#3453);
#1022=VERTEX_POINT('',#3457);
#1023=VERTEX_POINT('',#3459);
#1024=VERTEX_POINT('',#3461);
#1025=VERTEX_POINT('',#3465);
#1026=VERTEX_POINT('',#3469);
#1027=VERTEX_POINT('',#3477);
#1028=VERTEX_POINT('',#3479);
#1029=VERTEX_POINT('',#3481);
#1030=VERTEX_POINT('',#3485);
#1031=VERTEX_POINT('',#3491);
#1032=VERTEX_POINT('',#3493);
#1033=VERTEX_POINT('',#3512);
#1034=VERTEX_POINT('',#3525);
#1035=VERTEX_POINT('',#3527);
#1036=VERTEX_POINT('',#3529);
#1037=VERTEX_POINT('',#3531);
#1038=VERTEX_POINT('',#3533);
#1039=VERTEX_POINT('',#3535);
#1040=VERTEX_POINT('',#3537);
#1041=VERTEX_POINT('',#3539);
#1042=VERTEX_POINT('',#3541);
#1043=VERTEX_POINT('',#3543);
#1044=VERTEX_POINT('',#3545);
#1045=VERTEX_POINT('',#3547);
#1046=VERTEX_POINT('',#3555);
#1047=VERTEX_POINT('',#3559);
#1048=VERTEX_POINT('',#3561);
#1049=VERTEX_POINT('',#3563);
#1050=VERTEX_POINT('',#3565);
#1051=VERTEX_POINT('',#3569);
#1052=VERTEX_POINT('',#3571);
#1053=VERTEX_POINT('',#3573);
#1054=VERTEX_POINT('',#3575);
#1055=VERTEX_POINT('',#3581);
#1056=VERTEX_POINT('',#3583);
#1057=VERTEX_POINT('',#3587);
#1058=VERTEX_POINT('',#3589);
#1059=VERTEX_POINT('',#3593);
#1060=VERTEX_POINT('',#3597);
#1061=VERTEX_POINT('',#3598);
#1062=VERTEX_POINT('',#3603);
#1063=VERTEX_POINT('',#3605);
#1064=VERTEX_POINT('',#3609);
#1065=VERTEX_POINT('',#3611);
#1066=VERTEX_POINT('',#3615);
#1067=VERTEX_POINT('',#3616);
#1068=VERTEX_POINT('',#3621);
#1069=VERTEX_POINT('',#3623);
#1070=VERTEX_POINT('',#3627);
#1071=VERTEX_POINT('',#3628);
#1072=VERTEX_POINT('',#3633);
#1073=VERTEX_POINT('',#3637);
#1074=VERTEX_POINT('',#3638);
#1075=VERTEX_POINT('',#3643);
#1076=VERTEX_POINT('',#3645);
#1077=VERTEX_POINT('',#3651);
#1078=VERTEX_POINT('',#3653);
#1079=VERTEX_POINT('',#3655);
#1080=VERTEX_POINT('',#3657);
#1081=VERTEX_POINT('',#3659);
#1082=VERTEX_POINT('',#3661);
#1083=VERTEX_POINT('',#3663);
#1084=VERTEX_POINT('',#3665);
#1085=VERTEX_POINT('',#3667);
#1086=VERTEX_POINT('',#3673);
#1087=VERTEX_POINT('',#3679);
#1088=VERTEX_POINT('',#3681);
#1089=VERTEX_POINT('',#3685);
#1090=VERTEX_POINT('',#3690);
#1091=VERTEX_POINT('',#3695);
#1092=VERTEX_POINT('',#3697);
#1093=VERTEX_POINT('',#3702);
#1094=VERTEX_POINT('',#3706);
#1095=VERTEX_POINT('',#3711);
#1096=VERTEX_POINT('',#3717);
#1097=VERTEX_POINT('',#3720);
#1098=VERTEX_POINT('',#3724);
#1099=VERTEX_POINT('',#3730);
#1100=VERTEX_POINT('',#3732);
#1101=VERTEX_POINT('',#3737);
#1102=VERTEX_POINT('',#3741);
#1103=VERTEX_POINT('',#3748);
#1104=VERTEX_POINT('',#3750);
#1105=VERTEX_POINT('',#3771);
#1106=VERTEX_POINT('',#3772);
#1107=VERTEX_POINT('',#3774);
#1108=VERTEX_POINT('',#3776);
#1109=VERTEX_POINT('',#3780);
#1110=VERTEX_POINT('',#3782);
#1111=VERTEX_POINT('',#3786);
#1112=VERTEX_POINT('',#3788);
#1113=VERTEX_POINT('',#3792);
#1114=VERTEX_POINT('',#3794);
#1115=VERTEX_POINT('',#3798);
#1116=VERTEX_POINT('',#3800);
#1117=EDGE_CURVE('',#921,#922,#309,.T.);
#1118=EDGE_CURVE('',#921,#923,#310,.T.);
#1119=EDGE_CURVE('',#924,#923,#311,.T.);
#1120=EDGE_CURVE('',#922,#924,#312,.T.);
#1121=EDGE_CURVE('',#922,#925,#313,.T.);
#1122=EDGE_CURVE('',#926,#924,#314,.T.);
#1123=EDGE_CURVE('',#925,#926,#315,.T.);
#1124=EDGE_CURVE('',#925,#927,#316,.T.);
#1125=EDGE_CURVE('',#928,#926,#317,.T.);
#1126=EDGE_CURVE('',#927,#928,#318,.T.);
#1127=EDGE_CURVE('',#927,#921,#319,.T.);
#1128=EDGE_CURVE('',#923,#928,#320,.T.);
#1129=EDGE_CURVE('',#929,#930,#321,.T.);
#1130=EDGE_CURVE('',#929,#931,#322,.T.);
#1131=EDGE_CURVE('',#932,#931,#323,.T.);
#1132=EDGE_CURVE('',#930,#932,#324,.T.);
#1133=EDGE_CURVE('',#930,#933,#325,.T.);
#1134=EDGE_CURVE('',#934,#932,#326,.T.);
#1135=EDGE_CURVE('',#933,#934,#327,.T.);
#1136=EDGE_CURVE('',#933,#935,#328,.T.);
#1137=EDGE_CURVE('',#936,#934,#329,.T.);
#1138=EDGE_CURVE('',#935,#936,#330,.T.);
#1139=EDGE_CURVE('',#935,#929,#331,.T.);
#1140=EDGE_CURVE('',#931,#936,#332,.T.);
#1141=EDGE_CURVE('',#937,#938,#333,.T.);
#1142=EDGE_CURVE('',#937,#939,#334,.T.);
#1143=EDGE_CURVE('',#940,#939,#335,.T.);
#1144=EDGE_CURVE('',#938,#940,#336,.T.);
#1145=EDGE_CURVE('',#938,#941,#337,.T.);
#1146=EDGE_CURVE('',#942,#940,#338,.T.);
#1147=EDGE_CURVE('',#941,#942,#339,.T.);
#1148=EDGE_CURVE('',#941,#943,#340,.T.);
#1149=EDGE_CURVE('',#944,#942,#341,.T.);
#1150=EDGE_CURVE('',#943,#944,#342,.T.);
#1151=EDGE_CURVE('',#943,#937,#343,.T.);
#1152=EDGE_CURVE('',#939,#944,#344,.T.);
#1153=EDGE_CURVE('',#945,#946,#345,.T.);
#1154=EDGE_CURVE('',#945,#947,#346,.T.);
#1155=EDGE_CURVE('',#948,#947,#347,.T.);
#1156=EDGE_CURVE('',#946,#948,#348,.T.);
#1157=EDGE_CURVE('',#946,#949,#349,.T.);
#1158=EDGE_CURVE('',#950,#948,#350,.T.);
#1159=EDGE_CURVE('',#949,#950,#351,.T.);
#1160=EDGE_CURVE('',#949,#951,#352,.T.);
#1161=EDGE_CURVE('',#952,#950,#353,.T.);
#1162=EDGE_CURVE('',#951,#952,#354,.T.);
#1163=EDGE_CURVE('',#951,#945,#355,.T.);
#1164=EDGE_CURVE('',#947,#952,#356,.T.);
#1165=EDGE_CURVE('',#953,#954,#357,.T.);
#1166=EDGE_CURVE('',#953,#955,#358,.T.);
#1167=EDGE_CURVE('',#956,#955,#359,.T.);
#1168=EDGE_CURVE('',#954,#956,#360,.T.);
#1169=EDGE_CURVE('',#954,#957,#361,.T.);
#1170=EDGE_CURVE('',#958,#956,#362,.T.);
#1171=EDGE_CURVE('',#957,#958,#363,.T.);
#1172=EDGE_CURVE('',#957,#959,#364,.T.);
#1173=EDGE_CURVE('',#960,#958,#365,.T.);
#1174=EDGE_CURVE('',#959,#960,#366,.T.);
#1175=EDGE_CURVE('',#959,#953,#367,.T.);
#1176=EDGE_CURVE('',#955,#960,#368,.T.);
#1177=EDGE_CURVE('',#961,#962,#369,.T.);
#1178=EDGE_CURVE('',#963,#962,#370,.T.);
#1179=EDGE_CURVE('',#964,#963,#371,.T.);
#1180=EDGE_CURVE('',#964,#961,#372,.T.);
#1181=EDGE_CURVE('',#965,#961,#373,.T.);
#1182=EDGE_CURVE('',#966,#964,#374,.T.);
#1183=EDGE_CURVE('',#966,#965,#375,.T.);
#1184=EDGE_CURVE('',#963,#967,#376,.T.);
#1185=EDGE_CURVE('',#967,#966,#377,.T.);
#1186=EDGE_CURVE('',#968,#969,#378,.T.);
#1187=EDGE_CURVE('',#970,#968,#379,.T.);
#1188=EDGE_CURVE('',#971,#970,#380,.T.);
#1189=EDGE_CURVE('',#971,#972,#381,.T.);
#1190=EDGE_CURVE('',#972,#973,#382,.T.);
#1191=EDGE_CURVE('',#973,#974,#383,.T.);
#1192=EDGE_CURVE('',#975,#974,#384,.T.);
#1193=EDGE_CURVE('',#975,#969,#385,.T.);
#1194=EDGE_CURVE('',#976,#977,#386,.T.);
#1195=EDGE_CURVE('',#978,#976,#387,.T.);
#1196=EDGE_CURVE('',#979,#978,#388,.T.);
#1197=EDGE_CURVE('',#977,#979,#389,.T.);
#1198=EDGE_CURVE('',#980,#965,#390,.T.);
#1199=EDGE_CURVE('',#962,#980,#391,.T.);
#1200=EDGE_CURVE('',#981,#982,#392,.T.);
#1201=EDGE_CURVE('',#983,#981,#393,.T.);
#1202=EDGE_CURVE('',#984,#983,#394,.T.);
#1203=EDGE_CURVE('',#982,#984,#395,.T.);
#1204=EDGE_CURVE('',#985,#986,#396,.T.);
#1205=EDGE_CURVE('',#987,#985,#397,.T.);
#1206=EDGE_CURVE('',#988,#987,#398,.T.);
#1207=EDGE_CURVE('',#986,#988,#399,.T.);
#1208=EDGE_CURVE('',#989,#990,#400,.T.);
#1209=EDGE_CURVE('',#991,#989,#401,.T.);
#1210=EDGE_CURVE('',#992,#991,#402,.T.);
#1211=EDGE_CURVE('',#990,#992,#403,.T.);
#1212=EDGE_CURVE('',#967,#980,#404,.T.);
#1213=EDGE_CURVE('',#993,#994,#405,.T.);
#1214=EDGE_CURVE('',#974,#993,#406,.T.);
#1215=EDGE_CURVE('',#995,#973,#407,.T.);
#1216=EDGE_CURVE('',#995,#996,#408,.T.);
#1217=EDGE_CURVE('',#997,#996,#409,.T.);
#1218=EDGE_CURVE('',#998,#997,#410,.T.);
#1219=EDGE_CURVE('',#999,#998,#411,.T.);
#1220=EDGE_CURVE('',#1000,#999,#412,.T.);
#1221=EDGE_CURVE('',#994,#1000,#413,.T.);
#1222=EDGE_CURVE('',#1001,#1002,#414,.T.);
#1223=EDGE_CURVE('',#968,#1001,#415,.T.);
#1224=EDGE_CURVE('',#1002,#969,#416,.T.);
#1225=EDGE_CURVE('',#1003,#992,#417,.T.);
#1226=EDGE_CURVE('',#1004,#1003,#418,.T.);
#1227=EDGE_CURVE('',#1004,#990,#419,.T.);
#1228=EDGE_CURVE('',#1005,#979,#420,.T.);
#1229=EDGE_CURVE('',#1006,#1005,#421,.T.);
#1230=EDGE_CURVE('',#1006,#977,#422,.T.);
#1231=EDGE_CURVE('',#1007,#987,#423,.T.);
#1232=EDGE_CURVE('',#1008,#1007,#424,.T.);
#1233=EDGE_CURVE('',#1008,#988,#425,.T.);
#1234=EDGE_CURVE('',#1009,#986,#426,.T.);
#1235=EDGE_CURVE('',#1010,#1009,#427,.T.);
#1236=EDGE_CURVE('',#1010,#985,#428,.T.);
#1237=EDGE_CURVE('',#1011,#984,#429,.T.);
#1238=EDGE_CURVE('',#1012,#1011,#430,.T.);
#1239=EDGE_CURVE('',#1012,#982,#431,.T.);
#1240=EDGE_CURVE('',#1013,#1006,#432,.T.);
#1241=EDGE_CURVE('',#1013,#976,#433,.T.);
#1242=EDGE_CURVE('',#1014,#971,#434,.T.);
#1243=EDGE_CURVE('',#1014,#1015,#435,.T.);
#1244=EDGE_CURVE('',#1016,#1015,#436,.T.);
#1245=EDGE_CURVE('',#1017,#1016,#437,.T.);
#1246=EDGE_CURVE('',#1018,#1017,#438,.T.);
#1247=EDGE_CURVE('',#1019,#1018,#439,.T.);
#1248=EDGE_CURVE('',#1020,#1019,#440,.T.);
#1249=EDGE_CURVE('',#1021,#1020,#441,.T.);
#1250=EDGE_CURVE('',#972,#1021,#442,.T.);
#1251=EDGE_CURVE('',#970,#1022,#443,.T.);
#1252=EDGE_CURVE('',#1022,#1023,#444,.T.);
#1253=EDGE_CURVE('',#1023,#1024,#445,.T.);
#1254=EDGE_CURVE('',#1024,#1014,#446,.T.);
#1255=EDGE_CURVE('',#1025,#1012,#447,.T.);
#1256=EDGE_CURVE('',#1025,#981,#448,.T.);
#1257=EDGE_CURVE('',#1026,#978,#449,.T.);
#1258=EDGE_CURVE('',#1005,#1026,#450,.T.);
#1259=EDGE_CURVE('',#1021,#995,#451,.T.);
#1260=EDGE_CURVE('',#1026,#1013,#452,.T.);
#1261=EDGE_CURVE('',#1027,#975,#453,.T.);
#1262=EDGE_CURVE('',#993,#1028,#454,.T.);
#1263=EDGE_CURVE('',#1028,#1029,#455,.T.);
#1264=EDGE_CURVE('',#1029,#1027,#456,.T.);
#1265=EDGE_CURVE('',#1030,#983,#457,.T.);
#1266=EDGE_CURVE('',#1011,#1030,#458,.T.);
#1267=EDGE_CURVE('',#1007,#1010,#459,.T.);
#1268=EDGE_CURVE('',#1031,#989,#460,.T.);
#1269=EDGE_CURVE('',#1032,#1031,#461,.T.);
#1270=EDGE_CURVE('',#1032,#991,#462,.T.);
#1271=EDGE_CURVE('',#1022,#1001,#463,.T.);
#1272=EDGE_CURVE('',#1003,#1032,#464,.T.);
#1273=EDGE_CURVE('',#1030,#1025,#465,.T.);
#1274=EDGE_CURVE('',#1027,#1002,#466,.T.);
#1275=EDGE_CURVE('',#1031,#1004,#467,.T.);
#1276=EDGE_CURVE('',#1009,#1008,#468,.T.);
#1277=EDGE_CURVE('',#1017,#999,#469,.T.);
#1278=EDGE_CURVE('',#1018,#998,#470,.T.);
#1279=EDGE_CURVE('',#1028,#1033,#471,.T.);
#1280=EDGE_CURVE('',#994,#1033,#472,.T.);
#1281=EDGE_CURVE('',#1019,#997,#473,.T.);
#1282=EDGE_CURVE('',#1020,#996,#474,.T.);
#1283=EDGE_CURVE('',#994,#1015,#475,.T.);
#1284=EDGE_CURVE('',#1016,#1000,#476,.T.);
#1285=EDGE_CURVE('',#1029,#1034,#477,.T.);
#1286=EDGE_CURVE('',#1035,#1034,#478,.T.);
#1287=EDGE_CURVE('',#1035,#1036,#479,.T.);
#1288=EDGE_CURVE('',#1037,#1036,#480,.T.);
#1289=EDGE_CURVE('',#1037,#1038,#481,.T.);
#1290=EDGE_CURVE('',#1039,#1038,#482,.T.);
#1291=EDGE_CURVE('',#1039,#1040,#483,.T.);
#1292=EDGE_CURVE('',#1041,#1040,#484,.T.);
#1293=EDGE_CURVE('',#1041,#1042,#485,.T.);
#1294=EDGE_CURVE('',#1043,#1042,#486,.T.);
#1295=EDGE_CURVE('',#1043,#1044,#487,.T.);
#1296=EDGE_CURVE('',#1045,#1044,#488,.T.);
#1297=EDGE_CURVE('',#1023,#1045,#489,.T.);
#1298=EDGE_CURVE('',#1024,#1046,#490,.T.);
#1299=EDGE_CURVE('',#1046,#1015,#491,.T.);
#1300=EDGE_CURVE('',#1045,#1047,#492,.T.);
#1301=EDGE_CURVE('',#1047,#1048,#493,.T.);
#1302=EDGE_CURVE('',#1048,#1049,#494,.T.);
#1303=EDGE_CURVE('',#1049,#1050,#495,.T.);
#1304=EDGE_CURVE('',#1050,#1046,#496,.T.);
#1305=EDGE_CURVE('',#1051,#1033,#497,.T.);
#1306=EDGE_CURVE('',#1052,#1051,#498,.T.);
#1307=EDGE_CURVE('',#1053,#1052,#499,.T.);
#1308=EDGE_CURVE('',#1054,#1053,#500,.T.);
#1309=EDGE_CURVE('',#1034,#1054,#501,.T.);
#1310=EDGE_CURVE('',#1033,#1046,#502,.T.);
#1311=EDGE_CURVE('',#1055,#1039,#503,.T.);
#1312=EDGE_CURVE('',#1056,#1055,#504,.T.);
#1313=EDGE_CURVE('',#1056,#1040,#505,.T.);
#1314=EDGE_CURVE('',#1057,#1037,#506,.T.);
#1315=EDGE_CURVE('',#1058,#1057,#507,.T.);
#1316=EDGE_CURVE('',#1058,#1038,#508,.T.);
#1317=EDGE_CURVE('',#1059,#1054,#509,.T.);
#1318=EDGE_CURVE('',#1035,#1059,#510,.T.);
#1319=EDGE_CURVE('',#1060,#1061,#511,.T.);
#1320=EDGE_CURVE('',#1039,#1060,#512,.T.);
#1321=EDGE_CURVE('',#1038,#1061,#513,.T.);
#1322=EDGE_CURVE('',#1062,#1043,#514,.T.);
#1323=EDGE_CURVE('',#1063,#1062,#515,.T.);
#1324=EDGE_CURVE('',#1063,#1044,#516,.T.);
#1325=EDGE_CURVE('',#1064,#1041,#517,.T.);
#1326=EDGE_CURVE('',#1065,#1064,#518,.T.);
#1327=EDGE_CURVE('',#1065,#1042,#519,.T.);
#1328=EDGE_CURVE('',#1066,#1067,#520,.T.);
#1329=EDGE_CURVE('',#1043,#1066,#521,.T.);
#1330=EDGE_CURVE('',#1042,#1067,#522,.T.);
#1331=EDGE_CURVE('',#1068,#1035,#523,.T.);
#1332=EDGE_CURVE('',#1069,#1068,#524,.T.);
#1333=EDGE_CURVE('',#1069,#1036,#525,.T.);
#1334=EDGE_CURVE('',#1070,#1071,#526,.T.);
#1335=EDGE_CURVE('',#1041,#1070,#527,.T.);
#1336=EDGE_CURVE('',#1040,#1071,#528,.T.);
#1337=EDGE_CURVE('',#1044,#1072,#529,.T.);
#1338=EDGE_CURVE('',#1047,#1072,#530,.T.);
#1339=EDGE_CURVE('',#1073,#1074,#531,.T.);
#1340=EDGE_CURVE('',#1037,#1073,#532,.T.);
#1341=EDGE_CURVE('',#1036,#1074,#533,.T.);
#1342=EDGE_CURVE('',#1048,#1075,#534,.T.);
#1343=EDGE_CURVE('',#1076,#1075,#535,.T.);
#1344=EDGE_CURVE('',#1049,#1076,#536,.T.);
#1345=EDGE_CURVE('',#1050,#1051,#537,.T.);
#1346=EDGE_CURVE('',#1076,#1077,#538,.T.);
#1347=EDGE_CURVE('',#1077,#1078,#539,.T.);
#1348=EDGE_CURVE('',#1078,#1079,#540,.T.);
#1349=EDGE_CURVE('',#1079,#1080,#541,.T.);
#1350=EDGE_CURVE('',#1080,#1081,#542,.T.);
#1351=EDGE_CURVE('',#1081,#1082,#543,.T.);
#1352=EDGE_CURVE('',#1082,#1083,#544,.T.);
#1353=EDGE_CURVE('',#1083,#1084,#545,.T.);
#1354=EDGE_CURVE('',#1084,#1085,#546,.T.);
#1355=EDGE_CURVE('',#1085,#1052,#547,.T.);
#1356=EDGE_CURVE('',#1075,#1072,#548,.T.);
#1357=EDGE_CURVE('',#1085,#1086,#549,.T.);
#1358=EDGE_CURVE('',#1086,#1053,#550,.T.);
#1359=EDGE_CURVE('',#1059,#1086,#551,.T.);
#1360=EDGE_CURVE('',#1055,#1087,#552,.T.);
#1361=EDGE_CURVE('',#1087,#1088,#553,.T.);
#1362=EDGE_CURVE('',#1088,#1056,#554,.T.);
#1363=EDGE_CURVE('',#1060,#1089,#555,.T.);
#1364=EDGE_CURVE('',#1081,#1089,#556,.T.);
#1365=EDGE_CURVE('',#1087,#1081,#557,.T.);
#1366=EDGE_CURVE('',#1090,#1071,#558,.T.);
#1367=EDGE_CURVE('',#1088,#1080,#559,.T.);
#1368=EDGE_CURVE('',#1080,#1090,#560,.T.);
#1369=EDGE_CURVE('',#1091,#1061,#561,.T.);
#1370=EDGE_CURVE('',#1092,#1058,#562,.T.);
#1371=EDGE_CURVE('',#1092,#1082,#563,.T.);
#1372=EDGE_CURVE('',#1082,#1091,#564,.T.);
#1373=EDGE_CURVE('',#1057,#1093,#565,.T.);
#1374=EDGE_CURVE('',#1093,#1092,#566,.T.);
#1375=EDGE_CURVE('',#1073,#1094,#567,.T.);
#1376=EDGE_CURVE('',#1083,#1094,#568,.T.);
#1377=EDGE_CURVE('',#1093,#1083,#569,.T.);
#1378=EDGE_CURVE('',#1095,#1085,#570,.T.);
#1379=EDGE_CURVE('',#1068,#1095,#571,.T.);
#1380=EDGE_CURVE('',#1089,#1091,#572,.T.);
#1381=EDGE_CURVE('',#1066,#1096,#573,.T.);
#1382=EDGE_CURVE('',#1077,#1096,#574,.T.);
#1383=EDGE_CURVE('',#1097,#1077,#575,.T.);
#1384=EDGE_CURVE('',#1062,#1097,#576,.T.);
#1385=EDGE_CURVE('',#1097,#1098,#577,.T.);
#1386=EDGE_CURVE('',#1098,#1063,#578,.T.);
#1387=EDGE_CURVE('',#1098,#1076,#579,.T.);
#1388=EDGE_CURVE('',#1099,#1067,#580,.T.);
#1389=EDGE_CURVE('',#1100,#1065,#581,.T.);
#1390=EDGE_CURVE('',#1100,#1078,#582,.T.);
#1391=EDGE_CURVE('',#1078,#1099,#583,.T.);
#1392=EDGE_CURVE('',#1064,#1101,#584,.T.);
#1393=EDGE_CURVE('',#1101,#1100,#585,.T.);
#1394=EDGE_CURVE('',#1070,#1102,#586,.T.);
#1395=EDGE_CURVE('',#1079,#1102,#587,.T.);
#1396=EDGE_CURVE('',#1101,#1079,#588,.T.);
#1397=EDGE_CURVE('',#1096,#1099,#589,.T.);
#1398=EDGE_CURVE('',#1103,#1074,#590,.T.);
#1399=EDGE_CURVE('',#1104,#1069,#591,.T.);
#1400=EDGE_CURVE('',#1104,#1084,#592,.T.);
#1401=EDGE_CURVE('',#1084,#1103,#593,.T.);
#1402=EDGE_CURVE('',#1095,#1104,#594,.T.);
#1403=EDGE_CURVE('',#1102,#1090,#595,.T.);
#1404=EDGE_CURVE('',#1094,#1103,#596,.T.);
#1405=EDGE_CURVE('',#1105,#1106,#597,.T.);
#1406=EDGE_CURVE('',#1105,#1107,#598,.T.);
#1407=EDGE_CURVE('',#1108,#1107,#599,.T.);
#1408=EDGE_CURVE('',#1106,#1108,#600,.T.);
#1409=EDGE_CURVE('',#1109,#1108,#601,.T.);
#1410=EDGE_CURVE('',#1107,#1110,#602,.T.);
#1411=EDGE_CURVE('',#1110,#1109,#603,.T.);
#1412=EDGE_CURVE('',#1111,#1106,#604,.T.);
#1413=EDGE_CURVE('',#1111,#1112,#605,.T.);
#1414=EDGE_CURVE('',#1112,#1105,#606,.T.);
#1415=EDGE_CURVE('',#1113,#1111,#607,.T.);
#1416=EDGE_CURVE('',#1114,#1109,#608,.T.);
#1417=EDGE_CURVE('',#1113,#1114,#609,.T.);
#1418=EDGE_CURVE('',#1115,#1113,#610,.T.);
#1419=EDGE_CURVE('',#1116,#1114,#611,.T.);
#1420=EDGE_CURVE('',#1115,#1116,#612,.T.);
#1421=EDGE_CURVE('',#1112,#1115,#613,.T.);
#1422=EDGE_CURVE('',#1116,#1110,#614,.T.);
#1423=ORIENTED_EDGE('',*,*,#1117,.F.);
#1424=ORIENTED_EDGE('',*,*,#1118,.T.);
#1425=ORIENTED_EDGE('',*,*,#1119,.F.);
#1426=ORIENTED_EDGE('',*,*,#1120,.F.);
#1427=ORIENTED_EDGE('',*,*,#1121,.F.);
#1428=ORIENTED_EDGE('',*,*,#1120,.T.);
#1429=ORIENTED_EDGE('',*,*,#1122,.F.);
#1430=ORIENTED_EDGE('',*,*,#1123,.F.);
#1431=ORIENTED_EDGE('',*,*,#1124,.F.);
#1432=ORIENTED_EDGE('',*,*,#1123,.T.);
#1433=ORIENTED_EDGE('',*,*,#1125,.F.);
#1434=ORIENTED_EDGE('',*,*,#1126,.F.);
#1435=ORIENTED_EDGE('',*,*,#1127,.F.);
#1436=ORIENTED_EDGE('',*,*,#1126,.T.);
#1437=ORIENTED_EDGE('',*,*,#1128,.F.);
#1438=ORIENTED_EDGE('',*,*,#1118,.F.);
#1439=ORIENTED_EDGE('',*,*,#1128,.T.);
#1440=ORIENTED_EDGE('',*,*,#1125,.T.);
#1441=ORIENTED_EDGE('',*,*,#1122,.T.);
#1442=ORIENTED_EDGE('',*,*,#1119,.T.);
#1443=ORIENTED_EDGE('',*,*,#1129,.F.);
#1444=ORIENTED_EDGE('',*,*,#1130,.T.);
#1445=ORIENTED_EDGE('',*,*,#1131,.F.);
#1446=ORIENTED_EDGE('',*,*,#1132,.F.);
#1447=ORIENTED_EDGE('',*,*,#1133,.F.);
#1448=ORIENTED_EDGE('',*,*,#1132,.T.);
#1449=ORIENTED_EDGE('',*,*,#1134,.F.);
#1450=ORIENTED_EDGE('',*,*,#1135,.F.);
#1451=ORIENTED_EDGE('',*,*,#1136,.F.);
#1452=ORIENTED_EDGE('',*,*,#1135,.T.);
#1453=ORIENTED_EDGE('',*,*,#1137,.F.);
#1454=ORIENTED_EDGE('',*,*,#1138,.F.);
#1455=ORIENTED_EDGE('',*,*,#1139,.F.);
#1456=ORIENTED_EDGE('',*,*,#1138,.T.);
#1457=ORIENTED_EDGE('',*,*,#1140,.F.);
#1458=ORIENTED_EDGE('',*,*,#1130,.F.);
#1459=ORIENTED_EDGE('',*,*,#1140,.T.);
#1460=ORIENTED_EDGE('',*,*,#1137,.T.);
#1461=ORIENTED_EDGE('',*,*,#1134,.T.);
#1462=ORIENTED_EDGE('',*,*,#1131,.T.);
#1463=ORIENTED_EDGE('',*,*,#1141,.F.);
#1464=ORIENTED_EDGE('',*,*,#1142,.T.);
#1465=ORIENTED_EDGE('',*,*,#1143,.F.);
#1466=ORIENTED_EDGE('',*,*,#1144,.F.);
#1467=ORIENTED_EDGE('',*,*,#1145,.F.);
#1468=ORIENTED_EDGE('',*,*,#1144,.T.);
#1469=ORIENTED_EDGE('',*,*,#1146,.F.);
#1470=ORIENTED_EDGE('',*,*,#1147,.F.);
#1471=ORIENTED_EDGE('',*,*,#1148,.F.);
#1472=ORIENTED_EDGE('',*,*,#1147,.T.);
#1473=ORIENTED_EDGE('',*,*,#1149,.F.);
#1474=ORIENTED_EDGE('',*,*,#1150,.F.);
#1475=ORIENTED_EDGE('',*,*,#1151,.F.);
#1476=ORIENTED_EDGE('',*,*,#1150,.T.);
#1477=ORIENTED_EDGE('',*,*,#1152,.F.);
#1478=ORIENTED_EDGE('',*,*,#1142,.F.);
#1479=ORIENTED_EDGE('',*,*,#1152,.T.);
#1480=ORIENTED_EDGE('',*,*,#1149,.T.);
#1481=ORIENTED_EDGE('',*,*,#1146,.T.);
#1482=ORIENTED_EDGE('',*,*,#1143,.T.);
#1483=ORIENTED_EDGE('',*,*,#1153,.F.);
#1484=ORIENTED_EDGE('',*,*,#1154,.T.);
#1485=ORIENTED_EDGE('',*,*,#1155,.F.);
#1486=ORIENTED_EDGE('',*,*,#1156,.F.);
#1487=ORIENTED_EDGE('',*,*,#1157,.F.);
#1488=ORIENTED_EDGE('',*,*,#1156,.T.);
#1489=ORIENTED_EDGE('',*,*,#1158,.F.);
#1490=ORIENTED_EDGE('',*,*,#1159,.F.);
#1491=ORIENTED_EDGE('',*,*,#1160,.F.);
#1492=ORIENTED_EDGE('',*,*,#1159,.T.);
#1493=ORIENTED_EDGE('',*,*,#1161,.F.);
#1494=ORIENTED_EDGE('',*,*,#1162,.F.);
#1495=ORIENTED_EDGE('',*,*,#1163,.F.);
#1496=ORIENTED_EDGE('',*,*,#1162,.T.);
#1497=ORIENTED_EDGE('',*,*,#1164,.F.);
#1498=ORIENTED_EDGE('',*,*,#1154,.F.);
#1499=ORIENTED_EDGE('',*,*,#1164,.T.);
#1500=ORIENTED_EDGE('',*,*,#1161,.T.);
#1501=ORIENTED_EDGE('',*,*,#1158,.T.);
#1502=ORIENTED_EDGE('',*,*,#1155,.T.);
#1503=ORIENTED_EDGE('',*,*,#1165,.F.);
#1504=ORIENTED_EDGE('',*,*,#1166,.T.);
#1505=ORIENTED_EDGE('',*,*,#1167,.F.);
#1506=ORIENTED_EDGE('',*,*,#1168,.F.);
#1507=ORIENTED_EDGE('',*,*,#1169,.F.);
#1508=ORIENTED_EDGE('',*,*,#1168,.T.);
#1509=ORIENTED_EDGE('',*,*,#1170,.F.);
#1510=ORIENTED_EDGE('',*,*,#1171,.F.);
#1511=ORIENTED_EDGE('',*,*,#1172,.F.);
#1512=ORIENTED_EDGE('',*,*,#1171,.T.);
#1513=ORIENTED_EDGE('',*,*,#1173,.F.);
#1514=ORIENTED_EDGE('',*,*,#1174,.F.);
#1515=ORIENTED_EDGE('',*,*,#1175,.F.);
#1516=ORIENTED_EDGE('',*,*,#1174,.T.);
#1517=ORIENTED_EDGE('',*,*,#1176,.F.);
#1518=ORIENTED_EDGE('',*,*,#1166,.F.);
#1519=ORIENTED_EDGE('',*,*,#1176,.T.);
#1520=ORIENTED_EDGE('',*,*,#1173,.T.);
#1521=ORIENTED_EDGE('',*,*,#1170,.T.);
#1522=ORIENTED_EDGE('',*,*,#1167,.T.);
#1523=ORIENTED_EDGE('',*,*,#1177,.T.);
#1524=ORIENTED_EDGE('',*,*,#1178,.F.);
#1525=ORIENTED_EDGE('',*,*,#1179,.F.);
#1526=ORIENTED_EDGE('',*,*,#1180,.T.);
#1527=ORIENTED_EDGE('',*,*,#1181,.T.);
#1528=ORIENTED_EDGE('',*,*,#1180,.F.);
#1529=ORIENTED_EDGE('',*,*,#1182,.F.);
#1530=ORIENTED_EDGE('',*,*,#1183,.T.);
#1531=ORIENTED_EDGE('',*,*,#1182,.T.);
#1532=ORIENTED_EDGE('',*,*,#1179,.T.);
#1533=ORIENTED_EDGE('',*,*,#1184,.T.);
#1534=ORIENTED_EDGE('',*,*,#1185,.T.);
#1535=ORIENTED_EDGE('',*,*,#1186,.F.);
#1536=ORIENTED_EDGE('',*,*,#1187,.F.);
#1537=ORIENTED_EDGE('',*,*,#1188,.F.);
#1538=ORIENTED_EDGE('',*,*,#1189,.T.);
#1539=ORIENTED_EDGE('',*,*,#1190,.T.);
#1540=ORIENTED_EDGE('',*,*,#1191,.T.);
#1541=ORIENTED_EDGE('',*,*,#1192,.F.);
#1542=ORIENTED_EDGE('',*,*,#1193,.T.);
#1543=ORIENTED_EDGE('',*,*,#1194,.F.);
#1544=ORIENTED_EDGE('',*,*,#1195,.F.);
#1545=ORIENTED_EDGE('',*,*,#1196,.F.);
#1546=ORIENTED_EDGE('',*,*,#1197,.F.);
#1547=ORIENTED_EDGE('',*,*,#1177,.F.);
#1548=ORIENTED_EDGE('',*,*,#1181,.F.);
#1549=ORIENTED_EDGE('',*,*,#1198,.F.);
#1550=ORIENTED_EDGE('',*,*,#1199,.F.);
#1551=ORIENTED_EDGE('',*,*,#1200,.F.);
#1552=ORIENTED_EDGE('',*,*,#1201,.F.);
#1553=ORIENTED_EDGE('',*,*,#1202,.F.);
#1554=ORIENTED_EDGE('',*,*,#1203,.F.);
#1555=ORIENTED_EDGE('',*,*,#1204,.F.);
#1556=ORIENTED_EDGE('',*,*,#1205,.F.);
#1557=ORIENTED_EDGE('',*,*,#1206,.F.);
#1558=ORIENTED_EDGE('',*,*,#1207,.F.);
#1559=ORIENTED_EDGE('',*,*,#1208,.F.);
#1560=ORIENTED_EDGE('',*,*,#1209,.F.);
#1561=ORIENTED_EDGE('',*,*,#1210,.F.);
#1562=ORIENTED_EDGE('',*,*,#1211,.F.);
#1563=ORIENTED_EDGE('',*,*,#1199,.T.);
#1564=ORIENTED_EDGE('',*,*,#1212,.F.);
#1565=ORIENTED_EDGE('',*,*,#1184,.F.);
#1566=ORIENTED_EDGE('',*,*,#1178,.T.);
#1567=ORIENTED_EDGE('',*,*,#1198,.T.);
#1568=ORIENTED_EDGE('',*,*,#1183,.F.);
#1569=ORIENTED_EDGE('',*,*,#1185,.F.);
#1570=ORIENTED_EDGE('',*,*,#1212,.T.);
#1571=ORIENTED_EDGE('',*,*,#1213,.F.);
#1572=ORIENTED_EDGE('',*,*,#1214,.F.);
#1573=ORIENTED_EDGE('',*,*,#1191,.F.);
#1574=ORIENTED_EDGE('',*,*,#1215,.F.);
#1575=ORIENTED_EDGE('',*,*,#1216,.T.);
#1576=ORIENTED_EDGE('',*,*,#1217,.F.);
#1577=ORIENTED_EDGE('',*,*,#1218,.F.);
#1578=ORIENTED_EDGE('',*,*,#1219,.F.);
#1579=ORIENTED_EDGE('',*,*,#1220,.F.);
#1580=ORIENTED_EDGE('',*,*,#1221,.F.);
#1581=ORIENTED_EDGE('',*,*,#1222,.F.);
#1582=ORIENTED_EDGE('',*,*,#1223,.F.);
#1583=ORIENTED_EDGE('',*,*,#1186,.T.);
#1584=ORIENTED_EDGE('',*,*,#1224,.F.);
#1585=ORIENTED_EDGE('',*,*,#1211,.T.);
#1586=ORIENTED_EDGE('',*,*,#1225,.F.);
#1587=ORIENTED_EDGE('',*,*,#1226,.F.);
#1588=ORIENTED_EDGE('',*,*,#1227,.T.);
#1589=ORIENTED_EDGE('',*,*,#1197,.T.);
#1590=ORIENTED_EDGE('',*,*,#1228,.F.);
#1591=ORIENTED_EDGE('',*,*,#1229,.F.);
#1592=ORIENTED_EDGE('',*,*,#1230,.T.);
#1593=ORIENTED_EDGE('',*,*,#1206,.T.);
#1594=ORIENTED_EDGE('',*,*,#1231,.F.);
#1595=ORIENTED_EDGE('',*,*,#1232,.F.);
#1596=ORIENTED_EDGE('',*,*,#1233,.T.);
#1597=ORIENTED_EDGE('',*,*,#1204,.T.);
#1598=ORIENTED_EDGE('',*,*,#1234,.F.);
#1599=ORIENTED_EDGE('',*,*,#1235,.F.);
#1600=ORIENTED_EDGE('',*,*,#1236,.T.);
#1601=ORIENTED_EDGE('',*,*,#1203,.T.);
#1602=ORIENTED_EDGE('',*,*,#1237,.F.);
#1603=ORIENTED_EDGE('',*,*,#1238,.F.);
#1604=ORIENTED_EDGE('',*,*,#1239,.T.);
#1605=ORIENTED_EDGE('',*,*,#1194,.T.);
#1606=ORIENTED_EDGE('',*,*,#1230,.F.);
#1607=ORIENTED_EDGE('',*,*,#1240,.F.);
#1608=ORIENTED_EDGE('',*,*,#1241,.T.);
#1609=ORIENTED_EDGE('',*,*,#1189,.F.);
#1610=ORIENTED_EDGE('',*,*,#1242,.F.);
#1611=ORIENTED_EDGE('',*,*,#1243,.T.);
#1612=ORIENTED_EDGE('',*,*,#1244,.F.);
#1613=ORIENTED_EDGE('',*,*,#1245,.F.);
#1614=ORIENTED_EDGE('',*,*,#1246,.F.);
#1615=ORIENTED_EDGE('',*,*,#1247,.F.);
#1616=ORIENTED_EDGE('',*,*,#1248,.F.);
#1617=ORIENTED_EDGE('',*,*,#1249,.F.);
#1618=ORIENTED_EDGE('',*,*,#1250,.F.);
#1619=ORIENTED_EDGE('',*,*,#1188,.T.);
#1620=ORIENTED_EDGE('',*,*,#1251,.T.);
#1621=ORIENTED_EDGE('',*,*,#1252,.T.);
#1622=ORIENTED_EDGE('',*,*,#1253,.T.);
#1623=ORIENTED_EDGE('',*,*,#1254,.T.);
#1624=ORIENTED_EDGE('',*,*,#1242,.T.);
#1625=ORIENTED_EDGE('',*,*,#1200,.T.);
#1626=ORIENTED_EDGE('',*,*,#1239,.F.);
#1627=ORIENTED_EDGE('',*,*,#1255,.F.);
#1628=ORIENTED_EDGE('',*,*,#1256,.T.);
#1629=ORIENTED_EDGE('',*,*,#1196,.T.);
#1630=ORIENTED_EDGE('',*,*,#1257,.F.);
#1631=ORIENTED_EDGE('',*,*,#1258,.F.);
#1632=ORIENTED_EDGE('',*,*,#1228,.T.);
#1633=ORIENTED_EDGE('',*,*,#1259,.T.);
#1634=ORIENTED_EDGE('',*,*,#1215,.T.);
#1635=ORIENTED_EDGE('',*,*,#1190,.F.);
#1636=ORIENTED_EDGE('',*,*,#1250,.T.);
#1637=ORIENTED_EDGE('',*,*,#1195,.T.);
#1638=ORIENTED_EDGE('',*,*,#1241,.F.);
#1639=ORIENTED_EDGE('',*,*,#1260,.F.);
#1640=ORIENTED_EDGE('',*,*,#1257,.T.);
#1641=ORIENTED_EDGE('',*,*,#1261,.T.);
#1642=ORIENTED_EDGE('',*,*,#1192,.T.);
#1643=ORIENTED_EDGE('',*,*,#1214,.T.);
#1644=ORIENTED_EDGE('',*,*,#1262,.T.);
#1645=ORIENTED_EDGE('',*,*,#1263,.T.);
#1646=ORIENTED_EDGE('',*,*,#1264,.T.);
#1647=ORIENTED_EDGE('',*,*,#1202,.T.);
#1648=ORIENTED_EDGE('',*,*,#1265,.F.);
#1649=ORIENTED_EDGE('',*,*,#1266,.F.);
#1650=ORIENTED_EDGE('',*,*,#1237,.T.);
#1651=ORIENTED_EDGE('',*,*,#1205,.T.);
#1652=ORIENTED_EDGE('',*,*,#1236,.F.);
#1653=ORIENTED_EDGE('',*,*,#1267,.F.);
#1654=ORIENTED_EDGE('',*,*,#1231,.T.);
#1655=ORIENTED_EDGE('',*,*,#1209,.T.);
#1656=ORIENTED_EDGE('',*,*,#1268,.F.);
#1657=ORIENTED_EDGE('',*,*,#1269,.F.);
#1658=ORIENTED_EDGE('',*,*,#1270,.T.);
#1659=ORIENTED_EDGE('',*,*,#1223,.T.);
#1660=ORIENTED_EDGE('',*,*,#1271,.F.);
#1661=ORIENTED_EDGE('',*,*,#1251,.F.);
#1662=ORIENTED_EDGE('',*,*,#1187,.T.);
#1663=ORIENTED_EDGE('',*,*,#1210,.T.);
#1664=ORIENTED_EDGE('',*,*,#1270,.F.);
#1665=ORIENTED_EDGE('',*,*,#1272,.F.);
#1666=ORIENTED_EDGE('',*,*,#1225,.T.);
#1667=ORIENTED_EDGE('',*,*,#1201,.T.);
#1668=ORIENTED_EDGE('',*,*,#1256,.F.);
#1669=ORIENTED_EDGE('',*,*,#1273,.F.);
#1670=ORIENTED_EDGE('',*,*,#1265,.T.);
#1671=ORIENTED_EDGE('',*,*,#1224,.T.);
#1672=ORIENTED_EDGE('',*,*,#1193,.F.);
#1673=ORIENTED_EDGE('',*,*,#1261,.F.);
#1674=ORIENTED_EDGE('',*,*,#1274,.T.);
#1675=ORIENTED_EDGE('',*,*,#1208,.T.);
#1676=ORIENTED_EDGE('',*,*,#1227,.F.);
#1677=ORIENTED_EDGE('',*,*,#1275,.F.);
#1678=ORIENTED_EDGE('',*,*,#1268,.T.);
#1679=ORIENTED_EDGE('',*,*,#1207,.T.);
#1680=ORIENTED_EDGE('',*,*,#1233,.F.);
#1681=ORIENTED_EDGE('',*,*,#1276,.F.);
#1682=ORIENTED_EDGE('',*,*,#1234,.T.);
#1683=ORIENTED_EDGE('',*,*,#1277,.T.);
#1684=ORIENTED_EDGE('',*,*,#1219,.T.);
#1685=ORIENTED_EDGE('',*,*,#1278,.F.);
#1686=ORIENTED_EDGE('',*,*,#1246,.T.);
#1687=ORIENTED_EDGE('',*,*,#1279,.F.);
#1688=ORIENTED_EDGE('',*,*,#1262,.F.);
#1689=ORIENTED_EDGE('',*,*,#1213,.T.);
#1690=ORIENTED_EDGE('',*,*,#1280,.T.);
#1691=ORIENTED_EDGE('',*,*,#1278,.T.);
#1692=ORIENTED_EDGE('',*,*,#1218,.T.);
#1693=ORIENTED_EDGE('',*,*,#1281,.F.);
#1694=ORIENTED_EDGE('',*,*,#1247,.T.);
#1695=ORIENTED_EDGE('',*,*,#1282,.T.);
#1696=ORIENTED_EDGE('',*,*,#1216,.F.);
#1697=ORIENTED_EDGE('',*,*,#1259,.F.);
#1698=ORIENTED_EDGE('',*,*,#1249,.T.);
#1699=ORIENTED_EDGE('',*,*,#1244,.T.);
#1700=ORIENTED_EDGE('',*,*,#1283,.F.);
#1701=ORIENTED_EDGE('',*,*,#1221,.T.);
#1702=ORIENTED_EDGE('',*,*,#1284,.F.);
#1703=ORIENTED_EDGE('',*,*,#1281,.T.);
#1704=ORIENTED_EDGE('',*,*,#1217,.T.);
#1705=ORIENTED_EDGE('',*,*,#1282,.F.);
#1706=ORIENTED_EDGE('',*,*,#1248,.T.);
#1707=ORIENTED_EDGE('',*,*,#1284,.T.);
#1708=ORIENTED_EDGE('',*,*,#1220,.T.);
#1709=ORIENTED_EDGE('',*,*,#1277,.F.);
#1710=ORIENTED_EDGE('',*,*,#1245,.T.);
#1711=ORIENTED_EDGE('',*,*,#1252,.F.);
#1712=ORIENTED_EDGE('',*,*,#1271,.T.);
#1713=ORIENTED_EDGE('',*,*,#1222,.T.);
#1714=ORIENTED_EDGE('',*,*,#1274,.F.);
#1715=ORIENTED_EDGE('',*,*,#1264,.F.);
#1716=ORIENTED_EDGE('',*,*,#1285,.T.);
#1717=ORIENTED_EDGE('',*,*,#1286,.F.);
#1718=ORIENTED_EDGE('',*,*,#1287,.T.);
#1719=ORIENTED_EDGE('',*,*,#1288,.F.);
#1720=ORIENTED_EDGE('',*,*,#1289,.T.);
#1721=ORIENTED_EDGE('',*,*,#1290,.F.);
#1722=ORIENTED_EDGE('',*,*,#1291,.T.);
#1723=ORIENTED_EDGE('',*,*,#1292,.F.);
#1724=ORIENTED_EDGE('',*,*,#1293,.T.);
#1725=ORIENTED_EDGE('',*,*,#1294,.F.);
#1726=ORIENTED_EDGE('',*,*,#1295,.T.);
#1727=ORIENTED_EDGE('',*,*,#1296,.F.);
#1728=ORIENTED_EDGE('',*,*,#1297,.F.);
#1729=ORIENTED_EDGE('',*,*,#1269,.T.);
#1730=ORIENTED_EDGE('',*,*,#1275,.T.);
#1731=ORIENTED_EDGE('',*,*,#1226,.T.);
#1732=ORIENTED_EDGE('',*,*,#1272,.T.);
#1733=ORIENTED_EDGE('',*,*,#1260,.T.);
#1734=ORIENTED_EDGE('',*,*,#1240,.T.);
#1735=ORIENTED_EDGE('',*,*,#1229,.T.);
#1736=ORIENTED_EDGE('',*,*,#1258,.T.);
#1737=ORIENTED_EDGE('',*,*,#1267,.T.);
#1738=ORIENTED_EDGE('',*,*,#1235,.T.);
#1739=ORIENTED_EDGE('',*,*,#1276,.T.);
#1740=ORIENTED_EDGE('',*,*,#1232,.T.);
#1741=ORIENTED_EDGE('',*,*,#1273,.T.);
#1742=ORIENTED_EDGE('',*,*,#1255,.T.);
#1743=ORIENTED_EDGE('',*,*,#1238,.T.);
#1744=ORIENTED_EDGE('',*,*,#1266,.T.);
#1745=ORIENTED_EDGE('',*,*,#1243,.F.);
#1746=ORIENTED_EDGE('',*,*,#1254,.F.);
#1747=ORIENTED_EDGE('',*,*,#1298,.T.);
#1748=ORIENTED_EDGE('',*,*,#1299,.T.);
#1749=ORIENTED_EDGE('',*,*,#1253,.F.);
#1750=ORIENTED_EDGE('',*,*,#1297,.T.);
#1751=ORIENTED_EDGE('',*,*,#1300,.T.);
#1752=ORIENTED_EDGE('',*,*,#1301,.T.);
#1753=ORIENTED_EDGE('',*,*,#1302,.T.);
#1754=ORIENTED_EDGE('',*,*,#1303,.T.);
#1755=ORIENTED_EDGE('',*,*,#1304,.T.);
#1756=ORIENTED_EDGE('',*,*,#1298,.F.);
#1757=ORIENTED_EDGE('',*,*,#1285,.F.);
#1758=ORIENTED_EDGE('',*,*,#1263,.F.);
#1759=ORIENTED_EDGE('',*,*,#1279,.T.);
#1760=ORIENTED_EDGE('',*,*,#1305,.F.);
#1761=ORIENTED_EDGE('',*,*,#1306,.F.);
#1762=ORIENTED_EDGE('',*,*,#1307,.F.);
#1763=ORIENTED_EDGE('',*,*,#1308,.F.);
#1764=ORIENTED_EDGE('',*,*,#1309,.F.);
#1765=ORIENTED_EDGE('',*,*,#1310,.F.);
#1766=ORIENTED_EDGE('',*,*,#1280,.F.);
#1767=ORIENTED_EDGE('',*,*,#1283,.T.);
#1768=ORIENTED_EDGE('',*,*,#1299,.F.);
#1769=ORIENTED_EDGE('',*,*,#1311,.F.);
#1770=ORIENTED_EDGE('',*,*,#1312,.F.);
#1771=ORIENTED_EDGE('',*,*,#1313,.T.);
#1772=ORIENTED_EDGE('',*,*,#1291,.F.);
#1773=ORIENTED_EDGE('',*,*,#1314,.F.);
#1774=ORIENTED_EDGE('',*,*,#1315,.F.);
#1775=ORIENTED_EDGE('',*,*,#1316,.T.);
#1776=ORIENTED_EDGE('',*,*,#1289,.F.);
#1777=ORIENTED_EDGE('',*,*,#1317,.F.);
#1778=ORIENTED_EDGE('',*,*,#1318,.F.);
#1779=ORIENTED_EDGE('',*,*,#1286,.T.);
#1780=ORIENTED_EDGE('',*,*,#1309,.T.);
#1781=ORIENTED_EDGE('',*,*,#1319,.F.);
#1782=ORIENTED_EDGE('',*,*,#1320,.F.);
#1783=ORIENTED_EDGE('',*,*,#1290,.T.);
#1784=ORIENTED_EDGE('',*,*,#1321,.T.);
#1785=ORIENTED_EDGE('',*,*,#1322,.F.);
#1786=ORIENTED_EDGE('',*,*,#1323,.F.);
#1787=ORIENTED_EDGE('',*,*,#1324,.T.);
#1788=ORIENTED_EDGE('',*,*,#1295,.F.);
#1789=ORIENTED_EDGE('',*,*,#1325,.F.);
#1790=ORIENTED_EDGE('',*,*,#1326,.F.);
#1791=ORIENTED_EDGE('',*,*,#1327,.T.);
#1792=ORIENTED_EDGE('',*,*,#1293,.F.);
#1793=ORIENTED_EDGE('',*,*,#1328,.F.);
#1794=ORIENTED_EDGE('',*,*,#1329,.F.);
#1795=ORIENTED_EDGE('',*,*,#1294,.T.);
#1796=ORIENTED_EDGE('',*,*,#1330,.T.);
#1797=ORIENTED_EDGE('',*,*,#1331,.F.);
#1798=ORIENTED_EDGE('',*,*,#1332,.F.);
#1799=ORIENTED_EDGE('',*,*,#1333,.T.);
#1800=ORIENTED_EDGE('',*,*,#1287,.F.);
#1801=ORIENTED_EDGE('',*,*,#1334,.F.);
#1802=ORIENTED_EDGE('',*,*,#1335,.F.);
#1803=ORIENTED_EDGE('',*,*,#1292,.T.);
#1804=ORIENTED_EDGE('',*,*,#1336,.T.);
#1805=ORIENTED_EDGE('',*,*,#1296,.T.);
#1806=ORIENTED_EDGE('',*,*,#1337,.T.);
#1807=ORIENTED_EDGE('',*,*,#1338,.F.);
#1808=ORIENTED_EDGE('',*,*,#1300,.F.);
#1809=ORIENTED_EDGE('',*,*,#1339,.F.);
#1810=ORIENTED_EDGE('',*,*,#1340,.F.);
#1811=ORIENTED_EDGE('',*,*,#1288,.T.);
#1812=ORIENTED_EDGE('',*,*,#1341,.T.);
#1813=ORIENTED_EDGE('',*,*,#1342,.T.);
#1814=ORIENTED_EDGE('',*,*,#1343,.F.);
#1815=ORIENTED_EDGE('',*,*,#1344,.F.);
#1816=ORIENTED_EDGE('',*,*,#1302,.F.);
#1817=ORIENTED_EDGE('',*,*,#1305,.T.);
#1818=ORIENTED_EDGE('',*,*,#1310,.T.);
#1819=ORIENTED_EDGE('',*,*,#1304,.F.);
#1820=ORIENTED_EDGE('',*,*,#1345,.T.);
#1821=ORIENTED_EDGE('',*,*,#1306,.T.);
#1822=ORIENTED_EDGE('',*,*,#1345,.F.);
#1823=ORIENTED_EDGE('',*,*,#1303,.F.);
#1824=ORIENTED_EDGE('',*,*,#1344,.T.);
#1825=ORIENTED_EDGE('',*,*,#1346,.T.);
#1826=ORIENTED_EDGE('',*,*,#1347,.T.);
#1827=ORIENTED_EDGE('',*,*,#1348,.T.);
#1828=ORIENTED_EDGE('',*,*,#1349,.T.);
#1829=ORIENTED_EDGE('',*,*,#1350,.T.);
#1830=ORIENTED_EDGE('',*,*,#1351,.T.);
#1831=ORIENTED_EDGE('',*,*,#1352,.T.);
#1832=ORIENTED_EDGE('',*,*,#1353,.T.);
#1833=ORIENTED_EDGE('',*,*,#1354,.T.);
#1834=ORIENTED_EDGE('',*,*,#1355,.T.);
#1835=ORIENTED_EDGE('',*,*,#1338,.T.);
#1836=ORIENTED_EDGE('',*,*,#1356,.F.);
#1837=ORIENTED_EDGE('',*,*,#1342,.F.);
#1838=ORIENTED_EDGE('',*,*,#1301,.F.);
#1839=ORIENTED_EDGE('',*,*,#1355,.F.);
#1840=ORIENTED_EDGE('',*,*,#1357,.T.);
#1841=ORIENTED_EDGE('',*,*,#1358,.T.);
#1842=ORIENTED_EDGE('',*,*,#1307,.T.);
#1843=ORIENTED_EDGE('',*,*,#1358,.F.);
#1844=ORIENTED_EDGE('',*,*,#1359,.F.);
#1845=ORIENTED_EDGE('',*,*,#1317,.T.);
#1846=ORIENTED_EDGE('',*,*,#1308,.T.);
#1847=ORIENTED_EDGE('',*,*,#1360,.T.);
#1848=ORIENTED_EDGE('',*,*,#1361,.T.);
#1849=ORIENTED_EDGE('',*,*,#1362,.T.);
#1850=ORIENTED_EDGE('',*,*,#1312,.T.);
#1851=ORIENTED_EDGE('',*,*,#1117,.T.);
#1852=ORIENTED_EDGE('',*,*,#1121,.T.);
#1853=ORIENTED_EDGE('',*,*,#1124,.T.);
#1854=ORIENTED_EDGE('',*,*,#1127,.T.);
#1855=ORIENTED_EDGE('',*,*,#1363,.T.);
#1856=ORIENTED_EDGE('',*,*,#1364,.F.);
#1857=ORIENTED_EDGE('',*,*,#1365,.F.);
#1858=ORIENTED_EDGE('',*,*,#1360,.F.);
#1859=ORIENTED_EDGE('',*,*,#1311,.T.);
#1860=ORIENTED_EDGE('',*,*,#1320,.T.);
#1861=ORIENTED_EDGE('',*,*,#1366,.T.);
#1862=ORIENTED_EDGE('',*,*,#1336,.F.);
#1863=ORIENTED_EDGE('',*,*,#1313,.F.);
#1864=ORIENTED_EDGE('',*,*,#1362,.F.);
#1865=ORIENTED_EDGE('',*,*,#1367,.T.);
#1866=ORIENTED_EDGE('',*,*,#1368,.T.);
#1867=ORIENTED_EDGE('',*,*,#1369,.T.);
#1868=ORIENTED_EDGE('',*,*,#1321,.F.);
#1869=ORIENTED_EDGE('',*,*,#1316,.F.);
#1870=ORIENTED_EDGE('',*,*,#1370,.F.);
#1871=ORIENTED_EDGE('',*,*,#1371,.T.);
#1872=ORIENTED_EDGE('',*,*,#1372,.T.);
#1873=ORIENTED_EDGE('',*,*,#1373,.T.);
#1874=ORIENTED_EDGE('',*,*,#1374,.T.);
#1875=ORIENTED_EDGE('',*,*,#1370,.T.);
#1876=ORIENTED_EDGE('',*,*,#1315,.T.);
#1877=ORIENTED_EDGE('',*,*,#1129,.T.);
#1878=ORIENTED_EDGE('',*,*,#1133,.T.);
#1879=ORIENTED_EDGE('',*,*,#1136,.T.);
#1880=ORIENTED_EDGE('',*,*,#1139,.T.);
#1881=ORIENTED_EDGE('',*,*,#1375,.T.);
#1882=ORIENTED_EDGE('',*,*,#1376,.F.);
#1883=ORIENTED_EDGE('',*,*,#1377,.F.);
#1884=ORIENTED_EDGE('',*,*,#1373,.F.);
#1885=ORIENTED_EDGE('',*,*,#1314,.T.);
#1886=ORIENTED_EDGE('',*,*,#1340,.T.);
#1887=ORIENTED_EDGE('',*,*,#1359,.T.);
#1888=ORIENTED_EDGE('',*,*,#1357,.F.);
#1889=ORIENTED_EDGE('',*,*,#1378,.F.);
#1890=ORIENTED_EDGE('',*,*,#1379,.F.);
#1891=ORIENTED_EDGE('',*,*,#1331,.T.);
#1892=ORIENTED_EDGE('',*,*,#1318,.T.);
#1893=ORIENTED_EDGE('',*,*,#1380,.F.);
#1894=ORIENTED_EDGE('',*,*,#1363,.F.);
#1895=ORIENTED_EDGE('',*,*,#1319,.T.);
#1896=ORIENTED_EDGE('',*,*,#1369,.F.);
#1897=ORIENTED_EDGE('',*,*,#1381,.T.);
#1898=ORIENTED_EDGE('',*,*,#1382,.F.);
#1899=ORIENTED_EDGE('',*,*,#1383,.F.);
#1900=ORIENTED_EDGE('',*,*,#1384,.F.);
#1901=ORIENTED_EDGE('',*,*,#1322,.T.);
#1902=ORIENTED_EDGE('',*,*,#1329,.T.);
#1903=ORIENTED_EDGE('',*,*,#1384,.T.);
#1904=ORIENTED_EDGE('',*,*,#1385,.T.);
#1905=ORIENTED_EDGE('',*,*,#1386,.T.);
#1906=ORIENTED_EDGE('',*,*,#1323,.T.);
#1907=ORIENTED_EDGE('',*,*,#1165,.T.);
#1908=ORIENTED_EDGE('',*,*,#1169,.T.);
#1909=ORIENTED_EDGE('',*,*,#1172,.T.);
#1910=ORIENTED_EDGE('',*,*,#1175,.T.);
#1911=ORIENTED_EDGE('',*,*,#1356,.T.);
#1912=ORIENTED_EDGE('',*,*,#1337,.F.);
#1913=ORIENTED_EDGE('',*,*,#1324,.F.);
#1914=ORIENTED_EDGE('',*,*,#1386,.F.);
#1915=ORIENTED_EDGE('',*,*,#1387,.T.);
#1916=ORIENTED_EDGE('',*,*,#1343,.T.);
#1917=ORIENTED_EDGE('',*,*,#1388,.T.);
#1918=ORIENTED_EDGE('',*,*,#1330,.F.);
#1919=ORIENTED_EDGE('',*,*,#1327,.F.);
#1920=ORIENTED_EDGE('',*,*,#1389,.F.);
#1921=ORIENTED_EDGE('',*,*,#1390,.T.);
#1922=ORIENTED_EDGE('',*,*,#1391,.T.);
#1923=ORIENTED_EDGE('',*,*,#1392,.T.);
#1924=ORIENTED_EDGE('',*,*,#1393,.T.);
#1925=ORIENTED_EDGE('',*,*,#1389,.T.);
#1926=ORIENTED_EDGE('',*,*,#1326,.T.);
#1927=ORIENTED_EDGE('',*,*,#1141,.T.);
#1928=ORIENTED_EDGE('',*,*,#1145,.T.);
#1929=ORIENTED_EDGE('',*,*,#1148,.T.);
#1930=ORIENTED_EDGE('',*,*,#1151,.T.);
#1931=ORIENTED_EDGE('',*,*,#1394,.T.);
#1932=ORIENTED_EDGE('',*,*,#1395,.F.);
#1933=ORIENTED_EDGE('',*,*,#1396,.F.);
#1934=ORIENTED_EDGE('',*,*,#1392,.F.);
#1935=ORIENTED_EDGE('',*,*,#1325,.T.);
#1936=ORIENTED_EDGE('',*,*,#1335,.T.);
#1937=ORIENTED_EDGE('',*,*,#1397,.F.);
#1938=ORIENTED_EDGE('',*,*,#1381,.F.);
#1939=ORIENTED_EDGE('',*,*,#1328,.T.);
#1940=ORIENTED_EDGE('',*,*,#1388,.F.);
#1941=ORIENTED_EDGE('',*,*,#1398,.T.);
#1942=ORIENTED_EDGE('',*,*,#1341,.F.);
#1943=ORIENTED_EDGE('',*,*,#1333,.F.);
#1944=ORIENTED_EDGE('',*,*,#1399,.F.);
#1945=ORIENTED_EDGE('',*,*,#1400,.T.);
#1946=ORIENTED_EDGE('',*,*,#1401,.T.);
#1947=ORIENTED_EDGE('',*,*,#1379,.T.);
#1948=ORIENTED_EDGE('',*,*,#1402,.T.);
#1949=ORIENTED_EDGE('',*,*,#1399,.T.);
#1950=ORIENTED_EDGE('',*,*,#1332,.T.);
#1951=ORIENTED_EDGE('',*,*,#1153,.T.);
#1952=ORIENTED_EDGE('',*,*,#1157,.T.);
#1953=ORIENTED_EDGE('',*,*,#1160,.T.);
#1954=ORIENTED_EDGE('',*,*,#1163,.T.);
#1955=ORIENTED_EDGE('',*,*,#1403,.F.);
#1956=ORIENTED_EDGE('',*,*,#1394,.F.);
#1957=ORIENTED_EDGE('',*,*,#1334,.T.);
#1958=ORIENTED_EDGE('',*,*,#1366,.F.);
#1959=ORIENTED_EDGE('',*,*,#1404,.F.);
#1960=ORIENTED_EDGE('',*,*,#1375,.F.);
#1961=ORIENTED_EDGE('',*,*,#1339,.T.);
#1962=ORIENTED_EDGE('',*,*,#1398,.F.);
#1963=ORIENTED_EDGE('',*,*,#1387,.F.);
#1964=ORIENTED_EDGE('',*,*,#1385,.F.);
#1965=ORIENTED_EDGE('',*,*,#1383,.T.);
#1966=ORIENTED_EDGE('',*,*,#1346,.F.);
#1967=ORIENTED_EDGE('',*,*,#1351,.F.);
#1968=ORIENTED_EDGE('',*,*,#1364,.T.);
#1969=ORIENTED_EDGE('',*,*,#1380,.T.);
#1970=ORIENTED_EDGE('',*,*,#1372,.F.);
#1971=ORIENTED_EDGE('',*,*,#1371,.F.);
#1972=ORIENTED_EDGE('',*,*,#1374,.F.);
#1973=ORIENTED_EDGE('',*,*,#1377,.T.);
#1974=ORIENTED_EDGE('',*,*,#1352,.F.);
#1975=ORIENTED_EDGE('',*,*,#1353,.F.);
#1976=ORIENTED_EDGE('',*,*,#1376,.T.);
#1977=ORIENTED_EDGE('',*,*,#1404,.T.);
#1978=ORIENTED_EDGE('',*,*,#1401,.F.);
#1979=ORIENTED_EDGE('',*,*,#1349,.F.);
#1980=ORIENTED_EDGE('',*,*,#1395,.T.);
#1981=ORIENTED_EDGE('',*,*,#1403,.T.);
#1982=ORIENTED_EDGE('',*,*,#1368,.F.);
#1983=ORIENTED_EDGE('',*,*,#1367,.F.);
#1984=ORIENTED_EDGE('',*,*,#1361,.F.);
#1985=ORIENTED_EDGE('',*,*,#1365,.T.);
#1986=ORIENTED_EDGE('',*,*,#1350,.F.);
#1987=ORIENTED_EDGE('',*,*,#1400,.F.);
#1988=ORIENTED_EDGE('',*,*,#1402,.F.);
#1989=ORIENTED_EDGE('',*,*,#1378,.T.);
#1990=ORIENTED_EDGE('',*,*,#1354,.F.);
#1991=ORIENTED_EDGE('',*,*,#1390,.F.);
#1992=ORIENTED_EDGE('',*,*,#1393,.F.);
#1993=ORIENTED_EDGE('',*,*,#1396,.T.);
#1994=ORIENTED_EDGE('',*,*,#1348,.F.);
#1995=ORIENTED_EDGE('',*,*,#1347,.F.);
#1996=ORIENTED_EDGE('',*,*,#1382,.T.);
#1997=ORIENTED_EDGE('',*,*,#1397,.T.);
#1998=ORIENTED_EDGE('',*,*,#1391,.F.);
#1999=ORIENTED_EDGE('',*,*,#1405,.F.);
#2000=ORIENTED_EDGE('',*,*,#1406,.T.);
#2001=ORIENTED_EDGE('',*,*,#1407,.F.);
#2002=ORIENTED_EDGE('',*,*,#1408,.F.);
#2003=ORIENTED_EDGE('',*,*,#1409,.T.);
#2004=ORIENTED_EDGE('',*,*,#1407,.T.);
#2005=ORIENTED_EDGE('',*,*,#1410,.T.);
#2006=ORIENTED_EDGE('',*,*,#1411,.T.);
#2007=ORIENTED_EDGE('',*,*,#1405,.T.);
#2008=ORIENTED_EDGE('',*,*,#1412,.F.);
#2009=ORIENTED_EDGE('',*,*,#1413,.T.);
#2010=ORIENTED_EDGE('',*,*,#1414,.T.);
#2011=ORIENTED_EDGE('',*,*,#1415,.T.);
#2012=ORIENTED_EDGE('',*,*,#1412,.T.);
#2013=ORIENTED_EDGE('',*,*,#1408,.T.);
#2014=ORIENTED_EDGE('',*,*,#1409,.F.);
#2015=ORIENTED_EDGE('',*,*,#1416,.F.);
#2016=ORIENTED_EDGE('',*,*,#1417,.F.);
#2017=ORIENTED_EDGE('',*,*,#1418,.T.);
#2018=ORIENTED_EDGE('',*,*,#1417,.T.);
#2019=ORIENTED_EDGE('',*,*,#1419,.F.);
#2020=ORIENTED_EDGE('',*,*,#1420,.F.);
#2021=ORIENTED_EDGE('',*,*,#1421,.T.);
#2022=ORIENTED_EDGE('',*,*,#1420,.T.);
#2023=ORIENTED_EDGE('',*,*,#1422,.T.);
#2024=ORIENTED_EDGE('',*,*,#1410,.F.);
#2025=ORIENTED_EDGE('',*,*,#1406,.F.);
#2026=ORIENTED_EDGE('',*,*,#1414,.F.);
#2027=ORIENTED_EDGE('',*,*,#1422,.F.);
#2028=ORIENTED_EDGE('',*,*,#1419,.T.);
#2029=ORIENTED_EDGE('',*,*,#1416,.T.);
#2030=ORIENTED_EDGE('',*,*,#1411,.F.);
#2031=ORIENTED_EDGE('',*,*,#1421,.F.);
#2032=ORIENTED_EDGE('',*,*,#1413,.F.);
#2033=ORIENTED_EDGE('',*,*,#1415,.F.);
#2034=ORIENTED_EDGE('',*,*,#1418,.F.);
#2035=PLANE('',#2476);
#2036=PLANE('',#2477);
#2037=PLANE('',#2478);
#2038=PLANE('',#2479);
#2039=PLANE('',#2480);
#2040=PLANE('',#2481);
#2041=PLANE('',#2482);
#2042=PLANE('',#2483);
#2043=PLANE('',#2484);
#2044=PLANE('',#2485);
#2045=PLANE('',#2486);
#2046=PLANE('',#2487);
#2047=PLANE('',#2488);
#2048=PLANE('',#2489);
#2049=PLANE('',#2490);
#2050=PLANE('',#2491);
#2051=PLANE('',#2492);
#2052=PLANE('',#2493);
#2053=PLANE('',#2494);
#2054=PLANE('',#2495);
#2055=PLANE('',#2496);
#2056=PLANE('',#2497);
#2057=PLANE('',#2498);
#2058=PLANE('',#2499);
#2059=PLANE('',#2500);
#2060=PLANE('',#2501);
#2061=PLANE('',#2502);
#2062=PLANE('',#2503);
#2063=PLANE('',#2504);
#2064=PLANE('',#2505);
#2065=PLANE('',#2506);
#2066=PLANE('',#2507);
#2067=PLANE('',#2508);
#2068=PLANE('',#2509);
#2069=PLANE('',#2510);
#2070=PLANE('',#2511);
#2071=PLANE('',#2512);
#2072=PLANE('',#2513);
#2073=PLANE('',#2514);
#2074=PLANE('',#2515);
#2075=PLANE('',#2516);
#2076=PLANE('',#2517);
#2077=PLANE('',#2518);
#2078=PLANE('',#2519);
#2079=PLANE('',#2520);
#2080=PLANE('',#2521);
#2081=PLANE('',#2522);
#2082=PLANE('',#2523);
#2083=PLANE('',#2524);
#2084=PLANE('',#2525);
#2085=PLANE('',#2526);
#2086=PLANE('',#2527);
#2087=PLANE('',#2528);
#2088=PLANE('',#2529);
#2089=PLANE('',#2530);
#2090=PLANE('',#2531);
#2091=PLANE('',#2532);
#2092=PLANE('',#2533);
#2093=PLANE('',#2534);
#2094=PLANE('',#2535);
#2095=PLANE('',#2536);
#2096=PLANE('',#2537);
#2097=PLANE('',#2538);
#2098=PLANE('',#2539);
#2099=PLANE('',#2540);
#2100=PLANE('',#2541);
#2101=PLANE('',#2542);
#2102=PLANE('',#2543);
#2103=PLANE('',#2544);
#2104=PLANE('',#2545);
#2105=PLANE('',#2546);
#2106=PLANE('',#2547);
#2107=PLANE('',#2548);
#2108=PLANE('',#2549);
#2109=PLANE('',#2550);
#2110=PLANE('',#2551);
#2111=PLANE('',#2552);
#2112=PLANE('',#2553);
#2113=PLANE('',#2554);
#2114=PLANE('',#2555);
#2115=PLANE('',#2556);
#2116=PLANE('',#2557);
#2117=PLANE('',#2558);
#2118=PLANE('',#2559);
#2119=PLANE('',#2560);
#2120=PLANE('',#2561);
#2121=PLANE('',#2562);
#2122=PLANE('',#2563);
#2123=PLANE('',#2564);
#2124=PLANE('',#2565);
#2125=PLANE('',#2566);
#2126=PLANE('',#2567);
#2127=PLANE('',#2568);
#2128=PLANE('',#2569);
#2129=PLANE('',#2570);
#2130=PLANE('',#2571);
#2131=PLANE('',#2572);
#2132=PLANE('',#2573);
#2133=PLANE('',#2574);
#2134=PLANE('',#2575);
#2135=PLANE('',#2576);
#2136=PLANE('',#2577);
#2137=PLANE('',#2578);
#2138=PLANE('',#2579);
#2139=PLANE('',#2580);
#2140=PLANE('',#2581);
#2141=PLANE('',#2582);
#2142=PLANE('',#2583);
#2143=PLANE('',#2584);
#2144=PLANE('',#2585);
#2145=PLANE('',#2586);
#2146=PLANE('',#2587);
#2147=PLANE('',#2588);
#2148=PLANE('',#2589);
#2149=PLANE('',#2590);
#2150=PLANE('',#2591);
#2151=PLANE('',#2593);
#2152=PLANE('',#2594);
#2153=PLANE('',#2595);
#2154=PLANE('',#2596);
#2155=PLANE('',#2597);
#2156=PLANE('',#2598);
#2157=PLANE('',#2599);
#2158=PLANE('',#2600);
#2159=STYLED_ITEM('',(#2431),#2277);
#2160=STYLED_ITEM('',(#2431),#2278);
#2161=STYLED_ITEM('',(#2431),#2279);
#2162=STYLED_ITEM('',(#2431),#2280);
#2163=STYLED_ITEM('',(#2431),#2281);
#2164=STYLED_ITEM('',(#2431),#2282);
#2165=STYLED_ITEM('',(#2431),#2283);
#2166=STYLED_ITEM('',(#2431),#2284);
#2167=STYLED_ITEM('',(#2431),#2285);
#2168=STYLED_ITEM('',(#2431),#2286);
#2169=STYLED_ITEM('',(#2431),#2287);
#2170=STYLED_ITEM('',(#2431),#2288);
#2171=STYLED_ITEM('',(#2431),#2289);
#2172=STYLED_ITEM('',(#2431),#2290);
#2173=STYLED_ITEM('',(#2431),#2291);
#2174=STYLED_ITEM('',(#2431),#2292);
#2175=STYLED_ITEM('',(#2431),#2293);
#2176=STYLED_ITEM('',(#2431),#2294);
#2177=STYLED_ITEM('',(#2431),#2295);
#2178=STYLED_ITEM('',(#2431),#2296);
#2179=STYLED_ITEM('',(#2431),#2297);
#2180=STYLED_ITEM('',(#2431),#2298);
#2181=STYLED_ITEM('',(#2431),#2299);
#2182=STYLED_ITEM('',(#2431),#2300);
#2183=STYLED_ITEM('',(#2431),#2301);
#2184=STYLED_ITEM('',(#2431),#2302);
#2185=STYLED_ITEM('',(#2431),#2303);
#2186=STYLED_ITEM('',(#2431),#2304);
#2187=STYLED_ITEM('',(#2431),#2305);
#2188=STYLED_ITEM('',(#2431),#2306);
#2189=STYLED_ITEM('',(#2431),#2307);
#2190=STYLED_ITEM('',(#2431),#2308);
#2191=STYLED_ITEM('',(#2431),#2309);
#2192=STYLED_ITEM('',(#2431),#2310);
#2193=STYLED_ITEM('',(#2431),#2311);
#2194=STYLED_ITEM('',(#2431),#2312);
#2195=STYLED_ITEM('',(#2431),#2313);
#2196=STYLED_ITEM('',(#2431),#2314);
#2197=STYLED_ITEM('',(#2431),#2315);
#2198=STYLED_ITEM('',(#2431),#2316);
#2199=STYLED_ITEM('',(#2431),#2317);
#2200=STYLED_ITEM('',(#2431),#2318);
#2201=STYLED_ITEM('',(#2431),#2319);
#2202=STYLED_ITEM('',(#2431),#2320);
#2203=STYLED_ITEM('',(#2431),#2321);
#2204=STYLED_ITEM('',(#2431),#2322);
#2205=STYLED_ITEM('',(#2431),#2323);
#2206=STYLED_ITEM('',(#2431),#2324);
#2207=STYLED_ITEM('',(#2431),#2325);
#2208=STYLED_ITEM('',(#2431),#2326);
#2209=STYLED_ITEM('',(#2431),#2327);
#2210=STYLED_ITEM('',(#2431),#2328);
#2211=STYLED_ITEM('',(#2431),#2329);
#2212=STYLED_ITEM('',(#2431),#2330);
#2213=STYLED_ITEM('',(#2431),#2331);
#2214=STYLED_ITEM('',(#2431),#2332);
#2215=STYLED_ITEM('',(#2431),#2333);
#2216=STYLED_ITEM('',(#2431),#2334);
#2217=STYLED_ITEM('',(#2431),#2335);
#2218=STYLED_ITEM('',(#2431),#2336);
#2219=STYLED_ITEM('',(#2431),#2337);
#2220=STYLED_ITEM('',(#2431),#2338);
#2221=STYLED_ITEM('',(#2431),#2339);
#2222=STYLED_ITEM('',(#2431),#2340);
#2223=STYLED_ITEM('',(#2431),#2341);
#2224=STYLED_ITEM('',(#2431),#2342);
#2225=STYLED_ITEM('',(#2431),#2343);
#2226=STYLED_ITEM('',(#2431),#2344);
#2227=STYLED_ITEM('',(#2431),#2345);
#2228=STYLED_ITEM('',(#2431),#2346);
#2229=STYLED_ITEM('',(#2431),#2347);
#2230=STYLED_ITEM('',(#2431),#2348);
#2231=STYLED_ITEM('',(#2431),#2349);
#2232=STYLED_ITEM('',(#2431),#2350);
#2233=STYLED_ITEM('',(#2431),#2351);
#2234=STYLED_ITEM('',(#2431),#2352);
#2235=STYLED_ITEM('',(#2431),#2353);
#2236=STYLED_ITEM('',(#2431),#2354);
#2237=STYLED_ITEM('',(#2431),#2355);
#2238=STYLED_ITEM('',(#2431),#2356);
#2239=STYLED_ITEM('',(#2431),#2357);
#2240=STYLED_ITEM('',(#2431),#2358);
#2241=STYLED_ITEM('',(#2431),#2359);
#2242=STYLED_ITEM('',(#2431),#2360);
#2243=STYLED_ITEM('',(#2431),#2361);
#2244=STYLED_ITEM('',(#2431),#2362);
#2245=STYLED_ITEM('',(#2431),#2363);
#2246=STYLED_ITEM('',(#2431),#2364);
#2247=STYLED_ITEM('',(#2431),#2365);
#2248=STYLED_ITEM('',(#2431),#2366);
#2249=STYLED_ITEM('',(#2431),#2367);
#2250=STYLED_ITEM('',(#2431),#2368);
#2251=STYLED_ITEM('',(#2431),#2369);
#2252=STYLED_ITEM('',(#2431),#2370);
#2253=STYLED_ITEM('',(#2431),#2371);
#2254=STYLED_ITEM('',(#2431),#2372);
#2255=STYLED_ITEM('',(#2431),#2373);
#2256=STYLED_ITEM('',(#2431),#2374);
#2257=STYLED_ITEM('',(#2431),#2375);
#2258=STYLED_ITEM('',(#2431),#2376);
#2259=STYLED_ITEM('',(#2431),#2377);
#2260=STYLED_ITEM('',(#2431),#2378);
#2261=STYLED_ITEM('',(#2431),#2379);
#2262=STYLED_ITEM('',(#2431),#2380);
#2263=STYLED_ITEM('',(#2431),#2381);
#2264=STYLED_ITEM('',(#2431),#2382);
#2265=STYLED_ITEM('',(#2431),#2383);
#2266=STYLED_ITEM('',(#2431),#2384);
#2267=STYLED_ITEM('',(#2431),#2385);
#2268=STYLED_ITEM('',(#2431),#2386);
#2269=STYLED_ITEM('',(#2431),#2387);
#2270=STYLED_ITEM('',(#2431),#2388);
#2271=STYLED_ITEM('',(#2431),#2389);
#2272=STYLED_ITEM('',(#2431),#2390);
#2273=STYLED_ITEM('',(#2431),#2391);
#2274=STYLED_ITEM('',(#2431),#2392);
#2275=STYLED_ITEM('',(#2430),#39);
#2276=STYLED_ITEM('',(#2431),#40);
#2277=ADVANCED_FACE('',(#51),#2035,.T.);
#2278=ADVANCED_FACE('',(#52),#2036,.T.);
#2279=ADVANCED_FACE('',(#53),#2037,.T.);
#2280=ADVANCED_FACE('',(#54),#2038,.T.);
#2281=ADVANCED_FACE('',(#55),#2039,.T.);
#2282=ADVANCED_FACE('',(#56),#2040,.T.);
#2283=ADVANCED_FACE('',(#57),#2041,.T.);
#2284=ADVANCED_FACE('',(#58),#2042,.T.);
#2285=ADVANCED_FACE('',(#59),#2043,.T.);
#2286=ADVANCED_FACE('',(#60),#2044,.T.);
#2287=ADVANCED_FACE('',(#61),#2045,.T.);
#2288=ADVANCED_FACE('',(#62),#2046,.T.);
#2289=ADVANCED_FACE('',(#63),#2047,.T.);
#2290=ADVANCED_FACE('',(#64),#2048,.T.);
#2291=ADVANCED_FACE('',(#65),#2049,.T.);
#2292=ADVANCED_FACE('',(#66),#2050,.T.);
#2293=ADVANCED_FACE('',(#67),#2051,.T.);
#2294=ADVANCED_FACE('',(#68),#2052,.T.);
#2295=ADVANCED_FACE('',(#69),#2053,.T.);
#2296=ADVANCED_FACE('',(#70),#2054,.T.);
#2297=ADVANCED_FACE('',(#71),#2055,.T.);
#2298=ADVANCED_FACE('',(#72),#2056,.T.);
#2299=ADVANCED_FACE('',(#73),#2057,.T.);
#2300=ADVANCED_FACE('',(#74),#2058,.T.);
#2301=ADVANCED_FACE('',(#75),#2059,.T.);
#2302=ADVANCED_FACE('',(#76),#2060,.F.);
#2303=ADVANCED_FACE('',(#77),#2061,.F.);
#2304=ADVANCED_FACE('',(#78),#2062,.T.);
#2305=ADVANCED_FACE('',(#79,#41,#42,#43,#44,#45),#2063,.F.);
#2306=ADVANCED_FACE('',(#80),#2064,.F.);
#2307=ADVANCED_FACE('',(#81),#2065,.F.);
#2308=ADVANCED_FACE('',(#82),#2066,.F.);
#2309=ADVANCED_FACE('',(#83),#2067,.F.);
#2310=ADVANCED_FACE('',(#84),#2068,.F.);
#2311=ADVANCED_FACE('',(#85),#2069,.F.);
#2312=ADVANCED_FACE('',(#86),#2070,.F.);
#2313=ADVANCED_FACE('',(#87),#2071,.F.);
#2314=ADVANCED_FACE('',(#88),#2072,.F.);
#2315=ADVANCED_FACE('',(#89),#2073,.F.);
#2316=ADVANCED_FACE('',(#90),#2074,.F.);
#2317=ADVANCED_FACE('',(#91),#2075,.F.);
#2318=ADVANCED_FACE('',(#92),#2076,.F.);
#2319=ADVANCED_FACE('',(#93),#2077,.F.);
#2320=ADVANCED_FACE('',(#94),#2078,.F.);
#2321=ADVANCED_FACE('',(#95),#2079,.F.);
#2322=ADVANCED_FACE('',(#96),#2080,.F.);
#2323=ADVANCED_FACE('',(#97),#2081,.F.);
#2324=ADVANCED_FACE('',(#98),#2082,.F.);
#2325=ADVANCED_FACE('',(#99),#2083,.F.);
#2326=ADVANCED_FACE('',(#100),#2084,.F.);
#2327=ADVANCED_FACE('',(#101),#2085,.F.);
#2328=ADVANCED_FACE('',(#102),#2086,.F.);
#2329=ADVANCED_FACE('',(#103),#2087,.F.);
#2330=ADVANCED_FACE('',(#104),#2088,.F.);
#2331=ADVANCED_FACE('',(#105),#2089,.F.);
#2332=ADVANCED_FACE('',(#106),#2090,.F.);
#2333=ADVANCED_FACE('',(#107),#2091,.F.);
#2334=ADVANCED_FACE('',(#108),#2092,.F.);
#2335=ADVANCED_FACE('',(#109),#2093,.F.);
#2336=ADVANCED_FACE('',(#110),#2094,.F.);
#2337=ADVANCED_FACE('',(#111),#2095,.F.);
#2338=ADVANCED_FACE('',(#112),#2096,.F.);
#2339=ADVANCED_FACE('',(#113),#2097,.F.);
#2340=ADVANCED_FACE('',(#114),#2098,.T.);
#2341=ADVANCED_FACE('',(#115),#2099,.T.);
#2342=ADVANCED_FACE('',(#116),#2100,.T.);
#2343=ADVANCED_FACE('',(#117),#2101,.T.);
#2344=ADVANCED_FACE('',(#118),#2102,.F.);
#2345=ADVANCED_FACE('',(#119),#2103,.T.);
#2346=ADVANCED_FACE('',(#120),#2104,.F.);
#2347=ADVANCED_FACE('',(#121),#2105,.F.);
#2348=ADVANCED_FACE('',(#122),#2106,.F.);
#2349=ADVANCED_FACE('',(#123),#2107,.F.);
#2350=ADVANCED_FACE('',(#124),#2108,.F.);
#2351=ADVANCED_FACE('',(#125),#2109,.F.);
#2352=ADVANCED_FACE('',(#126),#2110,.F.);
#2353=ADVANCED_FACE('',(#127),#2111,.F.);
#2354=ADVANCED_FACE('',(#128),#2112,.F.);
#2355=ADVANCED_FACE('',(#129),#2113,.F.);
#2356=ADVANCED_FACE('',(#130),#2114,.F.);
#2357=ADVANCED_FACE('',(#131),#2115,.F.);
#2358=ADVANCED_FACE('',(#132),#2116,.F.);
#2359=ADVANCED_FACE('',(#133),#2117,.F.);
#2360=ADVANCED_FACE('',(#134),#2118,.F.);
#2361=ADVANCED_FACE('',(#135),#2119,.F.);
#2362=ADVANCED_FACE('',(#136),#2120,.F.);
#2363=ADVANCED_FACE('',(#137),#2121,.F.);
#2364=ADVANCED_FACE('',(#138),#2122,.F.);
#2365=ADVANCED_FACE('',(#139,#46),#2123,.T.);
#2366=ADVANCED_FACE('',(#140),#2124,.F.);
#2367=ADVANCED_FACE('',(#141),#2125,.F.);
#2368=ADVANCED_FACE('',(#142),#2126,.F.);
#2369=ADVANCED_FACE('',(#143,#47),#2127,.T.);
#2370=ADVANCED_FACE('',(#144),#2128,.F.);
#2371=ADVANCED_FACE('',(#145),#2129,.F.);
#2372=ADVANCED_FACE('',(#146),#2130,.F.);
#2373=ADVANCED_FACE('',(#147),#2131,.F.);
#2374=ADVANCED_FACE('',(#148,#48),#2132,.T.);
#2375=ADVANCED_FACE('',(#149),#2133,.F.);
#2376=ADVANCED_FACE('',(#150),#2134,.F.);
#2377=ADVANCED_FACE('',(#151,#49),#2135,.T.);
#2378=ADVANCED_FACE('',(#152),#2136,.F.);
#2379=ADVANCED_FACE('',(#153),#2137,.F.);
#2380=ADVANCED_FACE('',(#154),#2138,.F.);
#2381=ADVANCED_FACE('',(#155,#50),#2139,.T.);
#2382=ADVANCED_FACE('',(#156),#2140,.F.);
#2383=ADVANCED_FACE('',(#157),#2141,.F.);
#2384=ADVANCED_FACE('',(#158),#2142,.F.);
#2385=ADVANCED_FACE('',(#159),#2143,.F.);
#2386=ADVANCED_FACE('',(#160),#2144,.F.);
#2387=ADVANCED_FACE('',(#161),#2145,.F.);
#2388=ADVANCED_FACE('',(#162),#2146,.F.);
#2389=ADVANCED_FACE('',(#163),#2147,.F.);
#2390=ADVANCED_FACE('',(#164),#2148,.F.);
#2391=ADVANCED_FACE('',(#165),#2149,.F.);
#2392=ADVANCED_FACE('',(#166),#2150,.F.);
#2393=ADVANCED_FACE('',(#167),#2151,.T.);
#2394=ADVANCED_FACE('',(#168),#2152,.T.);
#2395=ADVANCED_FACE('',(#169),#2153,.T.);
#2396=ADVANCED_FACE('',(#170),#2154,.T.);
#2397=ADVANCED_FACE('',(#171),#2155,.T.);
#2398=ADVANCED_FACE('',(#172),#2156,.T.);
#2399=ADVANCED_FACE('',(#173),#2157,.T.);
#2400=ADVANCED_FACE('',(#174),#2158,.F.);
#2401=CLOSED_SHELL('',(#2277,#2278,#2279,#2280,#2281,#2282,#2283,#2284,
#2285,#2286,#2287,#2288,#2289,#2290,#2291,#2292,#2293,#2294,#2295,#2296,
#2297,#2298,#2299,#2300,#2301,#2302,#2303,#2304,#2305,#2306,#2307,#2308,
#2309,#2310,#2311,#2312,#2313,#2314,#2315,#2316,#2317,#2318,#2319,#2320,
#2321,#2322,#2323,#2324,#2325,#2326,#2327,#2328,#2329,#2330,#2331,#2332,
#2333,#2334,#2335,#2336,#2337,#2338,#2339,#2340,#2341,#2342,#2343,#2344,
#2345,#2346,#2347,#2348,#2349,#2350,#2351,#2352,#2353,#2354,#2355,#2356,
#2357,#2358,#2359,#2360,#2361,#2362,#2363,#2364,#2365,#2366,#2367,#2368,
#2369,#2370,#2371,#2372,#2373,#2374,#2375,#2376,#2377,#2378,#2379,#2380,
#2381,#2382,#2383,#2384,#2385,#2386,#2387,#2388,#2389,#2390,#2391,#2392));
#2402=CLOSED_SHELL('',(#2393,#2394,#2395,#2396,#2397,#2398,#2399,#2400));
#2403=DERIVED_UNIT_ELEMENT(#2408,1.);
#2404=DERIVED_UNIT_ELEMENT(#3823,-3.);
#2405=DERIVED_UNIT_ELEMENT(#2408,1.);
#2406=DERIVED_UNIT_ELEMENT(#3823,-3.);
#2407=DIMENSIONAL_EXPONENTS(0.,1.,0.,0.,0.,0.,0.);
#2408=(
CONVERSION_BASED_UNIT('gram',#2410)
MASS_UNIT()
NAMED_UNIT(#2407)
);
#2409=(
MASS_UNIT()
NAMED_UNIT(*)
SI_UNIT(.KILO.,.GRAM.)
);
#2410=MASS_MEASURE_WITH_UNIT(MASS_MEASURE(0.001),#2409);
#2411=DERIVED_UNIT((#2403,#2404));
#2412=DERIVED_UNIT((#2405,#2406));
#2413=MEASURE_REPRESENTATION_ITEM('density measure',
POSITIVE_RATIO_MEASURE(1.1),#2411);
#2414=MEASURE_REPRESENTATION_ITEM('density measure',
POSITIVE_RATIO_MEASURE(1.),#2412);
#2415=PROPERTY_DEFINITION_REPRESENTATION(#2425,#2419);
#2416=PROPERTY_DEFINITION_REPRESENTATION(#2426,#2420);
#2417=PROPERTY_DEFINITION_REPRESENTATION(#2427,#2421);
#2418=PROPERTY_DEFINITION_REPRESENTATION(#2428,#2422);
#2419=REPRESENTATION('material name',(#2423),#3819);
#2420=REPRESENTATION('density',(#2413),#3819);
#2421=REPRESENTATION('material name',(#2424),#3820);
#2422=REPRESENTATION('density',(#2414),#3820);
#2423=DESCRIPTIVE_REPRESENTATION_ITEM('PC/ABS Plastic','PC/ABS Plastic');
#2424=DESCRIPTIVE_REPRESENTATION_ITEM('Generic','Generic');
#2425=PROPERTY_DEFINITION('material property','material name',#3843);
#2426=PROPERTY_DEFINITION('material property','density of part',#3843);
#2427=PROPERTY_DEFINITION('material property','material name',#3844);
#2428=PROPERTY_DEFINITION('material property','density of part',#3844);
#2429=PRESENTATION_STYLE_ASSIGNMENT((#2432));
#2430=PRESENTATION_STYLE_ASSIGNMENT((#2433));
#2431=PRESENTATION_STYLE_ASSIGNMENT((#2434));
#2432=SURFACE_STYLE_USAGE(.BOTH.,#2441);
#2433=SURFACE_STYLE_USAGE(.BOTH.,#2442);
#2434=SURFACE_STYLE_USAGE(.BOTH.,#2443);
#2435=SURFACE_STYLE_RENDERING_WITH_PROPERTIES($,#2453,(#2438));
#2436=SURFACE_STYLE_RENDERING_WITH_PROPERTIES($,#2454,(#2439));
#2437=SURFACE_STYLE_RENDERING_WITH_PROPERTIES($,#2455,(#2440));
#2438=SURFACE_STYLE_TRANSPARENT(0.);
#2439=SURFACE_STYLE_TRANSPARENT(0.);
#2440=SURFACE_STYLE_TRANSPARENT(0.);
#2441=SURFACE_SIDE_STYLE('',(#2444,#2435));
#2442=SURFACE_SIDE_STYLE('',(#2445,#2436));
#2443=SURFACE_SIDE_STYLE('',(#2446,#2437));
#2444=SURFACE_STYLE_FILL_AREA(#2447);
#2445=SURFACE_STYLE_FILL_AREA(#2448);
#2446=SURFACE_STYLE_FILL_AREA(#2449);
#2447=FILL_AREA_STYLE('',(#2450));
#2448=FILL_AREA_STYLE('',(#2451));
#2449=FILL_AREA_STYLE('',(#2452));
#2450=FILL_AREA_STYLE_COLOUR('',#2453);
#2451=FILL_AREA_STYLE_COLOUR('',#2454);
#2452=FILL_AREA_STYLE_COLOUR('',#2455);
#2453=COLOUR_RGB('',0.92156862745098,0.92156862745098,0.92156862745098);
#2454=COLOUR_RGB('',0.,0.,0.627450980392157);
#2455=COLOUR_RGB('',0.749019607843137,0.749019607843137,0.749019607843137);
#2456=DATE_TIME_ROLE('creation_date');
#2457=DATE_TIME_ROLE('creation_date');
#2458=DATE_TIME_ROLE('creation_date');
#2459=APPLIED_DATE_AND_TIME_ASSIGNMENT(#2462,#2456,(#3842));
#2460=APPLIED_DATE_AND_TIME_ASSIGNMENT(#2463,#2457,(#3843));
#2461=APPLIED_DATE_AND_TIME_ASSIGNMENT(#2464,#2458,(#3844));
#2462=DATE_AND_TIME(#2465,#2468);
#2463=DATE_AND_TIME(#2466,#2469);
#2464=DATE_AND_TIME(#2467,#2470);
#2465=CALENDAR_DATE(2025,31,12);
#2466=CALENDAR_DATE(2012,3,7);
#2467=CALENDAR_DATE(2025,13,12);
#2468=LOCAL_TIME(0,0,0.,#2471);
#2469=LOCAL_TIME(9,23,30.,#2472);
#2470=LOCAL_TIME(0,0,0.,#2473);
#2471=COORDINATED_UNIVERSAL_TIME_OFFSET(0,0,.BEHIND.);
#2472=COORDINATED_UNIVERSAL_TIME_OFFSET(0,0,.BEHIND.);
#2473=COORDINATED_UNIVERSAL_TIME_OFFSET(0,0,.BEHIND.);
#2474=AXIS2_PLACEMENT_3D('',#3179,#2607,#2608);
#2475=AXIS2_PLACEMENT_3D('',#3180,#2609,#2610);
#2476=AXIS2_PLACEMENT_3D('',#3181,#2611,#2612);
#2477=AXIS2_PLACEMENT_3D('',#3190,#2617,#2618);
#2478=AXIS2_PLACEMENT_3D('',#3196,#2622,#2623);
#2479=AXIS2_PLACEMENT_3D('',#3202,#2627,#2628);
#2480=AXIS2_PLACEMENT_3D('',#3205,#2631,#2632);
#2481=AXIS2_PLACEMENT_3D('',#3206,#2633,#2634);
#2482=AXIS2_PLACEMENT_3D('',#3215,#2639,#2640);
#2483=AXIS2_PLACEMENT_3D('',#3221,#2644,#2645);
#2484=AXIS2_PLACEMENT_3D('',#3227,#2649,#2650);
#2485=AXIS2_PLACEMENT_3D('',#3230,#2653,#2654);
#2486=AXIS2_PLACEMENT_3D('',#3231,#2655,#2656);
#2487=AXIS2_PLACEMENT_3D('',#3240,#2661,#2662);
#2488=AXIS2_PLACEMENT_3D('',#3246,#2666,#2667);
#2489=AXIS2_PLACEMENT_3D('',#3252,#2671,#2672);
#2490=AXIS2_PLACEMENT_3D('',#3255,#2675,#2676);
#2491=AXIS2_PLACEMENT_3D('',#3256,#2677,#2678);
#2492=AXIS2_PLACEMENT_3D('',#3265,#2683,#2684);
#2493=AXIS2_PLACEMENT_3D('',#3271,#2688,#2689);
#2494=AXIS2_PLACEMENT_3D('',#3277,#2693,#2694);
#2495=AXIS2_PLACEMENT_3D('',#3280,#2697,#2698);
#2496=AXIS2_PLACEMENT_3D('',#3281,#2699,#2700);
#2497=AXIS2_PLACEMENT_3D('',#3290,#2705,#2706);
#2498=AXIS2_PLACEMENT_3D('',#3296,#2710,#2711);
#2499=AXIS2_PLACEMENT_3D('',#3302,#2715,#2716);
#2500=AXIS2_PLACEMENT_3D('',#3305,#2719,#2720);
#2501=AXIS2_PLACEMENT_3D('',#3306,#2721,#2722);
#2502=AXIS2_PLACEMENT_3D('',#3315,#2727,#2728);
#2503=AXIS2_PLACEMENT_3D('',#3321,#2732,#2733);
#2504=AXIS2_PLACEMENT_3D('',#3325,#2736,#2737);
#2505=AXIS2_PLACEMENT_3D('',#3377,#2764,#2765);
#2506=AXIS2_PLACEMENT_3D('',#3379,#2767,#2768);
#2507=AXIS2_PLACEMENT_3D('',#3380,#2769,#2770);
#2508=AXIS2_PLACEMENT_3D('',#3398,#2780,#2781);
#2509=AXIS2_PLACEMENT_3D('',#3404,#2785,#2786);
#2510=AXIS2_PLACEMENT_3D('',#3410,#2790,#2791);
#2511=AXIS2_PLACEMENT_3D('',#3416,#2795,#2796);
#2512=AXIS2_PLACEMENT_3D('',#3422,#2800,#2801);
#2513=AXIS2_PLACEMENT_3D('',#3428,#2805,#2806);
#2514=AXIS2_PLACEMENT_3D('',#3434,#2810,#2811);
#2515=AXIS2_PLACEMENT_3D('',#3438,#2814,#2815);
#2516=AXIS2_PLACEMENT_3D('',#3456,#2825,#2826);
#2517=AXIS2_PLACEMENT_3D('',#3464,#2831,#2832);
#2518=AXIS2_PLACEMENT_3D('',#3468,#2835,#2836);
#2519=AXIS2_PLACEMENT_3D('',#3472,#2839,#2840);
#2520=AXIS2_PLACEMENT_3D('',#3474,#2842,#2843);
#2521=AXIS2_PLACEMENT_3D('',#3476,#2845,#2846);
#2522=AXIS2_PLACEMENT_3D('',#3484,#2851,#2852);
#2523=AXIS2_PLACEMENT_3D('',#3488,#2855,#2856);
#2524=AXIS2_PLACEMENT_3D('',#3490,#2858,#2859);
#2525=AXIS2_PLACEMENT_3D('',#3496,#2863,#2864);
#2526=AXIS2_PLACEMENT_3D('',#3498,#2866,#2867);
#2527=AXIS2_PLACEMENT_3D('',#3500,#2869,#2870);
#2528=AXIS2_PLACEMENT_3D('',#3502,#2872,#2873);
#2529=AXIS2_PLACEMENT_3D('',#3504,#2875,#2876);
#2530=AXIS2_PLACEMENT_3D('',#3506,#2878,#2879);
#2531=AXIS2_PLACEMENT_3D('',#3508,#2881,#2882);
#2532=AXIS2_PLACEMENT_3D('',#3511,#2885,#2886);
#2533=AXIS2_PLACEMENT_3D('',#3515,#2889,#2890);
#2534=AXIS2_PLACEMENT_3D('',#3517,#2892,#2893);
#2535=AXIS2_PLACEMENT_3D('',#3519,#2895,#2896);
#2536=AXIS2_PLACEMENT_3D('',#3522,#2899,#2900);
#2537=AXIS2_PLACEMENT_3D('',#3523,#2901,#2902);
#2538=AXIS2_PLACEMENT_3D('',#3524,#2903,#2904);
#2539=AXIS2_PLACEMENT_3D('',#3550,#2918,#2919);
#2540=AXIS2_PLACEMENT_3D('',#3551,#2920,#2921);
#2541=AXIS2_PLACEMENT_3D('',#3552,#2922,#2923);
#2542=AXIS2_PLACEMENT_3D('',#3553,#2924,#2925);
#2543=AXIS2_PLACEMENT_3D('',#3554,#2926,#2927);
#2544=AXIS2_PLACEMENT_3D('',#3558,#2930,#2931);
#2545=AXIS2_PLACEMENT_3D('',#3568,#2937,#2938);
#2546=AXIS2_PLACEMENT_3D('',#3578,#2944,#2945);
#2547=AXIS2_PLACEMENT_3D('',#3580,#2947,#2948);
#2548=AXIS2_PLACEMENT_3D('',#3586,#2952,#2953);
#2549=AXIS2_PLACEMENT_3D('',#3592,#2957,#2958);
#2550=AXIS2_PLACEMENT_3D('',#3596,#2961,#2962);
#2551=AXIS2_PLACEMENT_3D('',#3602,#2966,#2967);
#2552=AXIS2_PLACEMENT_3D('',#3608,#2971,#2972);
#2553=AXIS2_PLACEMENT_3D('',#3614,#2976,#2977);
#2554=AXIS2_PLACEMENT_3D('',#3620,#2981,#2982);
#2555=AXIS2_PLACEMENT_3D('',#3626,#2986,#2987);
#2556=AXIS2_PLACEMENT_3D('',#3632,#2991,#2992);
#2557=AXIS2_PLACEMENT_3D('',#3636,#2995,#2996);
#2558=AXIS2_PLACEMENT_3D('',#3642,#3000,#3001);
#2559=AXIS2_PLACEMENT_3D('',#3648,#3005,#3006);
#2560=AXIS2_PLACEMENT_3D('',#3650,#3008,#3009);
#2561=AXIS2_PLACEMENT_3D('',#3670,#3020,#3021);
#2562=AXIS2_PLACEMENT_3D('',#3672,#3023,#3024);
#2563=AXIS2_PLACEMENT_3D('',#3676,#3027,#3028);
#2564=AXIS2_PLACEMENT_3D('',#3678,#3030,#3031);
#2565=AXIS2_PLACEMENT_3D('',#3684,#3035,#3036);
#2566=AXIS2_PLACEMENT_3D('',#3689,#3040,#3041);
#2567=AXIS2_PLACEMENT_3D('',#3694,#3045,#3046);
#2568=AXIS2_PLACEMENT_3D('',#3701,#3051,#3052);
#2569=AXIS2_PLACEMENT_3D('',#3705,#3055,#3056);
#2570=AXIS2_PLACEMENT_3D('',#3710,#3060,#3061);
#2571=AXIS2_PLACEMENT_3D('',#3714,#3064,#3065);
#2572=AXIS2_PLACEMENT_3D('',#3716,#3067,#3068);
#2573=AXIS2_PLACEMENT_3D('',#3723,#3073,#3074);
#2574=AXIS2_PLACEMENT_3D('',#3727,#3077,#3078);
#2575=AXIS2_PLACEMENT_3D('',#3729,#3080,#3081);
#2576=AXIS2_PLACEMENT_3D('',#3736,#3086,#3087);
#2577=AXIS2_PLACEMENT_3D('',#3740,#3090,#3091);
#2578=AXIS2_PLACEMENT_3D('',#3745,#3095,#3096);
#2579=AXIS2_PLACEMENT_3D('',#3747,#3098,#3099);
#2580=AXIS2_PLACEMENT_3D('',#3754,#3104,#3105);
#2581=AXIS2_PLACEMENT_3D('',#3756,#3107,#3108);
#2582=AXIS2_PLACEMENT_3D('',#3758,#3110,#3111);
#2583=AXIS2_PLACEMENT_3D('',#3760,#3113,#3114);
#2584=AXIS2_PLACEMENT_3D('',#3761,#3115,#3116);
#2585=AXIS2_PLACEMENT_3D('',#3762,#3117,#3118);
#2586=AXIS2_PLACEMENT_3D('',#3763,#3119,#3120);
#2587=AXIS2_PLACEMENT_3D('',#3764,#3121,#3122);
#2588=AXIS2_PLACEMENT_3D('',#3765,#3123,#3124);
#2589=AXIS2_PLACEMENT_3D('',#3766,#3125,#3126);
#2590=AXIS2_PLACEMENT_3D('',#3767,#3127,#3128);
#2591=AXIS2_PLACEMENT_3D('',#3768,#3129,#3130);
#2592=AXIS2_PLACEMENT_3D('',#3769,#3131,#3132);
#2593=AXIS2_PLACEMENT_3D('',#3770,#3133,#3134);
#2594=AXIS2_PLACEMENT_3D('',#3779,#3139,#3140);
#2595=AXIS2_PLACEMENT_3D('',#3785,#3144,#3145);
#2596=AXIS2_PLACEMENT_3D('',#3791,#3149,#3150);
#2597=AXIS2_PLACEMENT_3D('',#3797,#3154,#3155);
#2598=AXIS2_PLACEMENT_3D('',#3803,#3159,#3160);
#2599=AXIS2_PLACEMENT_3D('',#3806,#3163,#3164);
#2600=AXIS2_PLACEMENT_3D('',#3807,#3165,#3166);
#2601=AXIS2_PLACEMENT_3D('',#3808,#3167,#3168);
#2602=AXIS2_PLACEMENT_3D('',#3809,#3169,#3170);
#2603=AXIS2_PLACEMENT_3D('',#3810,#3171,#3172);
#2604=AXIS2_PLACEMENT_3D('',#3811,#3173,#3174);
#2605=AXIS2_PLACEMENT_3D('',#3812,#3175,#3176);
#2606=AXIS2_PLACEMENT_3D('',#3813,#3177,#3178);
#2607=DIRECTION('axis',(0.,0.,1.));
#2608=DIRECTION('refdir',(1.,0.,0.));
#2609=DIRECTION('axis',(0.,0.,1.));
#2610=DIRECTION('refdir',(1.,0.,0.));
#2611=DIRECTION('center_axis',(3.58136459556502E-15,-1.,1.25681746463535E-29));
#2612=DIRECTION('ref_axis',(-1.,-3.58136459556502E-15,-3.49148336110938E-15));
#2613=DIRECTION('',(1.,3.58136459556502E-15,3.49148336110938E-15));
#2614=DIRECTION('',(3.50932565255078E-15,0.,-1.));
#2615=DIRECTION('',(-1.,-3.58136459556502E-15,-3.49148336110938E-15));
#2616=DIRECTION('',(3.50932565255078E-15,0.,-1.));
#2617=DIRECTION('center_axis',(1.,3.58136459556502E-15,3.50932565255078E-15));
#2618=DIRECTION('ref_axis',(3.58136459556502E-15,-1.,3.13818834577832E-31));
#2619=DIRECTION('',(-3.58136459556502E-15,1.,-3.13818834577832E-31));
#2620=DIRECTION('',(3.58136459556502E-15,-1.,3.13818834577832E-31));
#2621=DIRECTION('',(3.50932565255078E-15,0.,-1.));
#2622=DIRECTION('center_axis',(-3.58136459556502E-15,1.,-1.25681746463535E-29));
#2623=DIRECTION('ref_axis',(1.,3.58136459556502E-15,3.49148336110938E-15));
#2624=DIRECTION('',(-1.,-3.58136459556502E-15,-3.49148336110938E-15));
#2625=DIRECTION('',(1.,3.58136459556502E-15,3.49148336110938E-15));
#2626=DIRECTION('',(3.50932565255078E-15,0.,-1.));
#2627=DIRECTION('center_axis',(-1.,-3.58136459556502E-15,-3.50932565255078E-15));
#2628=DIRECTION('ref_axis',(-3.58136459556502E-15,1.,-3.13818834577832E-31));
#2629=DIRECTION('',(3.58136459556502E-15,-1.,3.13818834577832E-31));
#2630=DIRECTION('',(-3.58136459556502E-15,1.,-3.13818834577832E-31));
#2631=DIRECTION('center_axis',(3.50932565255078E-15,0.,-1.));
#2632=DIRECTION('ref_axis',(-1.,0.,-3.50932565255078E-15));
#2633=DIRECTION('center_axis',(3.58136459556502E-15,-1.,1.25110465797791E-29));
#2634=DIRECTION('ref_axis',(-1.,-3.58136459556502E-15,-3.49148336110938E-15));
#2635=DIRECTION('',(1.,3.58136459556502E-15,3.49148336110938E-15));
#2636=DIRECTION('',(3.49337417231191E-15,0.,-1.));
#2637=DIRECTION('',(-1.,-3.58136459556502E-15,-3.49148336110938E-15));
#2638=DIRECTION('',(3.49337417231191E-15,0.,-1.));
#2639=DIRECTION('center_axis',(1.,3.58136459556502E-15,3.49337417231191E-15));
#2640=DIRECTION('ref_axis',(3.58136459556502E-15,-1.,3.13818834577832E-31));
#2641=DIRECTION('',(-3.58136459556502E-15,1.,-3.13818834577832E-31));
#2642=DIRECTION('',(3.58136459556502E-15,-1.,3.13818834577832E-31));
#2643=DIRECTION('',(3.49337417231191E-15,0.,-1.));
#2644=DIRECTION('center_axis',(-3.58136459556502E-15,1.,-1.25110465797791E-29));
#2645=DIRECTION('ref_axis',(1.,3.58136459556502E-15,3.49148336110938E-15));
#2646=DIRECTION('',(-1.,-3.58136459556502E-15,-3.49148336110938E-15));
#2647=DIRECTION('',(1.,3.58136459556502E-15,3.49148336110938E-15));
#2648=DIRECTION('',(3.49337417231191E-15,0.,-1.));
#2649=DIRECTION('center_axis',(-1.,-3.58136459556502E-15,-3.49337417231191E-15));
#2650=DIRECTION('ref_axis',(-3.58136459556502E-15,1.,-3.13818834577832E-31));
#2651=DIRECTION('',(3.58136459556502E-15,-1.,3.13818834577832E-31));
#2652=DIRECTION('',(-3.58136459556502E-15,1.,-3.13818834577832E-31));
#2653=DIRECTION('center_axis',(3.49337417231191E-15,0.,-1.));
#2654=DIRECTION('ref_axis',(-1.,0.,-3.49337417231191E-15));
#2655=DIRECTION('center_axis',(3.58136459556502E-15,-1.,1.23396623800561E-29));
#2656=DIRECTION('ref_axis',(-1.,-3.58136459556502E-15,-3.49148336110938E-15));
#2657=DIRECTION('',(1.,3.58136459556502E-15,3.49148336110938E-15));
#2658=DIRECTION('',(3.44551973159531E-15,0.,-1.));
#2659=DIRECTION('',(-1.,-3.58136459556502E-15,-3.49148336110938E-15));
#2660=DIRECTION('',(3.44551973159531E-15,0.,-1.));
#2661=DIRECTION('center_axis',(1.,3.58136459556502E-15,3.44551973159531E-15));
#2662=DIRECTION('ref_axis',(3.58136459556502E-15,-1.,3.13818834577832E-31));
#2663=DIRECTION('',(-3.58136459556502E-15,1.,-3.13818834577832E-31));
#2664=DIRECTION('',(3.58136459556502E-15,-1.,3.13818834577832E-31));
#2665=DIRECTION('',(3.44551973159531E-15,0.,-1.));
#2666=DIRECTION('center_axis',(-3.58136459556502E-15,1.,-1.23396623800561E-29));
#2667=DIRECTION('ref_axis',(1.,3.58136459556502E-15,3.49148336110938E-15));
#2668=DIRECTION('',(-1.,-3.58136459556502E-15,-3.49148336110938E-15));
#2669=DIRECTION('',(1.,3.58136459556502E-15,3.49148336110938E-15));
#2670=DIRECTION('',(3.44551973159531E-15,0.,-1.));
#2671=DIRECTION('center_axis',(-1.,-3.58136459556502E-15,-3.44551973159531E-15));
#2672=DIRECTION('ref_axis',(-3.58136459556502E-15,1.,-3.13818834577832E-31));
#2673=DIRECTION('',(3.58136459556502E-15,-1.,3.13818834577832E-31));
#2674=DIRECTION('',(-3.58136459556502E-15,1.,-3.13818834577832E-31));
#2675=DIRECTION('center_axis',(3.44551973159531E-15,0.,-1.));
#2676=DIRECTION('ref_axis',(-1.,0.,-3.44551973159531E-15));
#2677=DIRECTION('center_axis',(-3.58136459556502E-15,1.,-1.25681746463535E-29));
#2678=DIRECTION('ref_axis',(1.,3.58136459556502E-15,3.49148336110938E-15));
#2679=DIRECTION('',(-1.,-3.58136459556502E-15,-3.49148336110938E-15));
#2680=DIRECTION('',(3.50932565255078E-15,0.,-1.));
#2681=DIRECTION('',(1.,3.58136459556502E-15,3.49148336110938E-15));
#2682=DIRECTION('',(3.50932565255078E-15,0.,-1.));
#2683=DIRECTION('center_axis',(-1.,-3.58136459556502E-15,-3.50932565255078E-15));
#2684=DIRECTION('ref_axis',(-3.58136459556502E-15,1.,-3.13818834577832E-31));
#2685=DIRECTION('',(3.58136459556502E-15,-1.,3.13818834577832E-31));
#2686=DIRECTION('',(-3.58136459556502E-15,1.,-3.13818834577832E-31));
#2687=DIRECTION('',(3.50932565255078E-15,0.,-1.));
#2688=DIRECTION('center_axis',(3.58136459556502E-15,-1.,1.25681746463535E-29));
#2689=DIRECTION('ref_axis',(-1.,-3.58136459556502E-15,-3.49148336110938E-15));
#2690=DIRECTION('',(1.,3.58136459556502E-15,3.49148336110938E-15));
#2691=DIRECTION('',(-1.,-3.58136459556502E-15,-3.49148336110938E-15));
#2692=DIRECTION('',(3.50932565255078E-15,0.,-1.));
#2693=DIRECTION('center_axis',(1.,3.58136459556502E-15,3.50932565255078E-15));
#2694=DIRECTION('ref_axis',(3.58136459556502E-15,-1.,3.13818834577832E-31));
#2695=DIRECTION('',(-3.58136459556502E-15,1.,-3.13818834577832E-31));
#2696=DIRECTION('',(3.58136459556502E-15,-1.,3.13818834577832E-31));
#2697=DIRECTION('center_axis',(3.50932565255078E-15,0.,-1.));
#2698=DIRECTION('ref_axis',(-1.,0.,-3.50932565255078E-15));
#2699=DIRECTION('center_axis',(-3.58136459556502E-15,1.,-1.27966869126508E-29));
#2700=DIRECTION('ref_axis',(1.,3.58136459556502E-15,3.49148336110938E-15));
#2701=DIRECTION('',(-1.,-3.58136459556502E-15,-3.49148336110938E-15));
#2702=DIRECTION('',(3.57313157350625E-15,0.,-1.));
#2703=DIRECTION('',(1.,3.58136459556502E-15,3.49148336110938E-15));
#2704=DIRECTION('',(3.57313157350625E-15,0.,-1.));
#2705=DIRECTION('center_axis',(-1.,-2.74869732709615E-15,-3.57313157350625E-15));
#2706=DIRECTION('ref_axis',(-2.74869732709615E-15,1.,2.59342507862162E-30));
#2707=DIRECTION('',(2.74869732709615E-15,-1.,-2.59342507862162E-30));
#2708=DIRECTION('',(-2.74869732709615E-15,1.,2.59342507862162E-30));
#2709=DIRECTION('',(3.57313157350625E-15,0.,-1.));
#2710=DIRECTION('center_axis',(3.02625308325244E-15,-1.,1.08132004411899E-29));
#2711=DIRECTION('ref_axis',(-1.,-3.02625308325244E-15,-3.49148336110938E-15));
#2712=DIRECTION('',(1.,3.02625308325244E-15,3.49148336110938E-15));
#2713=DIRECTION('',(-1.,-3.02625308325244E-15,-3.49148336110938E-15));
#2714=DIRECTION('',(3.57313157350625E-15,0.,-1.));
#2715=DIRECTION('center_axis',(1.,3.58136459556502E-15,3.57313157350625E-15));
#2716=DIRECTION('ref_axis',(3.58136459556502E-15,-1.,3.13818834577832E-31));
#2717=DIRECTION('',(-3.58136459556502E-15,1.,-3.13818834577832E-31));
#2718=DIRECTION('',(3.58136459556502E-15,-1.,3.13818834577832E-31));
#2719=DIRECTION('center_axis',(3.57313157350625E-15,0.,-1.));
#2720=DIRECTION('ref_axis',(-1.,0.,-3.57313157350625E-15));
#2721=DIRECTION('center_axis',(-3.49148336110938E-15,1.,0.));
#2722=DIRECTION('ref_axis',(1.,3.49148336110938E-15,3.49148336110938E-15));
#2723=DIRECTION('',(-1.,-3.49148336110938E-15,-3.49148336110938E-15));
#2724=DIRECTION('',(-3.49148336110938E-15,-1.21904560609037E-29,1.));
#2725=DIRECTION('',(-1.,-3.49148336110938E-15,-3.49148336110938E-15));
#2726=DIRECTION('',(-3.49148336110938E-15,-1.21904560609037E-29,1.));
#2727=DIRECTION('center_axis',(1.,3.49148336110938E-15,3.49148336110938E-15));
#2728=DIRECTION('ref_axis',(3.49148336110938E-15,-1.,0.));
#2729=DIRECTION('',(-3.49148336110938E-15,1.,0.));
#2730=DIRECTION('',(-3.49148336110938E-15,1.,0.));
#2731=DIRECTION('',(-3.49148336110938E-15,-1.21904560609037E-29,1.));
#2732=DIRECTION('center_axis',(-3.49148336110938E-15,-1.21904560609037E-29,
1.));
#2733=DIRECTION('ref_axis',(1.,3.49148336110938E-15,3.49148336110938E-15));
#2734=DIRECTION('',(3.49148336110938E-15,-1.,0.));
#2735=DIRECTION('',(1.,3.49148336110938E-15,3.49148336110938E-15));
#2736=DIRECTION('center_axis',(3.49148336110938E-15,1.21904560609037E-29,
-1.));
#2737=DIRECTION('ref_axis',(-1.,-3.49148336110938E-15,-3.49148336110938E-15));
#2738=DIRECTION('',(1.,3.49148336110938E-15,3.49148336110938E-15));
#2739=DIRECTION('',(-3.49148336110938E-15,1.,0.));
#2740=DIRECTION('',(1.,3.49148336110938E-15,3.92684580641424E-15));
#2741=DIRECTION('',(3.49148336110938E-15,-1.,5.07344711736995E-46));
#2742=DIRECTION('',(1.,3.49148336110938E-15,3.49148336110938E-15));
#2743=DIRECTION('',(-3.49148336110938E-15,1.,-5.07344711736995E-46));
#2744=DIRECTION('',(1.,3.49148336110938E-15,2.81119964504005E-15));
#2745=DIRECTION('',(-3.49148336110938E-15,1.,0.));
#2746=DIRECTION('',(-1.,-3.49148336110938E-15,-3.49148336110938E-15));
#2747=DIRECTION('',(-3.49148336110938E-15,1.,0.));
#2748=DIRECTION('',(1.,3.49148336110938E-15,3.49148336110938E-15));
#2749=DIRECTION('',(3.49148336110938E-15,-1.,0.));
#2750=DIRECTION('',(1.,3.49148336110938E-15,3.49148336110938E-15));
#2751=DIRECTION('',(3.49148336110938E-15,-1.,0.));
#2752=DIRECTION('',(-1.,-3.49148336110938E-15,-3.49148336110938E-15));
#2753=DIRECTION('',(-3.49148336110938E-15,1.,0.));
#2754=DIRECTION('',(1.,3.49148336110938E-15,3.49148336110938E-15));
#2755=DIRECTION('',(3.49148336110938E-15,-1.,0.));
#2756=DIRECTION('',(-1.,-3.49148336110938E-15,-3.49148336110938E-15));
#2757=DIRECTION('',(-3.49148336110938E-15,1.,0.));
#2758=DIRECTION('',(1.,3.49148336110938E-15,3.49148336110938E-15));
#2759=DIRECTION('',(3.49148336110938E-15,-1.,0.));
#2760=DIRECTION('',(-1.,-3.49148336110938E-15,-3.49148336110938E-15));
#2761=DIRECTION('',(-3.49148336110938E-15,1.,0.));
#2762=DIRECTION('',(1.,3.49148336110938E-15,3.49148336110938E-15));
#2763=DIRECTION('',(3.49148336110938E-15,-1.,0.));
#2764=DIRECTION('center_axis',(-1.,-3.49148336110938E-15,-3.49148336110938E-15));
#2765=DIRECTION('ref_axis',(-3.49148336110938E-15,1.,0.));
#2766=DIRECTION('',(-3.49148336110938E-15,-1.21904560609037E-29,1.));
#2767=DIRECTION('center_axis',(3.49148336110938E-15,-1.,0.));
#2768=DIRECTION('ref_axis',(-1.,-3.49148336110938E-15,-3.49148336110938E-15));
#2769=DIRECTION('center_axis',(-1.,-3.49148336110938E-15,-3.66458286914154E-15));
#2770=DIRECTION('ref_axis',(-3.66458286914154E-15,-1.27948301130141E-29,
1.));
#2771=DIRECTION('',(3.49148336110938E-15,-1.,8.39454821009175E-16));
#2772=DIRECTION('',(3.68812971384863E-15,1.28770435295156E-29,-1.));
#2773=DIRECTION('',(1.223998359496E-16,0.707106781186546,-0.707106781186549));
#2774=DIRECTION('',(3.49148336110938E-15,-1.,8.39454821009175E-16));
#2775=DIRECTION('',(-3.66458286914154E-15,5.66903096724434E-16,1.));
#2776=DIRECTION('',(3.49148336110938E-15,-1.,1.20466908053945E-16));
#2777=DIRECTION('',(-3.66458286914154E-15,-1.27948301130142E-29,1.));
#2778=DIRECTION('',(-4.07478802066951E-15,0.984807753012209,0.173648177666926));
#2779=DIRECTION('',(-3.66458286914154E-15,2.72170167144501E-15,1.));
#2780=DIRECTION('center_axis',(3.49148336110938E-15,-1.,0.));
#2781=DIRECTION('ref_axis',(-1.,-3.49148336110938E-15,-3.49148336110938E-15));
#2782=DIRECTION('',(1.,3.49148336110938E-15,3.49148336110938E-15));
#2783=DIRECTION('',(3.18979232180907E-15,1.11371068169908E-29,-1.));
#2784=DIRECTION('',(-3.64232888075954E-15,-1.27171306828601E-29,1.));
#2785=DIRECTION('center_axis',(-1.,-3.49148336110938E-15,-3.49148336110938E-15));
#2786=DIRECTION('ref_axis',(-3.49148336110938E-15,1.,0.));
#2787=DIRECTION('',(-3.49148336110938E-15,-1.21904560609037E-29,1.));
#2788=DIRECTION('',(3.49148336110938E-15,-1.,0.));
#2789=DIRECTION('',(-3.49148336110938E-15,-1.21904560609037E-29,1.));
#2790=DIRECTION('center_axis',(-1.,-3.49148336110938E-15,-3.49148336110938E-15));
#2791=DIRECTION('ref_axis',(-3.49148336110938E-15,1.,0.));
#2792=DIRECTION('',(-3.49148336110938E-15,-1.21904560609037E-29,1.));
#2793=DIRECTION('',(3.49148336110938E-15,-1.,0.));
#2794=DIRECTION('',(-3.49148336110938E-15,-1.21904560609037E-29,1.));
#2795=DIRECTION('center_axis',(3.49148336110938E-15,-1.,0.));
#2796=DIRECTION('ref_axis',(-1.,-3.49148336110938E-15,-3.49148336110938E-15));
#2797=DIRECTION('',(-3.49148336110938E-15,-1.21904560609037E-29,1.));
#2798=DIRECTION('',(1.,3.49148336110938E-15,3.49148336110938E-15));
#2799=DIRECTION('',(-3.49148336110938E-15,-1.21904560609037E-29,1.));
#2800=DIRECTION('center_axis',(-3.49148336110938E-15,1.,0.));
#2801=DIRECTION('ref_axis',(1.,3.49148336110938E-15,3.49148336110938E-15));
#2802=DIRECTION('',(-3.49148336110938E-15,-1.21904560609037E-29,1.));
#2803=DIRECTION('',(-1.,-3.49148336110938E-15,-3.49148336110938E-15));
#2804=DIRECTION('',(-3.49148336110938E-15,-1.21904560609037E-29,1.));
#2805=DIRECTION('center_axis',(-1.,-3.49148336110938E-15,-3.49148336110938E-15));
#2806=DIRECTION('ref_axis',(-3.49148336110938E-15,1.,0.));
#2807=DIRECTION('',(-3.49148336110938E-15,-1.21904560609037E-29,1.));
#2808=DIRECTION('',(3.49148336110938E-15,-1.,0.));
#2809=DIRECTION('',(-3.49148336110938E-15,-1.21904560609037E-29,1.));
#2810=DIRECTION('center_axis',(-3.49148336110938E-15,1.,0.));
#2811=DIRECTION('ref_axis',(1.,3.49148336110938E-15,3.49148336110938E-15));
#2812=DIRECTION('',(-1.,-3.49148336110938E-15,-3.49148336110938E-15));
#2813=DIRECTION('',(-3.49148336110938E-15,-1.21904560609037E-29,1.));
#2814=DIRECTION('center_axis',(1.,3.49148336110938E-15,3.66458286914154E-15));
#2815=DIRECTION('ref_axis',(3.66458286914154E-15,1.27948301130141E-29,-1.));
#2816=DIRECTION('',(-2.90154430289164E-15,-1.01306936550679E-29,1.));
#2817=DIRECTION('',(3.49148336110938E-15,-1.,8.39454821009175E-16));
#2818=DIRECTION('',(3.66458286914154E-15,-2.72170167144501E-15,-1.));
#2819=DIRECTION('',(4.07478802066951E-15,-0.984807753012209,-0.173648177666926));
#2820=DIRECTION('',(3.66458286914154E-15,1.27948301130142E-29,-1.));
#2821=DIRECTION('',(-3.49148336110938E-15,1.,-1.20466908053945E-16));
#2822=DIRECTION('',(3.66458286914154E-15,-5.66903096724434E-16,-1.));
#2823=DIRECTION('',(3.49148336110938E-15,-1.,8.39454821009175E-16));
#2824=DIRECTION('',(-1.223998359496E-16,-0.707106781186546,0.707106781186549));
#2825=DIRECTION('center_axis',(3.49148336110938E-15,-1.,0.));
#2826=DIRECTION('ref_axis',(-1.,-3.49148336110938E-15,-3.49148336110938E-15));
#2827=DIRECTION('',(3.18979232180907E-15,1.11371068169908E-29,-1.));
#2828=DIRECTION('',(-1.,-3.49148336110938E-15,-3.21613042841465E-15));
#2829=DIRECTION('',(-3.49148336110938E-15,-1.21904560609037E-29,1.));
#2830=DIRECTION('',(0.499999999999992,1.74574168055466E-15,0.866025403784443));
#2831=DIRECTION('center_axis',(-3.49148336110938E-15,1.,0.));
#2832=DIRECTION('ref_axis',(1.,3.49148336110938E-15,3.49148336110938E-15));
#2833=DIRECTION('',(-1.,-3.49148336110938E-15,-3.49148336110938E-15));
#2834=DIRECTION('',(-3.49148336110938E-15,-1.21904560609037E-29,1.));
#2835=DIRECTION('center_axis',(3.49148336110938E-15,-1.,0.));
#2836=DIRECTION('ref_axis',(-1.,-3.49148336110938E-15,-3.49148336110938E-15));
#2837=DIRECTION('',(-3.49148336110938E-15,-1.21904560609037E-29,1.));
#2838=DIRECTION('',(1.,3.49148336110938E-15,3.49148336110938E-15));
#2839=DIRECTION('center_axis',(4.93770312208089E-15,-0.707106781186549,
-0.707106781186546));
#2840=DIRECTION('ref_axis',(-8.67746995743113E-30,-0.707106781186546,0.707106781186549));
#2841=DIRECTION('',(1.,3.49148336110938E-15,3.49148336110938E-15));
#2842=DIRECTION('center_axis',(1.,3.49148336110938E-15,3.49148336110938E-15));
#2843=DIRECTION('ref_axis',(3.49148336110938E-15,-1.,0.));
#2844=DIRECTION('',(-3.49148336110938E-15,1.,0.));
#2845=DIRECTION('center_axis',(3.49148336110938E-15,-1.,0.));
#2846=DIRECTION('ref_axis',(-1.,-3.49148336110938E-15,-3.49148336110938E-15));
#2847=DIRECTION('',(-3.64232888075954E-15,-1.27171306828601E-29,1.));
#2848=DIRECTION('',(0.499999999999998,1.74574168055468E-15,-0.86602540378444));
#2849=DIRECTION('',(3.49148336110938E-15,1.21904560609037E-29,-1.));
#2850=DIRECTION('',(-1.,-3.49148336110938E-15,-3.49148336110938E-15));
#2851=DIRECTION('center_axis',(3.49148336110938E-15,-1.,0.));
#2852=DIRECTION('ref_axis',(-1.,-3.49148336110938E-15,-3.49148336110938E-15));
#2853=DIRECTION('',(-3.49148336110938E-15,-1.21904560609037E-29,1.));
#2854=DIRECTION('',(1.,3.49148336110938E-15,3.49148336110938E-15));
#2855=DIRECTION('center_axis',(1.,3.49148336110938E-15,3.49148336110938E-15));
#2856=DIRECTION('ref_axis',(3.49148336110938E-15,-1.,0.));
#2857=DIRECTION('',(-3.49148336110938E-15,1.,0.));
#2858=DIRECTION('center_axis',(1.,3.49148336110938E-15,3.49148336110938E-15));
#2859=DIRECTION('ref_axis',(3.49148336110938E-15,-1.,0.));
#2860=DIRECTION('',(-3.49148336110938E-15,-1.21904560609037E-29,1.));
#2861=DIRECTION('',(-3.49148336110938E-15,1.,0.));
#2862=DIRECTION('',(-3.49148336110938E-15,-1.21904560609037E-29,1.));
#2863=DIRECTION('center_axis',(1.,3.49148336110938E-15,3.18979232180907E-15));
#2864=DIRECTION('ref_axis',(3.18979232180907E-15,1.11371068169908E-29,-1.));
#2865=DIRECTION('',(-3.49148336110938E-15,1.,0.));
#2866=DIRECTION('center_axis',(3.49148336110938E-15,-1.,0.));
#2867=DIRECTION('ref_axis',(-1.,-3.49148336110938E-15,-3.49148336110938E-15));
#2868=DIRECTION('',(1.,3.49148336110938E-15,3.49148336110938E-15));
#2869=DIRECTION('center_axis',(1.,3.49148336110938E-15,3.49148336110938E-15));
#2870=DIRECTION('ref_axis',(3.49148336110938E-15,-1.,0.));
#2871=DIRECTION('',(-3.49148336110938E-15,1.,0.));
#2872=DIRECTION('center_axis',(-1.,-3.49148336110938E-15,-3.64232888075954E-15));
#2873=DIRECTION('ref_axis',(-3.64232888075954E-15,-1.27171306828601E-29,
1.));
#2874=DIRECTION('',(-3.49148336110938E-15,1.,0.));
#2875=DIRECTION('center_axis',(-3.49148336110938E-15,1.,0.));
#2876=DIRECTION('ref_axis',(1.,3.49148336110938E-15,3.49148336110938E-15));
#2877=DIRECTION('',(-1.,-3.49148336110938E-15,-3.49148336110938E-15));
#2878=DIRECTION('center_axis',(-1.,-3.49148336110938E-15,-3.49148336110938E-15));
#2879=DIRECTION('ref_axis',(-3.49148336110938E-15,1.,0.));
#2880=DIRECTION('',(3.49148336110938E-15,-1.,0.));
#2881=DIRECTION('center_axis',(-3.49148336110938E-15,1.,0.));
#2882=DIRECTION('ref_axis',(1.,3.49148336110938E-15,3.49148336110938E-15));
#2883=DIRECTION('',(1.,3.49148336110938E-15,3.49148336110938E-15));
#2884=DIRECTION('',(1.,3.49148336110938E-15,3.49148336110938E-15));
#2885=DIRECTION('center_axis',(-0.86602540378444,-3.44344069811599E-15,
-0.499999999999998));
#2886=DIRECTION('ref_axis',(-0.499999999999998,-1.74574168055468E-15,0.86602540378444));
#2887=DIRECTION('',(3.49148336110938E-15,-1.,8.39454821009175E-16));
#2888=DIRECTION('',(0.474341649025257,-0.316227766016834,-0.821583836257751));
#2889=DIRECTION('center_axis',(-3.49148336110938E-15,1.20466908053933E-16,
1.));
#2890=DIRECTION('ref_axis',(-3.49148336110938E-15,1.,-1.20466908053945E-16));
#2891=DIRECTION('',(1.,3.49148336110938E-15,3.49148336110938E-15));
#2892=DIRECTION('center_axis',(3.49148336110938E-15,8.03112720359754E-17,
-1.));
#2893=DIRECTION('ref_axis',(3.49148336110938E-15,-1.,-8.03112720359632E-17));
#2894=DIRECTION('',(1.,3.49148336110938E-15,3.49148336110938E-15));
#2895=DIRECTION('center_axis',(-3.49148336110937E-15,1.,-2.72170167144502E-15));
#2896=DIRECTION('ref_axis',(3.49148336110939E-15,-2.72170167144501E-15,
-1.));
#2897=DIRECTION('',(-1.,-3.49148336110938E-15,-3.49148336110938E-15));
#2898=DIRECTION('',(1.,3.49148336110938E-15,3.49148336110938E-15));
#2899=DIRECTION('center_axis',(-3.49148336110938E-15,1.,-5.66903096724447E-16));
#2900=DIRECTION('ref_axis',(3.49148336110938E-15,-5.66903096724435E-16,
-1.));
#2901=DIRECTION('center_axis',(2.83215016052261E-15,0.173648177666926,-0.984807753012209));
#2902=DIRECTION('ref_axis',(4.04472960654468E-15,-0.984807753012209,-0.173648177666926));
#2903=DIRECTION('center_axis',(-3.49148336110938E-15,8.10618446718122E-16,
1.));
#2904=DIRECTION('ref_axis',(-3.49148336110938E-15,1.,-8.10618446718134E-16));
#2905=DIRECTION('',(3.49148336110938E-15,-1.,8.10618446718134E-16));
#2906=DIRECTION('',(1.,3.49148336110938E-15,3.49148336110938E-15));
#2907=DIRECTION('',(-1.,-3.35158630659512E-15,-3.49148336110938E-15));
#2908=DIRECTION('',(1.,3.49148336110938E-15,3.49148336110938E-15));
#2909=DIRECTION('',(-1.,-3.35158630659512E-15,-3.49148336110938E-15));
#2910=DIRECTION('',(1.,3.49148336110938E-15,3.49148336110938E-15));
#2911=DIRECTION('',(-1.,-3.35158630659512E-15,-3.49148336110938E-15));
#2912=DIRECTION('',(1.,3.49148336110938E-15,3.49148336110938E-15));
#2913=DIRECTION('',(-1.,-3.35158630659512E-15,-3.49148336110938E-15));
#2914=DIRECTION('',(1.,3.49148336110938E-15,3.49148336110938E-15));
#2915=DIRECTION('',(-1.,-3.35158630659512E-15,-3.49148336110938E-15));
#2916=DIRECTION('',(1.,3.49148336110938E-15,3.49148336110938E-15));
#2917=DIRECTION('',(3.49148336110938E-15,-1.,8.10618446718134E-16));
#2918=DIRECTION('center_axis',(-3.49148336110938E-15,-1.21904560609037E-29,
1.));
#2919=DIRECTION('ref_axis',(1.,3.49148336110938E-15,3.49148336110938E-15));
#2920=DIRECTION('center_axis',(-3.49148336110938E-15,-1.21904560609037E-29,
1.));
#2921=DIRECTION('ref_axis',(1.,3.49148336110938E-15,3.49148336110938E-15));
#2922=DIRECTION('center_axis',(-3.49148336110938E-15,-1.21904560609037E-29,
1.));
#2923=DIRECTION('ref_axis',(1.,3.49148336110938E-15,3.49148336110938E-15));
#2924=DIRECTION('center_axis',(-3.49148336110938E-15,-1.21904560609037E-29,
1.));
#2925=DIRECTION('ref_axis',(1.,3.49148336110938E-15,3.49148336110938E-15));
#2926=DIRECTION('center_axis',(0.866025403784444,2.60398587710684E-15,-0.499999999999992));
#2927=DIRECTION('ref_axis',(-0.499999999999991,-1.74574168055466E-15,-0.866025403784443));
#2928=DIRECTION('',(3.49148336110938E-15,-1.,8.39454821009175E-16));
#2929=DIRECTION('',(0.474341649025248,0.316227766016838,0.821583836257754));
#2930=DIRECTION('center_axis',(-1.,-3.49148336110938E-15,-3.49148336110938E-15));
#2931=DIRECTION('ref_axis',(-3.49148336110938E-15,1.,0.));
#2932=DIRECTION('',(3.49148336110938E-15,1.21904560609037E-29,-1.));
#2933=DIRECTION('',(3.49148336110938E-15,-1.,0.));
#2934=DIRECTION('',(-3.49148336110938E-15,-8.67361737988417E-16,1.));
#2935=DIRECTION('',(3.49148336110938E-15,-1.,0.));
#2936=DIRECTION('',(-3.49148336110938E-15,-1.21904560609037E-29,1.));
#2937=DIRECTION('center_axis',(-1.,-3.49148336110938E-15,-3.49148336110938E-15));
#2938=DIRECTION('ref_axis',(-3.49148336110938E-15,1.,0.));
#2939=DIRECTION('',(-3.49148336110938E-15,-1.21904560609037E-29,1.));
#2940=DIRECTION('',(3.49148336110938E-15,-1.,0.));
#2941=DIRECTION('',(-3.49148336110938E-15,-8.67361737988417E-16,1.));
#2942=DIRECTION('',(3.49148336110938E-15,-1.,0.));
#2943=DIRECTION('',(3.49148336110938E-15,1.21904560609037E-29,-1.));
#2944=DIRECTION('center_axis',(-2.00427178239591E-15,0.933256525257384,
-0.359210604053547));
#2945=DIRECTION('ref_axis',(4.51262747676992E-15,-0.359210604053547,-0.933256525257384));
#2946=DIRECTION('',(-1.,-3.49148336110938E-15,-3.49148336110938E-15));
#2947=DIRECTION('center_axis',(-3.35158630659512E-15,1.,4.88448238104746E-31));
#2948=DIRECTION('ref_axis',(1.,3.35158630659512E-15,3.49148336110938E-15));
#2949=DIRECTION('',(3.49148336110938E-15,1.21904560609037E-29,-1.));
#2950=DIRECTION('',(1.,3.35158630659512E-15,3.49148336110938E-15));
#2951=DIRECTION('',(3.49148336110938E-15,1.21904560609037E-29,-1.));
#2952=DIRECTION('center_axis',(-3.35158630659512E-15,1.,4.88448238104746E-31));
#2953=DIRECTION('ref_axis',(1.,3.35158630659512E-15,3.49148336110938E-15));
#2954=DIRECTION('',(3.49148336110938E-15,1.21904560609037E-29,-1.));
#2955=DIRECTION('',(1.,3.35158630659512E-15,3.49148336110938E-15));
#2956=DIRECTION('',(3.49148336110938E-15,1.21904560609037E-29,-1.));
#2957=DIRECTION('center_axis',(3.49148336110938E-15,-1.,0.));
#2958=DIRECTION('ref_axis',(-1.,-3.49148336110938E-15,-3.49148336110938E-15));
#2959=DIRECTION('',(1.,3.49148336110938E-15,3.49148336110938E-15));
#2960=DIRECTION('',(3.49148336110938E-15,1.21904560609037E-29,-1.));
#2961=DIRECTION('center_axis',(3.49148336110938E-15,-1.,0.));
#2962=DIRECTION('ref_axis',(-1.,-3.49148336110938E-15,-3.49148336110938E-15));
#2963=DIRECTION('',(1.,3.49148336110938E-15,3.49148336110938E-15));
#2964=DIRECTION('',(3.49148336110938E-15,1.21904560609037E-29,-1.));
#2965=DIRECTION('',(3.49148336110938E-15,1.21904560609037E-29,-1.));
#2966=DIRECTION('center_axis',(-3.35158630659512E-15,1.,4.88448238104746E-31));
#2967=DIRECTION('ref_axis',(1.,3.35158630659512E-15,3.49148336110938E-15));
#2968=DIRECTION('',(3.49148336110938E-15,1.21904560609037E-29,-1.));
#2969=DIRECTION('',(1.,3.35158630659512E-15,3.49148336110938E-15));
#2970=DIRECTION('',(3.49148336110938E-15,1.21904560609037E-29,-1.));
#2971=DIRECTION('center_axis',(-3.35158630659512E-15,1.,4.88448238104746E-31));
#2972=DIRECTION('ref_axis',(1.,3.35158630659512E-15,3.49148336110938E-15));
#2973=DIRECTION('',(3.49148336110938E-15,1.21904560609037E-29,-1.));
#2974=DIRECTION('',(1.,3.35158630659512E-15,3.49148336110938E-15));
#2975=DIRECTION('',(3.49148336110938E-15,1.21904560609037E-29,-1.));
#2976=DIRECTION('center_axis',(3.49148336110938E-15,-1.,0.));
#2977=DIRECTION('ref_axis',(-1.,-3.49148336110938E-15,-3.49148336110938E-15));
#2978=DIRECTION('',(1.,3.49148336110938E-15,3.49148336110938E-15));
#2979=DIRECTION('',(3.49148336110938E-15,1.21904560609037E-29,-1.));
#2980=DIRECTION('',(3.49148336110938E-15,1.21904560609037E-29,-1.));
#2981=DIRECTION('center_axis',(-3.35158630659512E-15,1.,4.88448238104746E-31));
#2982=DIRECTION('ref_axis',(1.,3.35158630659512E-15,3.49148336110938E-15));
#2983=DIRECTION('',(3.49148336110938E-15,1.21904560609037E-29,-1.));
#2984=DIRECTION('',(1.,3.35158630659512E-15,3.49148336110938E-15));
#2985=DIRECTION('',(3.49148336110938E-15,1.21904560609037E-29,-1.));
#2986=DIRECTION('center_axis',(3.49148336110938E-15,-1.,0.));
#2987=DIRECTION('ref_axis',(-1.,-3.49148336110938E-15,-3.49148336110938E-15));
#2988=DIRECTION('',(1.,3.49148336110938E-15,3.49148336110938E-15));
#2989=DIRECTION('',(3.49148336110938E-15,1.21904560609037E-29,-1.));
#2990=DIRECTION('',(3.49148336110938E-15,1.21904560609037E-29,-1.));
#2991=DIRECTION('center_axis',(3.49148336110938E-15,-1.,0.));
#2992=DIRECTION('ref_axis',(-1.,-3.49148336110938E-15,-3.49148336110938E-15));
#2993=DIRECTION('',(3.49148336110938E-15,1.21904560609037E-29,-1.));
#2994=DIRECTION('',(1.,3.49148336110938E-15,3.49148336110938E-15));
#2995=DIRECTION('center_axis',(3.49148336110938E-15,-1.,0.));
#2996=DIRECTION('ref_axis',(-1.,-3.49148336110938E-15,-3.49148336110938E-15));
#2997=DIRECTION('',(1.,3.49148336110938E-15,3.49148336110938E-15));
#2998=DIRECTION('',(3.49148336110938E-15,1.21904560609037E-29,-1.));
#2999=DIRECTION('',(3.49148336110938E-15,1.21904560609037E-29,-1.));
#3000=DIRECTION('center_axis',(-3.49148336110939E-15,1.,8.67361737988404E-16));
#3001=DIRECTION('ref_axis',(3.49148336110938E-15,8.67361737988417E-16,-1.));
#3002=DIRECTION('',(1.,3.49148336110938E-15,3.49148336110938E-15));
#3003=DIRECTION('',(3.49148336110938E-15,1.21904560609037E-29,-1.));
#3004=DIRECTION('',(1.,3.49148336110938E-15,3.49148336110938E-15));
#3005=DIRECTION('center_axis',(-3.49148336110938E-15,1.,0.));
#3006=DIRECTION('ref_axis',(1.,3.49148336110938E-15,3.49148336110938E-15));
#3007=DIRECTION('',(1.,3.49148336110938E-15,3.49148336110938E-15));
#3008=DIRECTION('center_axis',(-3.49148336110938E-15,-1.21904560609037E-29,
1.));
#3009=DIRECTION('ref_axis',(1.,3.49148336110938E-15,3.49148336110938E-15));
#3010=DIRECTION('',(1.,3.49148336110938E-15,3.49148336110938E-15));
#3011=DIRECTION('',(1.,3.49148336110938E-15,3.49148336110938E-15));
#3012=DIRECTION('',(1.,3.49148336110938E-15,3.49148336110938E-15));
#3013=DIRECTION('',(1.,3.49148336110938E-15,3.49148336110938E-15));
#3014=DIRECTION('',(1.,3.49148336110938E-15,3.49148336110938E-15));
#3015=DIRECTION('',(1.,3.49148336110938E-15,3.49148336110938E-15));
#3016=DIRECTION('',(1.,3.49148336110938E-15,3.49148336110938E-15));
#3017=DIRECTION('',(1.,3.49148336110938E-15,3.49148336110938E-15));
#3018=DIRECTION('',(1.,3.49148336110938E-15,3.49148336110938E-15));
#3019=DIRECTION('',(1.,3.49148336110938E-15,3.49148336110938E-15));
#3020=DIRECTION('center_axis',(-3.49148336110938E-15,-1.21904560609037E-29,
1.));
#3021=DIRECTION('ref_axis',(1.,3.49148336110938E-15,3.49148336110938E-15));
#3022=DIRECTION('',(-3.28787731932807E-15,1.,7.10887107100804E-31));
#3023=DIRECTION('center_axis',(-3.49148336110939E-15,1.,8.67361737988404E-16));
#3024=DIRECTION('ref_axis',(3.49148336110938E-15,8.67361737988417E-16,-1.));
#3025=DIRECTION('',(3.49148336110938E-15,1.21904560609037E-29,-1.));
#3026=DIRECTION('',(1.,3.49148336110938E-15,3.49148336110938E-15));
#3027=DIRECTION('center_axis',(-3.49148336110938E-15,-1.21904560609037E-29,
1.));
#3028=DIRECTION('ref_axis',(1.,3.49148336110938E-15,3.49148336110938E-15));
#3029=DIRECTION('',(3.49148336110938E-15,-1.,0.));
#3030=DIRECTION('center_axis',(3.49148336110938E-15,1.21904560609037E-29,
-1.));
#3031=DIRECTION('ref_axis',(-1.,-3.49148336110938E-15,-3.49148336110938E-15));
#3032=DIRECTION('',(3.49148336110938E-15,-1.,0.));
#3033=DIRECTION('',(-1.,-3.49148336110938E-15,-3.49148336110938E-15));
#3034=DIRECTION('',(-3.28787731932807E-15,1.,7.10887107100804E-31));
#3035=DIRECTION('center_axis',(1.,3.49148336110938E-15,3.49148336110938E-15));
#3036=DIRECTION('ref_axis',(3.49148336110938E-15,-1.,0.));
#3037=DIRECTION('',(3.49148336110938E-15,-1.,0.));
#3038=DIRECTION('',(3.49148336110938E-15,1.21904560609037E-29,-1.));
#3039=DIRECTION('',(3.49148336110938E-15,1.21904560609037E-29,-1.));
#3040=DIRECTION('center_axis',(-1.,-3.28787731932807E-15,-3.49148336110938E-15));
#3041=DIRECTION('ref_axis',(-3.28787731932807E-15,1.,7.10887107100805E-31));
#3042=DIRECTION('',(-3.28787731932807E-15,1.,7.10887107100804E-31));
#3043=DIRECTION('',(3.49148336110938E-15,1.21904560609037E-29,-1.));
#3044=DIRECTION('',(3.49148336110938E-15,1.21904560609037E-29,-1.));
#3045=DIRECTION('center_axis',(-1.,-3.28787731932807E-15,-3.49148336110938E-15));
#3046=DIRECTION('ref_axis',(-3.28787731932807E-15,1.,7.10887107100805E-31));
#3047=DIRECTION('',(-3.28787731932807E-15,1.,7.10887107100804E-31));
#3048=DIRECTION('',(-3.28787731932807E-15,1.,7.10887107100804E-31));
#3049=DIRECTION('',(3.49148336110938E-15,1.21904560609037E-29,-1.));
#3050=DIRECTION('',(3.49148336110938E-15,1.21904560609037E-29,-1.));
#3051=DIRECTION('center_axis',(3.49148336110938E-15,1.21904560609037E-29,
-1.));
#3052=DIRECTION('ref_axis',(-1.,-3.49148336110938E-15,-3.49148336110938E-15));
#3053=DIRECTION('',(3.49148336110938E-15,-1.,0.));
#3054=DIRECTION('',(-1.,-3.49148336110938E-15,-3.49148336110938E-15));
#3055=DIRECTION('center_axis',(1.,3.49148336110938E-15,3.49148336110938E-15));
#3056=DIRECTION('ref_axis',(3.49148336110938E-15,-1.,0.));
#3057=DIRECTION('',(3.49148336110938E-15,-1.,0.));
#3058=DIRECTION('',(3.49148336110938E-15,1.21904560609037E-29,-1.));
#3059=DIRECTION('',(3.49148336110938E-15,1.21904560609037E-29,-1.));
#3060=DIRECTION('center_axis',(1.,3.49148336110938E-15,3.49148336110938E-15));
#3061=DIRECTION('ref_axis',(3.49148336110938E-15,-1.,0.));
#3062=DIRECTION('',(3.49148336110938E-15,1.21904560609037E-29,-1.));
#3063=DIRECTION('',(3.49148336110938E-15,-1.,0.));
#3064=DIRECTION('center_axis',(-3.49148336110938E-15,-1.21904560609037E-29,
1.));
#3065=DIRECTION('ref_axis',(1.,3.49148336110938E-15,3.49148336110938E-15));
#3066=DIRECTION('',(1.,3.49148336110938E-15,3.49148336110938E-15));
#3067=DIRECTION('center_axis',(1.,3.49148336110938E-15,3.49148336110938E-15));
#3068=DIRECTION('ref_axis',(3.49148336110938E-15,-1.,0.));
#3069=DIRECTION('',(3.49148336110938E-15,-1.,0.));
#3070=DIRECTION('',(3.49148336110938E-15,1.21904560609037E-29,-1.));
#3071=DIRECTION('',(3.49148336110938E-15,1.21904560609037E-29,-1.));
#3072=DIRECTION('',(3.49148336110938E-15,-1.,0.));
#3073=DIRECTION('center_axis',(3.49148336110938E-15,1.21904560609037E-29,
-1.));
#3074=DIRECTION('ref_axis',(-1.,-3.49148336110938E-15,-3.49148336110938E-15));
#3075=DIRECTION('',(-1.,-3.49148336110938E-15,-3.49148336110938E-15));
#3076=DIRECTION('',(-3.28787731932807E-15,1.,7.10887107100804E-31));
#3077=DIRECTION('center_axis',(-1.,-3.28787731932807E-15,-3.49148336110938E-15));
#3078=DIRECTION('ref_axis',(-3.28787731932807E-15,1.,7.10887107100805E-31));
#3079=DIRECTION('',(3.49148336110938E-15,1.21904560609037E-29,-1.));
#3080=DIRECTION('center_axis',(-1.,-3.28787731932807E-15,-3.49148336110938E-15));
#3081=DIRECTION('ref_axis',(-3.28787731932807E-15,1.,7.10887107100805E-31));
#3082=DIRECTION('',(-3.28787731932807E-15,1.,7.10887107100804E-31));
#3083=DIRECTION('',(-3.28787731932807E-15,1.,7.10887107100804E-31));
#3084=DIRECTION('',(3.49148336110938E-15,1.21904560609037E-29,-1.));
#3085=DIRECTION('',(3.49148336110938E-15,1.21904560609037E-29,-1.));
#3086=DIRECTION('center_axis',(3.49148336110938E-15,1.21904560609037E-29,
-1.));
#3087=DIRECTION('ref_axis',(-1.,-3.49148336110938E-15,-3.49148336110938E-15));
#3088=DIRECTION('',(3.49148336110938E-15,-1.,0.));
#3089=DIRECTION('',(-1.,-3.49148336110938E-15,-3.49148336110938E-15));
#3090=DIRECTION('center_axis',(1.,3.49148336110938E-15,3.49148336110938E-15));
#3091=DIRECTION('ref_axis',(3.49148336110938E-15,-1.,0.));
#3092=DIRECTION('',(3.49148336110938E-15,-1.,0.));
#3093=DIRECTION('',(3.49148336110938E-15,1.21904560609037E-29,-1.));
#3094=DIRECTION('',(3.49148336110938E-15,1.21904560609037E-29,-1.));
#3095=DIRECTION('center_axis',(-3.49148336110938E-15,-1.21904560609037E-29,
1.));
#3096=DIRECTION('ref_axis',(1.,3.49148336110938E-15,3.49148336110938E-15));
#3097=DIRECTION('',(1.,3.49148336110938E-15,3.49148336110938E-15));
#3098=DIRECTION('center_axis',(-1.,-3.28787731932807E-15,-3.49148336110938E-15));
#3099=DIRECTION('ref_axis',(-3.28787731932807E-15,1.,7.10887107100805E-31));
#3100=DIRECTION('',(-3.28787731932807E-15,1.,7.10887107100804E-31));
#3101=DIRECTION('',(-3.28787731932807E-15,1.,7.10887107100804E-31));
#3102=DIRECTION('',(3.49148336110938E-15,1.21904560609037E-29,-1.));
#3103=DIRECTION('',(3.49148336110938E-15,1.21904560609037E-29,-1.));
#3104=DIRECTION('center_axis',(3.49148336110938E-15,1.21904560609037E-29,
-1.));
#3105=DIRECTION('ref_axis',(-1.,-3.49148336110938E-15,-3.49148336110938E-15));
#3106=DIRECTION('',(-1.,-3.49148336110938E-15,-3.49148336110938E-15));
#3107=DIRECTION('center_axis',(-3.49148336110938E-15,-1.21904560609037E-29,
1.));
#3108=DIRECTION('ref_axis',(1.,3.49148336110938E-15,3.49148336110938E-15));
#3109=DIRECTION('',(1.,3.49148336110938E-15,3.49148336110938E-15));
#3110=DIRECTION('center_axis',(-3.49148336110938E-15,-1.21904560609037E-29,
1.));
#3111=DIRECTION('ref_axis',(1.,3.49148336110938E-15,3.49148336110938E-15));
#3112=DIRECTION('',(1.,3.49148336110938E-15,3.49148336110938E-15));
#3113=DIRECTION('center_axis',(3.49148336110938E-15,-1.,0.));
#3114=DIRECTION('ref_axis',(-1.,-3.49148336110938E-15,-3.49148336110938E-15));
#3115=DIRECTION('center_axis',(-3.49148336110939E-15,1.,8.67361737988404E-16));
#3116=DIRECTION('ref_axis',(3.49148336110938E-15,8.67361737988417E-16,-1.));
#3117=DIRECTION('center_axis',(3.49148336110938E-15,-1.,0.));
#3118=DIRECTION('ref_axis',(-1.,-3.49148336110938E-15,-3.49148336110938E-15));
#3119=DIRECTION('center_axis',(-3.49148336110939E-15,1.,8.67361737988404E-16));
#3120=DIRECTION('ref_axis',(3.49148336110938E-15,8.67361737988417E-16,-1.));
#3121=DIRECTION('center_axis',(-3.49148336110939E-15,1.,8.67361737988404E-16));
#3122=DIRECTION('ref_axis',(3.49148336110938E-15,8.67361737988417E-16,-1.));
#3123=DIRECTION('center_axis',(3.49148336110938E-15,-1.,0.));
#3124=DIRECTION('ref_axis',(-1.,-3.49148336110938E-15,-3.49148336110938E-15));
#3125=DIRECTION('center_axis',(3.49148336110938E-15,-1.,0.));
#3126=DIRECTION('ref_axis',(-1.,-3.49148336110938E-15,-3.49148336110938E-15));
#3127=DIRECTION('center_axis',(3.49148336110938E-15,-1.,0.));
#3128=DIRECTION('ref_axis',(-1.,-3.49148336110938E-15,-3.49148336110938E-15));
#3129=DIRECTION('center_axis',(-3.49148336110939E-15,1.,8.67361737988404E-16));
#3130=DIRECTION('ref_axis',(3.49148336110938E-15,8.67361737988417E-16,-1.));
#3131=DIRECTION('axis',(0.,0.,1.));
#3132=DIRECTION('refdir',(1.,0.,0.));
#3133=DIRECTION('center_axis',(0.,-1.,0.));
#3134=DIRECTION('ref_axis',(1.,0.,-1.38777878078145E-16));
#3135=DIRECTION('',(-1.,0.,1.38777878078145E-16));
#3136=DIRECTION('',(1.15648231731787E-16,0.,1.));
#3137=DIRECTION('',(1.,0.,-1.38777878078145E-16));
#3138=DIRECTION('',(1.15648231731787E-16,0.,1.));
#3139=DIRECTION('center_axis',(1.15648231731787E-16,0.,1.));
#3140=DIRECTION('ref_axis',(1.,0.,-1.15648231731787E-16));
#3141=DIRECTION('',(0.,-1.,0.));
#3142=DIRECTION('',(0.,1.,0.));
#3143=DIRECTION('',(-1.,0.,1.38777878078145E-16));
#3144=DIRECTION('center_axis',(1.38777878078145E-16,0.,1.));
#3145=DIRECTION('ref_axis',(1.,0.,-1.38777878078145E-16));
#3146=DIRECTION('',(0.,1.,0.));
#3147=DIRECTION('',(1.,0.,-1.38777878078145E-16));
#3148=DIRECTION('',(0.,1.,0.));
#3149=DIRECTION('center_axis',(-1.,0.,6.93889390390723E-17));
#3150=DIRECTION('ref_axis',(6.93889390390723E-17,0.,1.));
#3151=DIRECTION('',(6.93889390390723E-17,0.,1.));
#3152=DIRECTION('',(6.93889390390723E-17,0.,1.));
#3153=DIRECTION('',(0.,1.,0.));
#3154=DIRECTION('center_axis',(0.,0.,-1.));
#3155=DIRECTION('ref_axis',(-1.,0.,0.));
#3156=DIRECTION('',(-1.,0.,0.));
#3157=DIRECTION('',(-1.,0.,0.));
#3158=DIRECTION('',(0.,1.,0.));
#3159=DIRECTION('center_axis',(1.,0.,0.));
#3160=DIRECTION('ref_axis',(0.,0.,-1.));
#3161=DIRECTION('',(0.,0.,-1.));
#3162=DIRECTION('',(1.15648231731787E-16,0.,1.));
#3163=DIRECTION('center_axis',(0.,1.,0.));
#3164=DIRECTION('ref_axis',(0.,0.,1.));
#3165=DIRECTION('center_axis',(0.,1.,0.));
#3166=DIRECTION('ref_axis',(0.,0.,1.));
#3167=DIRECTION('',(0.,0.,1.));
#3168=DIRECTION('',(1.,0.,0.));
#3169=DIRECTION('',(2.31296463463574E-16,1.25681746463535E-29,1.));
#3170=DIRECTION('',(-1.,3.58136459556502E-15,2.31296463463574E-16));
#3171=DIRECTION('',(6.74246985186109E-102,5.01047448773445E-60,1.));
#3172=DIRECTION('',(1.,-4.33251283889471E-44,-6.52539040139045E-102));
#3173=DIRECTION('',(7.20488546394673E-102,5.10326105232209E-60,1.));
#3174=DIRECTION('',(1.,-4.4127445581335E-44,-6.97969158957304E-102));
#3175=DIRECTION('',(7.20372097205214E-102,5.08006441117517E-60,1.));
#3176=DIRECTION('',(1.,-4.3926866283238E-44,-6.98056966195221E-102));
#3177=DIRECTION('',(7.20488546394673E-102,5.10326105232209E-60,1.));
#3178=DIRECTION('',(1.,-4.4127445581335E-44,-6.97969158957304E-102));
#3179=CARTESIAN_POINT('',(0.,0.,0.));
#3180=CARTESIAN_POINT('',(0.,0.,0.));
#3181=CARTESIAN_POINT('Origin',(-1.99999999999999,2.675,-2.725));
#3182=CARTESIAN_POINT('',(-2.49999999999999,2.675,-2.725));
#3183=CARTESIAN_POINT('',(-1.99999999999999,2.675,-2.725));
#3184=CARTESIAN_POINT('',(-1.73749999999999,2.675,-2.725));
#3185=CARTESIAN_POINT('',(-2.49999999999998,2.675,-7.075));
#3186=CARTESIAN_POINT('',(-2.49999999999999,2.675,-2.725));
#3187=CARTESIAN_POINT('',(-1.99999999999997,2.675,-7.075));
#3188=CARTESIAN_POINT('',(-1.99999999999997,2.675,-7.075));
#3189=CARTESIAN_POINT('',(-1.99999999999999,2.675,-2.725));
#3190=CARTESIAN_POINT('Origin',(-1.99999999999999,3.175,-2.725));
#3191=CARTESIAN_POINT('',(-1.99999999999999,3.175,-2.725));
#3192=CARTESIAN_POINT('',(-1.99999999999999,2.525,-2.725));
#3193=CARTESIAN_POINT('',(-1.99999999999998,3.175,-7.075));
#3194=CARTESIAN_POINT('',(-1.99999999999998,3.175,-7.075));
#3195=CARTESIAN_POINT('',(-1.99999999999999,3.175,-2.725));
#3196=CARTESIAN_POINT('Origin',(-2.49999999999999,3.175,-2.725));
#3197=CARTESIAN_POINT('',(-2.49999999999999,3.175,-2.725));
#3198=CARTESIAN_POINT('',(-1.98749999999999,3.175,-2.725));
#3199=CARTESIAN_POINT('',(-2.49999999999998,3.175,-7.075));
#3200=CARTESIAN_POINT('',(-2.49999999999998,3.175,-7.075));
#3201=CARTESIAN_POINT('',(-2.49999999999999,3.175,-2.725));
#3202=CARTESIAN_POINT('Origin',(-2.49999999999999,2.675,-2.725));
#3203=CARTESIAN_POINT('',(-2.49999999999999,2.275,-2.725));
#3204=CARTESIAN_POINT('',(-2.49999999999998,2.675,-7.075));
#3205=CARTESIAN_POINT('Origin',(-2.24999999999998,2.925,-7.075));
#3206=CARTESIAN_POINT('Origin',(1.11022302462516E-14,2.67500000000001,-2.72499999999999));
#3207=CARTESIAN_POINT('',(-0.499999999999989,2.67500000000001,-2.72499999999999));
#3208=CARTESIAN_POINT('',(1.11022302462516E-14,2.67500000000001,-2.72499999999999));
#3209=CARTESIAN_POINT('',(0.262500000000011,2.67500000000001,-2.72499999999999));
#3210=CARTESIAN_POINT('',(-0.499999999999974,2.67500000000001,-7.07499999999999));
#3211=CARTESIAN_POINT('',(-0.499999999999989,2.67500000000001,-2.72499999999999));
#3212=CARTESIAN_POINT('',(2.62984078958084E-14,2.67500000000001,-7.07499999999999));
#3213=CARTESIAN_POINT('',(2.62984078958084E-14,2.67500000000001,-7.07499999999999));
#3214=CARTESIAN_POINT('',(1.11022302462516E-14,2.67500000000001,-2.72499999999999));
#3215=CARTESIAN_POINT('Origin',(9.99200722162641E-15,3.17500000000001,-2.72499999999999));
#3216=CARTESIAN_POINT('',(9.99200722162641E-15,3.17500000000001,-2.72499999999999));
#3217=CARTESIAN_POINT('',(1.23165366794353E-14,2.52500000000001,-2.72499999999999));
#3218=CARTESIAN_POINT('',(2.51881848711832E-14,3.17500000000001,-7.07499999999999));
#3219=CARTESIAN_POINT('',(2.51881848711832E-14,3.17500000000001,-7.07499999999999));
#3220=CARTESIAN_POINT('',(9.99200722162641E-15,3.17500000000001,-2.72499999999999));
#3221=CARTESIAN_POINT('Origin',(-0.49999999999999,3.17500000000001,-2.72499999999999));
#3222=CARTESIAN_POINT('',(-0.49999999999999,3.17500000000001,-2.72499999999999));
#3223=CARTESIAN_POINT('',(0.0125000000000091,3.17500000000001,-2.72499999999999));
#3224=CARTESIAN_POINT('',(-0.499999999999975,3.17500000000001,-7.07499999999999));
#3225=CARTESIAN_POINT('',(-0.499999999999975,3.17500000000001,-7.07499999999999));
#3226=CARTESIAN_POINT('',(-0.49999999999999,3.17500000000001,-2.72499999999999));
#3227=CARTESIAN_POINT('Origin',(-0.499999999999989,2.67500000000001,-2.72499999999999));
#3228=CARTESIAN_POINT('',(-0.499999999999987,2.27500000000001,-2.72499999999999));
#3229=CARTESIAN_POINT('',(-0.499999999999974,2.67500000000001,-7.07499999999999));
#3230=CARTESIAN_POINT('Origin',(-0.249999999999974,2.92500000000001,-7.07499999999999));
#3231=CARTESIAN_POINT('Origin',(-3.99999999999999,2.67499999999999,-2.72500000000001));
#3232=CARTESIAN_POINT('',(-4.49999999999999,2.67499999999999,-2.72500000000001));
#3233=CARTESIAN_POINT('',(-3.99999999999999,2.67499999999999,-2.72500000000001));
#3234=CARTESIAN_POINT('',(-3.73749999999999,2.675,-2.72500000000001));
#3235=CARTESIAN_POINT('',(-4.49999999999997,2.67499999999999,-7.07500000000001));
#3236=CARTESIAN_POINT('',(-4.49999999999999,2.67499999999999,-2.72500000000001));
#3237=CARTESIAN_POINT('',(-3.99999999999997,2.67499999999999,-7.07500000000001));
#3238=CARTESIAN_POINT('',(-3.99999999999997,2.67499999999999,-7.07500000000001));
#3239=CARTESIAN_POINT('',(-3.99999999999999,2.67499999999999,-2.72500000000001));
#3240=CARTESIAN_POINT('Origin',(-3.99999999999999,3.17499999999999,-2.72500000000001));
#3241=CARTESIAN_POINT('',(-3.99999999999999,3.17499999999999,-2.72500000000001));
#3242=CARTESIAN_POINT('',(-3.99999999999999,2.52499999999999,-2.72500000000001));
#3243=CARTESIAN_POINT('',(-3.99999999999998,3.17499999999999,-7.07500000000001));
#3244=CARTESIAN_POINT('',(-3.99999999999998,3.17499999999999,-7.07500000000001));
#3245=CARTESIAN_POINT('',(-3.99999999999999,3.17499999999999,-2.72500000000001));
#3246=CARTESIAN_POINT('Origin',(-4.49999999999999,3.17499999999999,-2.72500000000001));
#3247=CARTESIAN_POINT('',(-4.49999999999999,3.17499999999999,-2.72500000000001));
#3248=CARTESIAN_POINT('',(-3.98749999999999,3.17499999999999,-2.72500000000001));
#3249=CARTESIAN_POINT('',(-4.49999999999998,3.17499999999999,-7.07500000000001));
#3250=CARTESIAN_POINT('',(-4.49999999999998,3.17499999999999,-7.07500000000001));
#3251=CARTESIAN_POINT('',(-4.49999999999999,3.17499999999999,-2.72500000000001));
#3252=CARTESIAN_POINT('Origin',(-4.49999999999999,2.67499999999999,-2.72500000000001));
#3253=CARTESIAN_POINT('',(-4.49999999999999,2.27499999999999,-2.72500000000001));
#3254=CARTESIAN_POINT('',(-4.49999999999997,2.67499999999999,-7.07500000000001));
#3255=CARTESIAN_POINT('Origin',(-4.24999999999998,2.92499999999999,-7.07500000000001));
#3256=CARTESIAN_POINT('Origin',(1.50000000000001,3.17500000000001,-2.72499999999999));
#3257=CARTESIAN_POINT('',(2.00000000000001,3.17500000000002,-2.72499999999999));
#3258=CARTESIAN_POINT('',(1.50000000000001,3.17500000000001,-2.72499999999999));
#3259=CARTESIAN_POINT('',(2.01250000000001,3.17500000000002,-2.72499999999999));
#3260=CARTESIAN_POINT('',(2.00000000000002,3.17500000000002,-7.07499999999999));
#3261=CARTESIAN_POINT('',(2.00000000000001,3.17500000000002,-2.72499999999999));
#3262=CARTESIAN_POINT('',(1.50000000000002,3.17500000000001,-7.07499999999999));
#3263=CARTESIAN_POINT('',(1.50000000000002,3.17500000000001,-7.07499999999999));
#3264=CARTESIAN_POINT('',(1.50000000000001,3.17500000000001,-2.72499999999999));
#3265=CARTESIAN_POINT('Origin',(1.50000000000001,2.67500000000001,-2.72499999999999));
#3266=CARTESIAN_POINT('',(1.50000000000001,2.67500000000001,-2.72499999999999));
#3267=CARTESIAN_POINT('',(1.50000000000001,2.27500000000001,-2.72499999999999));
#3268=CARTESIAN_POINT('',(1.50000000000003,2.67500000000001,-7.07499999999999));
#3269=CARTESIAN_POINT('',(1.50000000000003,2.67500000000001,-7.07499999999999));
#3270=CARTESIAN_POINT('',(1.50000000000001,2.67500000000001,-2.72499999999999));
#3271=CARTESIAN_POINT('Origin',(2.00000000000001,2.67500000000001,-2.72499999999999));
#3272=CARTESIAN_POINT('',(2.00000000000001,2.67500000000001,-2.72499999999999));
#3273=CARTESIAN_POINT('',(2.26250000000001,2.67500000000002,-2.72499999999998));
#3274=CARTESIAN_POINT('',(2.00000000000003,2.67500000000001,-7.07499999999999));
#3275=CARTESIAN_POINT('',(2.00000000000003,2.67500000000001,-7.07499999999999));
#3276=CARTESIAN_POINT('',(2.00000000000001,2.67500000000001,-2.72499999999999));
#3277=CARTESIAN_POINT('Origin',(2.00000000000001,3.17500000000002,-2.72499999999999));
#3278=CARTESIAN_POINT('',(2.00000000000001,2.52500000000002,-2.72499999999999));
#3279=CARTESIAN_POINT('',(2.00000000000002,3.17500000000002,-7.07499999999999));
#3280=CARTESIAN_POINT('Origin',(1.75000000000003,2.92500000000001,-7.07499999999999));
#3281=CARTESIAN_POINT('Origin',(-6.49999999999999,3.17499999999999,-2.72500000000001));
#3282=CARTESIAN_POINT('',(-5.99999999999999,3.17499999999999,-2.72500000000001));
#3283=CARTESIAN_POINT('',(-6.49999999999999,3.17499999999999,-2.72500000000001));
#3284=CARTESIAN_POINT('',(-5.98749999999999,3.17499999999999,-2.72500000000001));
#3285=CARTESIAN_POINT('',(-5.99999999999998,3.17499999999999,-7.07500000000001));
#3286=CARTESIAN_POINT('',(-5.99999999999999,3.17499999999999,-2.72500000000001));
#3287=CARTESIAN_POINT('',(-6.49999999999998,3.17499999999999,-7.07500000000002));
#3288=CARTESIAN_POINT('',(-6.49999999999998,3.17499999999999,-7.07500000000002));
#3289=CARTESIAN_POINT('',(-6.49999999999999,3.17499999999999,-2.72500000000001));
#3290=CARTESIAN_POINT('Origin',(-6.49999999999999,2.67499999999999,-2.72500000000001));
#3291=CARTESIAN_POINT('',(-6.49999999999999,2.67499999999999,-2.72500000000001));
#3292=CARTESIAN_POINT('',(-6.49999999999999,2.27499999999999,-2.72500000000001));
#3293=CARTESIAN_POINT('',(-6.49999999999997,2.67499999999999,-7.07500000000002));
#3294=CARTESIAN_POINT('',(-6.49999999999997,2.67499999999999,-7.07500000000002));
#3295=CARTESIAN_POINT('',(-6.49999999999999,2.67499999999999,-2.72500000000001));
#3296=CARTESIAN_POINT('Origin',(-5.99999999999999,2.67499999999999,-2.72500000000001));
#3297=CARTESIAN_POINT('',(-5.99999999999999,2.67499999999999,-2.72500000000001));
#3298=CARTESIAN_POINT('',(-5.73749999999999,2.67499999999999,-2.72500000000001));
#3299=CARTESIAN_POINT('',(-5.99999999999997,2.67499999999999,-7.07500000000001));
#3300=CARTESIAN_POINT('',(-5.99999999999997,2.67499999999999,-7.07500000000001));
#3301=CARTESIAN_POINT('',(-5.99999999999999,2.67499999999999,-2.72500000000001));
#3302=CARTESIAN_POINT('Origin',(-5.99999999999999,3.17499999999999,-2.72500000000001));
#3303=CARTESIAN_POINT('',(-5.99999999999999,2.52499999999999,-2.72500000000001));
#3304=CARTESIAN_POINT('',(-5.99999999999998,3.17499999999999,-7.07500000000001));
#3305=CARTESIAN_POINT('Origin',(-6.24999999999997,2.92499999999999,-7.07500000000001));
#3306=CARTESIAN_POINT('Origin',(-4.55000000000001,3.67499999999999,2.37499999999999));
#3307=CARTESIAN_POINT('',(-3.95000000000001,3.67499999999999,2.82499999999999));
#3308=CARTESIAN_POINT('',(-4.55000000000001,3.67499999999999,2.82499999999999));
#3309=CARTESIAN_POINT('',(-4.55000000000001,3.67499999999999,2.82499999999999));
#3310=CARTESIAN_POINT('',(-4.55000000000001,3.67499999999999,2.37499999999999));
#3311=CARTESIAN_POINT('',(-4.55000000000001,3.67499999999999,2.37499999999999));
#3312=CARTESIAN_POINT('',(-3.95000000000001,3.67499999999999,2.37499999999999));
#3313=CARTESIAN_POINT('',(-4.55000000000001,3.67499999999999,2.37499999999999));
#3314=CARTESIAN_POINT('',(-3.95000000000001,3.67499999999999,2.37499999999999));
#3315=CARTESIAN_POINT('Origin',(-3.95000000000001,3.67499999999999,2.37499999999999));
#3316=CARTESIAN_POINT('',(-3.95000000000001,3.07499999999999,2.82499999999999));
#3317=CARTESIAN_POINT('',(-3.95000000000001,3.67499999999999,2.82499999999999));
#3318=CARTESIAN_POINT('',(-3.95000000000001,3.07499999999999,2.37499999999999));
#3319=CARTESIAN_POINT('',(-3.95000000000001,3.67499999999999,2.37499999999999));
#3320=CARTESIAN_POINT('',(-3.95000000000001,3.07499999999999,2.37499999999999));
#3321=CARTESIAN_POINT('Origin',(-3.95000000000001,3.07499999999999,2.37499999999999));
#3322=CARTESIAN_POINT('',(-4.55000000000001,3.07499999999999,2.37499999999999));
#3323=CARTESIAN_POINT('',(-4.55000000000001,3.67499999999999,2.37499999999999));
#3324=CARTESIAN_POINT('',(-4.55000000000001,3.07499999999999,2.37499999999999));
#3325=CARTESIAN_POINT('Origin',(-8.15000000000001,2.92499999999998,2.82499999999998));
#3326=CARTESIAN_POINT('',(-5.00000000000002,5.07499999999999,2.82499999999999));
#3327=CARTESIAN_POINT('',(0.499999999999982,5.07500000000001,2.82500000000001));
#3328=CARTESIAN_POINT('',(-8.15000000000002,5.07499999999998,2.82499999999998));
#3329=CARTESIAN_POINT('',(-5.00000000000001,4.47499999999999,2.82499999999999));
#3330=CARTESIAN_POINT('',(-5.00000000000001,4.47499999999999,2.82499999999999));
#3331=CARTESIAN_POINT('',(-7.55000000000001,4.47499999999998,2.82499999999998));
#3332=CARTESIAN_POINT('',(-7.55000000000001,4.47499999999998,2.82499999999998));
#3333=CARTESIAN_POINT('',(-7.55000000000001,2.92499999999998,2.82499999999998));
#3334=CARTESIAN_POINT('',(-7.55000000000001,2.92499999999998,2.82499999999998));
#3335=CARTESIAN_POINT('',(3.04999999999999,2.92500000000002,2.82500000000002));
#3336=CARTESIAN_POINT('',(-8.15000000000001,2.92499999999998,2.82499999999998));
#3337=CARTESIAN_POINT('',(3.04999999999998,4.47500000000002,2.82500000000002));
#3338=CARTESIAN_POINT('',(3.04999999999999,2.92500000000002,2.82500000000002));
#3339=CARTESIAN_POINT('',(0.499999999999984,4.47500000000001,2.82500000000001));
#3340=CARTESIAN_POINT('',(3.04999999999998,4.47500000000002,2.82500000000002));
#3341=CARTESIAN_POINT('',(0.499999999999984,4.47500000000001,2.82500000000001));
#3342=CARTESIAN_POINT('',(-5.95000000000001,3.67499999999998,2.82499999999999));
#3343=CARTESIAN_POINT('',(-6.55000000000001,3.67499999999998,2.82499999999999));
#3344=CARTESIAN_POINT('',(-6.55000000000001,3.67499999999998,2.82499999999999));
#3345=CARTESIAN_POINT('',(-5.95000000000001,3.07499999999998,2.82499999999999));
#3346=CARTESIAN_POINT('',(-5.95000000000001,3.67499999999998,2.82499999999999));
#3347=CARTESIAN_POINT('',(-6.55000000000001,3.07499999999998,2.82499999999999));
#3348=CARTESIAN_POINT('',(-6.55000000000001,3.07499999999998,2.82499999999999));
#3349=CARTESIAN_POINT('',(-6.55000000000001,3.67499999999998,2.82499999999999));
#3350=CARTESIAN_POINT('',(-4.55000000000001,3.07499999999999,2.82499999999999));
#3351=CARTESIAN_POINT('',(-4.55000000000001,3.07499999999999,2.82499999999999));
#3352=CARTESIAN_POINT('',(-4.55000000000001,3.67499999999999,2.82499999999999));
#3353=CARTESIAN_POINT('',(-1.95000000000001,3.675,2.825));
#3354=CARTESIAN_POINT('',(-2.55000000000001,3.67499999999999,2.825));
#3355=CARTESIAN_POINT('',(-2.55000000000001,3.67499999999999,2.825));
#3356=CARTESIAN_POINT('',(-1.95000000000001,3.075,2.825));
#3357=CARTESIAN_POINT('',(-1.95000000000001,3.675,2.825));
#3358=CARTESIAN_POINT('',(-2.55000000000001,3.07499999999999,2.825));
#3359=CARTESIAN_POINT('',(-2.55000000000001,3.07499999999999,2.825));
#3360=CARTESIAN_POINT('',(-2.55000000000001,3.67499999999999,2.825));
#3361=CARTESIAN_POINT('',(0.0499999999999871,3.675,2.82500000000001));
#3362=CARTESIAN_POINT('',(-0.550000000000012,3.675,2.82500000000001));
#3363=CARTESIAN_POINT('',(-0.550000000000012,3.675,2.82500000000001));
#3364=CARTESIAN_POINT('',(0.0499999999999893,3.075,2.82500000000001));
#3365=CARTESIAN_POINT('',(0.0499999999999871,3.675,2.82500000000001));
#3366=CARTESIAN_POINT('',(-0.55000000000001,3.075,2.82500000000001));
#3367=CARTESIAN_POINT('',(-0.55000000000001,3.075,2.82500000000001));
#3368=CARTESIAN_POINT('',(-0.550000000000012,3.675,2.82500000000001));
#3369=CARTESIAN_POINT('',(2.04999999999999,3.67500000000001,2.82500000000001));
#3370=CARTESIAN_POINT('',(1.44999999999999,3.67500000000001,2.82500000000001));
#3371=CARTESIAN_POINT('',(1.44999999999999,3.67500000000001,2.82500000000001));
#3372=CARTESIAN_POINT('',(2.04999999999999,3.07500000000001,2.82500000000001));
#3373=CARTESIAN_POINT('',(2.04999999999999,3.67500000000001,2.82500000000001));
#3374=CARTESIAN_POINT('',(1.44999999999999,3.07500000000001,2.82500000000001));
#3375=CARTESIAN_POINT('',(1.44999999999999,3.07500000000001,2.82500000000001));
#3376=CARTESIAN_POINT('',(1.44999999999999,3.67500000000001,2.82500000000001));
#3377=CARTESIAN_POINT('Origin',(-4.55000000000001,3.67499999999999,2.37499999999999));
#3378=CARTESIAN_POINT('',(-4.55000000000001,3.07499999999999,2.37499999999999));
#3379=CARTESIAN_POINT('Origin',(-4.55000000000001,3.07499999999999,2.37499999999999));
#3380=CARTESIAN_POINT('Origin',(3.05,5.07500000000002,-1.58576951545864));
#3381=CARTESIAN_POINT('',(3.05,4.47500000000002,-1.58576951545864));
#3382=CARTESIAN_POINT('',(3.05000000000002,0.975000000000019,-1.58576951545865));
#3383=CARTESIAN_POINT('',(3.05,5.07500000000002,-1.58576951545864));
#3384=CARTESIAN_POINT('',(3.05,4.47500000000002,-1.58576951545864));
#3385=CARTESIAN_POINT('',(3.04999999999999,2.32500000000002,3.42500000000002));
#3386=CARTESIAN_POINT('',(3.04999999999999,2.32500000000002,3.42500000000002));
#3387=CARTESIAN_POINT('',(3.04999999999999,0.975000000000019,3.42500000000002));
#3388=CARTESIAN_POINT('',(3.04999999999998,5.07500000000002,3.42500000000002));
#3389=CARTESIAN_POINT('',(3.05,0.975000000000019,1.89500000000002));
#3390=CARTESIAN_POINT('',(3.05,0.975000000000019,1.89500000000002));
#3391=CARTESIAN_POINT('',(3.05,1.87500000000002,1.89500000000002));
#3392=CARTESIAN_POINT('',(3.05,1.87500000000002,1.89500000000002));
#3393=CARTESIAN_POINT('',(3.05,1.87500000000002,1.29500000000002));
#3394=CARTESIAN_POINT('',(3.05,1.87500000000002,1.29500000000002));
#3395=CARTESIAN_POINT('',(3.05,0.975000000000019,1.1363057173624));
#3396=CARTESIAN_POINT('',(3.05,0.975000000000019,1.1363057173624));
#3397=CARTESIAN_POINT('',(3.05000000000001,0.975000000000015,-0.138428757893876));
#3398=CARTESIAN_POINT('Origin',(-8.15000000000002,5.07499999999998,2.82499999999998));
#3399=CARTESIAN_POINT('',(-5.,5.07499999999999,-2.92500000000001));
#3400=CARTESIAN_POINT('',(0.500000000000003,5.07500000000001,-2.92499999999999));
#3401=CARTESIAN_POINT('',(-8.15,5.07499999999998,-2.92500000000002));
#3402=CARTESIAN_POINT('',(-5.00000000000002,5.07499999999999,2.82499999999999));
#3403=CARTESIAN_POINT('',(0.499999999999982,5.07500000000001,2.82500000000001));
#3404=CARTESIAN_POINT('Origin',(1.44999999999999,3.67500000000001,2.37500000000001));
#3405=CARTESIAN_POINT('',(1.44999999999999,3.07500000000001,2.37500000000001));
#3406=CARTESIAN_POINT('',(1.44999999999999,3.07500000000001,2.37500000000001));
#3407=CARTESIAN_POINT('',(1.44999999999999,3.67500000000001,2.37500000000001));
#3408=CARTESIAN_POINT('',(1.44999999999999,3.67500000000001,2.37500000000001));
#3409=CARTESIAN_POINT('',(1.44999999999999,3.67500000000001,2.37500000000001));
#3410=CARTESIAN_POINT('Origin',(-6.55000000000001,3.67499999999998,2.37499999999999));
#3411=CARTESIAN_POINT('',(-6.55000000000001,3.07499999999998,2.37499999999999));
#3412=CARTESIAN_POINT('',(-6.55000000000001,3.07499999999998,2.37499999999999));
#3413=CARTESIAN_POINT('',(-6.55000000000001,3.67499999999998,2.37499999999999));
#3414=CARTESIAN_POINT('',(-6.55000000000001,3.67499999999998,2.37499999999999));
#3415=CARTESIAN_POINT('',(-6.55000000000001,3.67499999999998,2.37499999999999));
#3416=CARTESIAN_POINT('Origin',(-0.550000000000009,3.075,2.37500000000001));
#3417=CARTESIAN_POINT('',(0.049999999999991,3.075,2.37500000000001));
#3418=CARTESIAN_POINT('',(0.049999999999991,3.075,2.37500000000001));
#3419=CARTESIAN_POINT('',(-0.550000000000009,3.075,2.37500000000001));
#3420=CARTESIAN_POINT('',(-0.550000000000009,3.075,2.37500000000001));
#3421=CARTESIAN_POINT('',(-0.550000000000009,3.075,2.37500000000001));
#3422=CARTESIAN_POINT('Origin',(-0.550000000000011,3.675,2.37500000000001));
#3423=CARTESIAN_POINT('',(-0.550000000000011,3.675,2.37500000000001));
#3424=CARTESIAN_POINT('',(-0.550000000000011,3.675,2.37500000000001));
#3425=CARTESIAN_POINT('',(0.0499999999999889,3.675,2.37500000000001));
#3426=CARTESIAN_POINT('',(-0.550000000000011,3.675,2.37500000000001));
#3427=CARTESIAN_POINT('',(0.0499999999999889,3.675,2.37500000000001));
#3428=CARTESIAN_POINT('Origin',(-2.55000000000001,3.67499999999999,2.375));
#3429=CARTESIAN_POINT('',(-2.55000000000001,3.07499999999999,2.375));
#3430=CARTESIAN_POINT('',(-2.55000000000001,3.07499999999999,2.375));
#3431=CARTESIAN_POINT('',(-2.55000000000001,3.67499999999999,2.375));
#3432=CARTESIAN_POINT('',(-2.55000000000001,3.67499999999999,2.375));
#3433=CARTESIAN_POINT('',(-2.55000000000001,3.67499999999999,2.375));
#3434=CARTESIAN_POINT('Origin',(-6.55000000000001,3.67499999999998,2.37499999999999));
#3435=CARTESIAN_POINT('',(-5.95000000000001,3.67499999999998,2.37499999999999));
#3436=CARTESIAN_POINT('',(-6.55000000000001,3.67499999999998,2.37499999999999));
#3437=CARTESIAN_POINT('',(-5.95000000000001,3.67499999999998,2.37499999999999));
#3438=CARTESIAN_POINT('Origin',(-7.55,5.07499999999998,-1.58576951545868));
#3439=CARTESIAN_POINT('',(-7.55,4.47499999999998,-1.58576951545868));
#3440=CARTESIAN_POINT('',(-7.55,4.47499999999998,-1.58576951545868));
#3441=CARTESIAN_POINT('',(-7.54999999999999,0.974999999999984,-1.58576951545868));
#3442=CARTESIAN_POINT('',(-7.55,5.07499999999998,-1.58576951545868));
#3443=CARTESIAN_POINT('',(-7.55,0.974999999999982,1.13630571736237));
#3444=CARTESIAN_POINT('',(-7.54999999999999,0.974999999999979,-0.138428757893916));
#3445=CARTESIAN_POINT('',(-7.55,1.87499999999998,1.29499999999998));
#3446=CARTESIAN_POINT('',(-7.55,0.974999999999982,1.13630571736237));
#3447=CARTESIAN_POINT('',(-7.55,1.87499999999998,1.89499999999998));
#3448=CARTESIAN_POINT('',(-7.55,1.87499999999998,1.29499999999998));
#3449=CARTESIAN_POINT('',(-7.55,0.974999999999982,1.89499999999998));
#3450=CARTESIAN_POINT('',(-7.55,1.87499999999998,1.89499999999998));
#3451=CARTESIAN_POINT('',(-7.55000000000001,0.974999999999983,3.42499999999998));
#3452=CARTESIAN_POINT('',(-7.55,0.974999999999982,1.89499999999998));
#3453=CARTESIAN_POINT('',(-7.55000000000001,2.32499999999999,3.42499999999998));
#3454=CARTESIAN_POINT('',(-7.55000000000002,5.07499999999999,3.42499999999998));
#3455=CARTESIAN_POINT('',(-7.55000000000001,2.32499999999998,3.42499999999998));
#3456=CARTESIAN_POINT('Origin',(-8.15000000000002,4.47499999999998,2.82499999999998));
#3457=CARTESIAN_POINT('',(-5.,4.47499999999999,-2.92500000000001));
#3458=CARTESIAN_POINT('',(-5.00000000000001,4.47499999999999,2.82499999999999));
#3459=CARTESIAN_POINT('',(-8.15,4.47499999999998,-2.92500000000002));
#3460=CARTESIAN_POINT('',(-5.,4.47499999999999,-2.92500000000001));
#3461=CARTESIAN_POINT('',(-8.15,4.47499999999998,-2.62500000000002));
#3462=CARTESIAN_POINT('',(-8.15,4.47499999999998,-2.92500000000002));
#3463=CARTESIAN_POINT('',(-8.15,4.47499999999998,-2.62500000000002));
#3464=CARTESIAN_POINT('Origin',(-2.55000000000001,3.67499999999999,2.375));
#3465=CARTESIAN_POINT('',(-1.95000000000001,3.675,2.375));
#3466=CARTESIAN_POINT('',(-2.55000000000001,3.67499999999999,2.375));
#3467=CARTESIAN_POINT('',(-1.95000000000001,3.675,2.375));
#3468=CARTESIAN_POINT('Origin',(-6.55000000000001,3.07499999999998,2.37499999999999));
#3469=CARTESIAN_POINT('',(-5.95000000000001,3.07499999999998,2.37499999999999));
#3470=CARTESIAN_POINT('',(-5.95000000000001,3.07499999999998,2.37499999999999));
#3471=CARTESIAN_POINT('',(-6.55000000000001,3.07499999999998,2.37499999999999));
#3472=CARTESIAN_POINT('Origin',(-8.15000000000001,2.32499999999998,3.42499999999998));
#3473=CARTESIAN_POINT('',(-8.15000000000001,2.32499999999998,3.42499999999998));
#3474=CARTESIAN_POINT('Origin',(-5.95000000000001,3.67499999999998,2.37499999999999));
#3475=CARTESIAN_POINT('',(-5.95000000000001,3.67499999999998,2.37499999999999));
#3476=CARTESIAN_POINT('Origin',(0.500000000000005,4.47500000000001,-2.92499999999999));
#3477=CARTESIAN_POINT('',(0.500000000000005,4.47500000000001,-2.92499999999999));
#3478=CARTESIAN_POINT('',(0.499999999999984,4.47500000000001,2.82500000000001));
#3479=CARTESIAN_POINT('',(3.65,4.47500000000002,-2.62499999999998));
#3480=CARTESIAN_POINT('',(3.65,4.47500000000002,-2.62499999999998));
#3481=CARTESIAN_POINT('',(3.65000000000001,4.47500000000002,-2.92499999999998));
#3482=CARTESIAN_POINT('',(3.65000000000001,4.47500000000002,-2.92499999999998));
#3483=CARTESIAN_POINT('',(0.500000000000005,4.47500000000001,-2.92499999999999));
#3484=CARTESIAN_POINT('Origin',(-2.55000000000001,3.07499999999999,2.375));
#3485=CARTESIAN_POINT('',(-1.95000000000001,3.075,2.375));
#3486=CARTESIAN_POINT('',(-1.95000000000001,3.075,2.375));
#3487=CARTESIAN_POINT('',(-2.55000000000001,3.07499999999999,2.375));
#3488=CARTESIAN_POINT('Origin',(0.0499999999999889,3.675,2.37500000000001));
#3489=CARTESIAN_POINT('',(0.0499999999999889,3.675,2.37500000000001));
#3490=CARTESIAN_POINT('Origin',(2.04999999999999,3.67500000000001,2.37500000000001));
#3491=CARTESIAN_POINT('',(2.04999999999999,3.67500000000001,2.37500000000001));
#3492=CARTESIAN_POINT('',(2.04999999999999,3.67500000000001,2.37500000000001));
#3493=CARTESIAN_POINT('',(2.04999999999999,3.07500000000001,2.37500000000001));
#3494=CARTESIAN_POINT('',(2.04999999999999,3.67500000000001,2.37500000000001));
#3495=CARTESIAN_POINT('',(2.04999999999999,3.07500000000001,2.37500000000001));
#3496=CARTESIAN_POINT('Origin',(-5.00000000000001,4.47499999999999,2.82499999999999));
#3497=CARTESIAN_POINT('',(-5.,4.47499999999999,-2.92500000000001));
#3498=CARTESIAN_POINT('Origin',(1.44999999999999,3.07500000000001,2.37500000000001));
#3499=CARTESIAN_POINT('',(1.44999999999999,3.07500000000001,2.37500000000001));
#3500=CARTESIAN_POINT('Origin',(-1.95000000000001,3.675,2.375));
#3501=CARTESIAN_POINT('',(-1.95000000000001,3.675,2.375));
#3502=CARTESIAN_POINT('Origin',(0.499999999999984,4.47500000000001,2.82500000000001));
#3503=CARTESIAN_POINT('',(0.500000000000005,4.47500000000001,-2.92499999999999));
#3504=CARTESIAN_POINT('Origin',(1.44999999999999,3.67500000000001,2.37500000000001));
#3505=CARTESIAN_POINT('',(1.44999999999999,3.67500000000001,2.37500000000001));
#3506=CARTESIAN_POINT('Origin',(-0.550000000000011,3.675,2.37500000000001));
#3507=CARTESIAN_POINT('',(-0.550000000000011,3.675,2.37500000000001));
#3508=CARTESIAN_POINT('Origin',(-8.15,1.87499999999998,1.29499999999998));
#3509=CARTESIAN_POINT('',(-8.15,1.87499999999998,1.29499999999998));
#3510=CARTESIAN_POINT('',(-8.15,1.87499999999998,1.89499999999998));
#3511=CARTESIAN_POINT('Origin',(3.65,5.07500000000002,-2.62499999999998));
#3512=CARTESIAN_POINT('',(3.65000000000002,0.575000000000021,-2.62499999999998));
#3513=CARTESIAN_POINT('',(3.65,5.07500000000002,-2.62499999999998));
#3514=CARTESIAN_POINT('',(2.97500000000002,1.02500000000001,-1.45586570489099));
#3515=CARTESIAN_POINT('Origin',(-8.15,1.87499999999998,1.89499999999998));
#3516=CARTESIAN_POINT('',(-8.15,0.974999999999979,1.89499999999998));
#3517=CARTESIAN_POINT('Origin',(-8.15000000000001,0.97499999999998,3.42499999999998));
#3518=CARTESIAN_POINT('',(-8.15000000000001,0.97499999999998,3.42499999999998));
#3519=CARTESIAN_POINT('Origin',(-8.14999999999999,0.974999999999976,-0.138428757893917));
#3520=CARTESIAN_POINT('',(3.65000000000001,0.975000000000022,-1.58576951545864));
#3521=CARTESIAN_POINT('',(-8.15,0.974999999999979,1.13630571736236));
#3522=CARTESIAN_POINT('Origin',(-8.15,0.974999999999979,1.89499999999998));
#3523=CARTESIAN_POINT('Origin',(-8.15,0.974999999999979,1.13630571736236));
#3524=CARTESIAN_POINT('Origin',(-8.15,5.07499999999998,-2.92500000000002));
#3525=CARTESIAN_POINT('',(3.65000000000001,4.00500000000002,-2.92499999999998));
#3526=CARTESIAN_POINT('',(3.65,5.07500000000002,-2.92499999999998));
#3527=CARTESIAN_POINT('',(2.52500000000001,4.00500000000002,-2.92499999999998));
#3528=CARTESIAN_POINT('',(-8.14999999999999,4.00499999999998,-2.92500000000002));
#3529=CARTESIAN_POINT('',(0.975000000000007,4.00500000000001,-2.92499999999999));
#3530=CARTESIAN_POINT('',(-8.14999999999999,4.00499999999998,-2.92500000000002));
#3531=CARTESIAN_POINT('',(0.525000000000007,4.00500000000001,-2.92499999999999));
#3532=CARTESIAN_POINT('',(-8.14999999999999,4.00499999999998,-2.92500000000002));
#3533=CARTESIAN_POINT('',(-1.02499999999999,4.005,-2.925));
#3534=CARTESIAN_POINT('',(-8.14999999999999,4.00499999999998,-2.92500000000002));
#3535=CARTESIAN_POINT('',(-1.47499999999999,4.005,-2.925));
#3536=CARTESIAN_POINT('',(-8.14999999999999,4.00499999999998,-2.92500000000002));
#3537=CARTESIAN_POINT('',(-3.02499999999999,4.005,-2.925));
#3538=CARTESIAN_POINT('',(-8.14999999999999,4.00499999999998,-2.92500000000002));
#3539=CARTESIAN_POINT('',(-3.47499999999999,4.005,-2.925));
#3540=CARTESIAN_POINT('',(-8.14999999999999,4.00499999999998,-2.92500000000002));
#3541=CARTESIAN_POINT('',(-5.02499999999999,4.00499999999999,-2.92500000000001));
#3542=CARTESIAN_POINT('',(-8.14999999999999,4.00499999999998,-2.92500000000002));
#3543=CARTESIAN_POINT('',(-5.47499999999999,4.00499999999999,-2.92500000000001));
#3544=CARTESIAN_POINT('',(-8.14999999999999,4.00499999999998,-2.92500000000002));
#3545=CARTESIAN_POINT('',(-7.025,4.00499999999998,-2.92500000000002));
#3546=CARTESIAN_POINT('',(-8.14999999999999,4.00499999999998,-2.92500000000002));
#3547=CARTESIAN_POINT('',(-8.14999999999999,4.00499999999998,-2.92500000000002));
#3548=CARTESIAN_POINT('',(-8.14999999999999,4.00499999999998,-2.92500000000002));
#3549=CARTESIAN_POINT('',(-8.15,5.07499999999998,-2.92500000000002));
#3550=CARTESIAN_POINT('Origin',(2.04999999999999,3.07500000000001,2.37500000000001));
#3551=CARTESIAN_POINT('Origin',(-5.95000000000001,3.07499999999998,2.37499999999999));
#3552=CARTESIAN_POINT('Origin',(0.049999999999991,3.075,2.37500000000001));
#3553=CARTESIAN_POINT('Origin',(-1.95000000000001,3.075,2.375));
#3554=CARTESIAN_POINT('Origin',(-8.15,5.07499999999998,-2.62500000000002));
#3555=CARTESIAN_POINT('',(-8.14999999999998,0.57499999999998,-2.62500000000002));
#3556=CARTESIAN_POINT('',(-8.15,5.07499999999998,-2.62500000000002));
#3557=CARTESIAN_POINT('',(-7.475,1.02499999999998,-1.45586570489103));
#3558=CARTESIAN_POINT('Origin',(-8.15000000000002,5.07499999999998,2.82499999999998));
#3559=CARTESIAN_POINT('',(-8.14999999999999,4.00499999999998,-3.42500000000002));
#3560=CARTESIAN_POINT('',(-8.14999999999999,4.00499999999998,-2.92500000000002));
#3561=CARTESIAN_POINT('',(-8.14999999999999,1.87499999999998,-3.42500000000002));
#3562=CARTESIAN_POINT('',(-8.14999999999999,4.00499999999998,-3.42500000000002));
#3563=CARTESIAN_POINT('',(-8.14999999999999,1.87499999999998,-2.92500000000002));
#3564=CARTESIAN_POINT('',(-8.14999999999999,1.87499999999998,-3.42500000000002));
#3565=CARTESIAN_POINT('',(-8.14999999999998,0.574999999999979,-2.92500000000002));
#3566=CARTESIAN_POINT('',(-8.14999999999999,1.87499999999998,-2.92500000000002));
#3567=CARTESIAN_POINT('',(-8.14999999999998,0.574999999999979,-2.92500000000002));
#3568=CARTESIAN_POINT('Origin',(3.64999999999998,5.07500000000002,2.82500000000002));
#3569=CARTESIAN_POINT('',(3.65000000000002,0.575000000000021,-2.92499999999998));
#3570=CARTESIAN_POINT('',(3.65000000000002,0.575000000000021,-2.92499999999998));
#3571=CARTESIAN_POINT('',(3.65000000000002,1.87500000000002,-2.92499999999998));
#3572=CARTESIAN_POINT('',(3.65000000000002,1.87500000000002,-2.92499999999998));
#3573=CARTESIAN_POINT('',(3.65000000000002,1.87500000000002,-3.42499999999998));
#3574=CARTESIAN_POINT('',(3.65000000000002,1.87500000000002,-3.42499999999998));
#3575=CARTESIAN_POINT('',(3.65000000000001,4.00500000000002,-3.42499999999998));
#3576=CARTESIAN_POINT('',(3.65000000000001,4.00500000000002,-3.42499999999998));
#3577=CARTESIAN_POINT('',(3.65000000000001,4.00500000000002,-2.92499999999998));
#3578=CARTESIAN_POINT('Origin',(3.65000000000002,0.575000000000022,-2.62499999999998));
#3579=CARTESIAN_POINT('',(3.65000000000002,0.575000000000022,-2.62499999999998));
#3580=CARTESIAN_POINT('Origin',(-1.47499999999999,4.005,-2.725));
#3581=CARTESIAN_POINT('',(-1.47499999999999,4.005,-2.725));
#3582=CARTESIAN_POINT('',(-1.47499999999999,4.005,-2.725));
#3583=CARTESIAN_POINT('',(-3.02499999999999,4.005,-2.725));
#3584=CARTESIAN_POINT('',(-1.47499999999999,4.005,-2.725));
#3585=CARTESIAN_POINT('',(-3.02499999999999,4.005,-2.725));
#3586=CARTESIAN_POINT('Origin',(0.525000000000006,4.00500000000001,-2.72499999999999));
#3587=CARTESIAN_POINT('',(0.525000000000006,4.00500000000001,-2.72499999999999));
#3588=CARTESIAN_POINT('',(0.525000000000006,4.00500000000001,-2.72499999999999));
#3589=CARTESIAN_POINT('',(-1.02499999999999,4.005,-2.725));
#3590=CARTESIAN_POINT('',(0.525000000000006,4.00500000000001,-2.72499999999999));
#3591=CARTESIAN_POINT('',(-1.02499999999999,4.005,-2.725));
#3592=CARTESIAN_POINT('Origin',(-8.14999999999999,4.00499999999998,-2.92500000000002));
#3593=CARTESIAN_POINT('',(2.52500000000001,4.00500000000002,-3.42499999999998));
#3594=CARTESIAN_POINT('',(-8.14999999999999,4.00499999999998,-3.42500000000002));
#3595=CARTESIAN_POINT('',(2.52500000000001,4.00500000000002,-2.72499999999998));
#3596=CARTESIAN_POINT('Origin',(-8.14999999999999,4.00499999999998,-2.92500000000002));
#3597=CARTESIAN_POINT('',(-1.47499999999999,4.005,-3.425));
#3598=CARTESIAN_POINT('',(-1.02499999999999,4.005,-3.425));
#3599=CARTESIAN_POINT('',(-8.14999999999999,4.00499999999998,-3.42500000000002));
#3600=CARTESIAN_POINT('',(-1.47499999999999,4.005,-2.725));
#3601=CARTESIAN_POINT('',(-1.02499999999999,4.005,-2.725));
#3602=CARTESIAN_POINT('Origin',(-5.47499999999999,4.00499999999999,-2.72500000000001));
#3603=CARTESIAN_POINT('',(-5.47499999999999,4.00499999999999,-2.72500000000001));
#3604=CARTESIAN_POINT('',(-5.47499999999999,4.00499999999999,-2.72500000000001));
#3605=CARTESIAN_POINT('',(-7.025,4.00499999999998,-2.72500000000002));
#3606=CARTESIAN_POINT('',(-5.47499999999999,4.00499999999999,-2.72500000000001));
#3607=CARTESIAN_POINT('',(-7.025,4.00499999999998,-2.72500000000002));
#3608=CARTESIAN_POINT('Origin',(-3.47499999999999,4.005,-2.725));
#3609=CARTESIAN_POINT('',(-3.47499999999999,4.005,-2.725));
#3610=CARTESIAN_POINT('',(-3.47499999999999,4.005,-2.725));
#3611=CARTESIAN_POINT('',(-5.025,4.00499999999999,-2.72500000000001));
#3612=CARTESIAN_POINT('',(-3.47499999999999,4.005,-2.725));
#3613=CARTESIAN_POINT('',(-5.025,4.00499999999999,-2.72500000000001));
#3614=CARTESIAN_POINT('Origin',(-8.14999999999999,4.00499999999998,-2.92500000000002));
#3615=CARTESIAN_POINT('',(-5.47499999999999,4.00499999999999,-3.42500000000001));
#3616=CARTESIAN_POINT('',(-5.02499999999999,4.00499999999999,-3.42500000000001));
#3617=CARTESIAN_POINT('',(-8.14999999999999,4.00499999999998,-3.42500000000002));
#3618=CARTESIAN_POINT('',(-5.47499999999999,4.00499999999999,-2.72500000000001));
#3619=CARTESIAN_POINT('',(-5.025,4.00499999999999,-2.72500000000001));
#3620=CARTESIAN_POINT('Origin',(2.52500000000001,4.00500000000002,-2.72499999999998));
#3621=CARTESIAN_POINT('',(2.52500000000001,4.00500000000002,-2.72499999999998));
#3622=CARTESIAN_POINT('',(2.52500000000001,4.00500000000002,-2.72499999999998));
#3623=CARTESIAN_POINT('',(0.975000000000006,4.00500000000001,-2.72499999999999));
#3624=CARTESIAN_POINT('',(2.52500000000001,4.00500000000002,-2.72499999999998));
#3625=CARTESIAN_POINT('',(0.975000000000006,4.00500000000001,-2.72499999999999));
#3626=CARTESIAN_POINT('Origin',(-8.14999999999999,4.00499999999998,-2.92500000000002));
#3627=CARTESIAN_POINT('',(-3.47499999999999,4.005,-3.425));
#3628=CARTESIAN_POINT('',(-3.02499999999999,4.005,-3.425));
#3629=CARTESIAN_POINT('',(-8.14999999999999,4.00499999999998,-3.42500000000002));
#3630=CARTESIAN_POINT('',(-3.47499999999999,4.005,-2.725));
#3631=CARTESIAN_POINT('',(-3.02499999999999,4.005,-2.725));
#3632=CARTESIAN_POINT('Origin',(-8.14999999999999,4.00499999999998,-2.92500000000002));
#3633=CARTESIAN_POINT('',(-7.02499999999999,4.00499999999998,-3.42500000000002));
#3634=CARTESIAN_POINT('',(-7.025,4.00499999999998,-2.72500000000002));
#3635=CARTESIAN_POINT('',(-8.14999999999999,4.00499999999998,-3.42500000000002));
#3636=CARTESIAN_POINT('Origin',(-8.14999999999999,4.00499999999998,-2.92500000000002));
#3637=CARTESIAN_POINT('',(0.525000000000009,4.00500000000001,-3.42499999999999));
#3638=CARTESIAN_POINT('',(0.975000000000009,4.00500000000001,-3.42499999999999));
#3639=CARTESIAN_POINT('',(-8.14999999999999,4.00499999999998,-3.42500000000002));
#3640=CARTESIAN_POINT('',(0.525000000000006,4.00500000000001,-2.72499999999999));
#3641=CARTESIAN_POINT('',(0.975000000000006,4.00500000000001,-2.72499999999999));
#3642=CARTESIAN_POINT('Origin',(-8.14999999999999,1.87499999999998,-3.42500000000002));
#3643=CARTESIAN_POINT('',(-7.02499999999998,1.87499999999998,-3.42500000000002));
#3644=CARTESIAN_POINT('',(-8.14999999999999,1.87499999999998,-3.42500000000002));
#3645=CARTESIAN_POINT('',(-7.02499999999999,1.87499999999998,-2.92500000000002));
#3646=CARTESIAN_POINT('',(-7.02499999999999,1.87499999999998,-2.72500000000002));
#3647=CARTESIAN_POINT('',(-8.14999999999999,1.87499999999998,-2.92500000000002));
#3648=CARTESIAN_POINT('Origin',(-8.14999999999998,0.574999999999979,-2.92500000000002));
#3649=CARTESIAN_POINT('',(-8.14999999999998,0.574999999999979,-2.92500000000002));
#3650=CARTESIAN_POINT('Origin',(-8.14999999999999,1.87499999999998,-2.92500000000002));
#3651=CARTESIAN_POINT('',(-5.47499999999999,1.87499999999999,-2.92500000000001));
#3652=CARTESIAN_POINT('',(-8.14999999999999,1.87499999999998,-2.92500000000002));
#3653=CARTESIAN_POINT('',(-5.02499999999999,1.87499999999999,-2.92500000000001));
#3654=CARTESIAN_POINT('',(-8.14999999999999,1.87499999999998,-2.92500000000002));
#3655=CARTESIAN_POINT('',(-3.47499999999999,1.875,-2.925));
#3656=CARTESIAN_POINT('',(-8.14999999999999,1.87499999999998,-2.92500000000002));
#3657=CARTESIAN_POINT('',(-3.02499999999999,1.875,-2.925));
#3658=CARTESIAN_POINT('',(-8.14999999999999,1.87499999999998,-2.92500000000002));
#3659=CARTESIAN_POINT('',(-1.47499999999999,1.875,-2.925));
#3660=CARTESIAN_POINT('',(-8.14999999999999,1.87499999999998,-2.92500000000002));
#3661=CARTESIAN_POINT('',(-1.02499999999999,1.875,-2.925));
#3662=CARTESIAN_POINT('',(-8.14999999999999,1.87499999999998,-2.92500000000002));
#3663=CARTESIAN_POINT('',(0.525000000000013,1.87500000000001,-2.92499999999999));
#3664=CARTESIAN_POINT('',(-8.14999999999999,1.87499999999998,-2.92500000000002));
#3665=CARTESIAN_POINT('',(0.975000000000014,1.87500000000001,-2.92499999999999));
#3666=CARTESIAN_POINT('',(-8.14999999999999,1.87499999999998,-2.92500000000002));
#3667=CARTESIAN_POINT('',(2.52500000000002,1.87500000000002,-2.92499999999998));
#3668=CARTESIAN_POINT('',(-8.14999999999999,1.87499999999998,-2.92500000000002));
#3669=CARTESIAN_POINT('',(-8.14999999999999,1.87499999999998,-2.92500000000002));
#3670=CARTESIAN_POINT('Origin',(-8.14999999999999,4.00499999999998,-3.42500000000002));
#3671=CARTESIAN_POINT('',(-7.02499999999998,1.87499999999998,-3.42500000000002));
#3672=CARTESIAN_POINT('Origin',(-8.14999999999999,1.87499999999998,-3.42500000000002));
#3673=CARTESIAN_POINT('',(2.52500000000002,1.87500000000002,-3.42499999999998));
#3674=CARTESIAN_POINT('',(2.52500000000001,1.87500000000002,-2.72499999999998));
#3675=CARTESIAN_POINT('',(-8.14999999999999,1.87499999999998,-3.42500000000002));
#3676=CARTESIAN_POINT('Origin',(-8.14999999999999,4.00499999999998,-3.42500000000002));
#3677=CARTESIAN_POINT('',(2.52500000000002,1.87500000000002,-3.42499999999998));
#3678=CARTESIAN_POINT('Origin',(-1.47499999999999,1.875,-2.725));
#3679=CARTESIAN_POINT('',(-1.47499999999999,1.875,-2.725));
#3680=CARTESIAN_POINT('',(-1.47499999999999,1.875,-2.725));
#3681=CARTESIAN_POINT('',(-3.02499999999999,1.875,-2.725));
#3682=CARTESIAN_POINT('',(-3.02499999999999,1.875,-2.725));
#3683=CARTESIAN_POINT('',(-3.02499999999999,1.875,-2.725));
#3684=CARTESIAN_POINT('Origin',(-1.47499999999999,1.875,-2.725));
#3685=CARTESIAN_POINT('',(-1.47499999999998,1.875,-3.425));
#3686=CARTESIAN_POINT('',(-1.47499999999998,1.875,-3.425));
#3687=CARTESIAN_POINT('',(-1.47499999999999,1.875,-2.725));
#3688=CARTESIAN_POINT('',(-1.47499999999999,1.875,-2.725));
#3689=CARTESIAN_POINT('Origin',(-3.02499999999999,1.875,-2.725));
#3690=CARTESIAN_POINT('',(-3.02499999999998,1.875,-3.425));
#3691=CARTESIAN_POINT('',(-3.02499999999998,1.875,-3.425));
#3692=CARTESIAN_POINT('',(-3.02499999999999,1.875,-2.725));
#3693=CARTESIAN_POINT('',(-3.02499999999999,1.875,-2.725));
#3694=CARTESIAN_POINT('Origin',(-1.02499999999999,1.875,-2.725));
#3695=CARTESIAN_POINT('',(-1.02499999999998,1.875,-3.425));
#3696=CARTESIAN_POINT('',(-1.02499999999998,1.875,-3.425));
#3697=CARTESIAN_POINT('',(-1.02499999999999,1.875,-2.725));
#3698=CARTESIAN_POINT('',(-1.02499999999999,1.875,-2.725));
#3699=CARTESIAN_POINT('',(-1.02499999999999,1.875,-2.725));
#3700=CARTESIAN_POINT('',(-1.02499999999999,1.875,-2.725));
#3701=CARTESIAN_POINT('Origin',(0.525000000000013,1.87500000000001,-2.72499999999999));
#3702=CARTESIAN_POINT('',(0.525000000000013,1.87500000000001,-2.72499999999999));
#3703=CARTESIAN_POINT('',(0.525000000000013,1.87500000000001,-2.72499999999999));
#3704=CARTESIAN_POINT('',(-1.02499999999999,1.875,-2.725));
#3705=CARTESIAN_POINT('Origin',(0.525000000000013,1.87500000000001,-2.72499999999999));
#3706=CARTESIAN_POINT('',(0.525000000000016,1.87500000000001,-3.42499999999999));
#3707=CARTESIAN_POINT('',(0.525000000000016,1.87500000000001,-3.42499999999999));
#3708=CARTESIAN_POINT('',(0.525000000000013,1.87500000000001,-2.72499999999999));
#3709=CARTESIAN_POINT('',(0.525000000000013,1.87500000000001,-2.72499999999999));
#3710=CARTESIAN_POINT('Origin',(2.52500000000001,1.87500000000002,-2.72499999999998));
#3711=CARTESIAN_POINT('',(2.52500000000001,1.87500000000002,-2.72499999999998));
#3712=CARTESIAN_POINT('',(2.52500000000001,1.87500000000002,-2.72499999999998));
#3713=CARTESIAN_POINT('',(2.52500000000001,1.87500000000002,-2.72499999999998));
#3714=CARTESIAN_POINT('Origin',(-8.14999999999999,4.00499999999998,-3.42500000000002));
#3715=CARTESIAN_POINT('',(-8.14999999999999,1.87499999999998,-3.42500000000002));
#3716=CARTESIAN_POINT('Origin',(-5.47499999999999,1.87499999999999,-2.72500000000001));
#3717=CARTESIAN_POINT('',(-5.47499999999998,1.87499999999999,-3.42500000000001));
#3718=CARTESIAN_POINT('',(-5.47499999999998,1.87499999999999,-3.42500000000001));
#3719=CARTESIAN_POINT('',(-5.47499999999999,1.87499999999999,-2.72500000000001));
#3720=CARTESIAN_POINT('',(-5.47499999999999,1.87499999999999,-2.72500000000001));
#3721=CARTESIAN_POINT('',(-5.47499999999999,1.87499999999999,-2.72500000000001));
#3722=CARTESIAN_POINT('',(-5.47499999999999,1.87499999999999,-2.72500000000001));
#3723=CARTESIAN_POINT('Origin',(-5.47499999999999,1.87499999999999,-2.72500000000001));
#3724=CARTESIAN_POINT('',(-7.02499999999999,1.87499999999998,-2.72500000000002));
#3725=CARTESIAN_POINT('',(-7.02499999999999,1.87499999999998,-2.72500000000002));
#3726=CARTESIAN_POINT('',(-7.02499999999999,1.87499999999998,-2.72500000000002));
#3727=CARTESIAN_POINT('Origin',(-7.02499999999999,1.87499999999998,-2.72500000000002));
#3728=CARTESIAN_POINT('',(-7.02499999999999,1.87499999999998,-2.72500000000002));
#3729=CARTESIAN_POINT('Origin',(-5.02499999999999,1.87499999999999,-2.72500000000001));
#3730=CARTESIAN_POINT('',(-5.02499999999999,1.87499999999999,-3.42500000000001));
#3731=CARTESIAN_POINT('',(-5.02499999999999,1.87499999999999,-3.42500000000001));
#3732=CARTESIAN_POINT('',(-5.02499999999999,1.87499999999999,-2.72500000000001));
#3733=CARTESIAN_POINT('',(-5.02499999999999,1.87499999999999,-2.72500000000001));
#3734=CARTESIAN_POINT('',(-5.02499999999999,1.87499999999999,-2.72500000000001));
#3735=CARTESIAN_POINT('',(-5.02499999999999,1.87499999999999,-2.72500000000001));
#3736=CARTESIAN_POINT('Origin',(-3.47499999999999,1.875,-2.725));
#3737=CARTESIAN_POINT('',(-3.47499999999999,1.875,-2.725));
#3738=CARTESIAN_POINT('',(-3.47499999999999,1.875,-2.725));
#3739=CARTESIAN_POINT('',(-5.02499999999999,1.87499999999999,-2.72500000000001));
#3740=CARTESIAN_POINT('Origin',(-3.47499999999999,1.875,-2.725));
#3741=CARTESIAN_POINT('',(-3.47499999999998,1.875,-3.425));
#3742=CARTESIAN_POINT('',(-3.47499999999998,1.875,-3.425));
#3743=CARTESIAN_POINT('',(-3.47499999999999,1.875,-2.725));
#3744=CARTESIAN_POINT('',(-3.47499999999999,1.875,-2.725));
#3745=CARTESIAN_POINT('Origin',(-8.14999999999999,4.00499999999998,-3.42500000000002));
#3746=CARTESIAN_POINT('',(-8.14999999999999,1.87499999999998,-3.42500000000002));
#3747=CARTESIAN_POINT('Origin',(0.975000000000013,1.87500000000001,-2.72499999999999));
#3748=CARTESIAN_POINT('',(0.975000000000015,1.87500000000001,-3.42499999999999));
#3749=CARTESIAN_POINT('',(0.975000000000015,1.87500000000001,-3.42499999999999));
#3750=CARTESIAN_POINT('',(0.975000000000013,1.87500000000001,-2.72499999999999));
#3751=CARTESIAN_POINT('',(0.975000000000013,1.87500000000001,-2.72499999999999));
#3752=CARTESIAN_POINT('',(0.975000000000013,1.87500000000001,-2.72499999999999));
#3753=CARTESIAN_POINT('',(0.975000000000013,1.87500000000001,-2.72499999999999));
#3754=CARTESIAN_POINT('Origin',(2.52500000000001,1.87500000000002,-2.72499999999998));
#3755=CARTESIAN_POINT('',(0.975000000000013,1.87500000000001,-2.72499999999999));
#3756=CARTESIAN_POINT('Origin',(-8.14999999999999,4.00499999999998,-3.42500000000002));
#3757=CARTESIAN_POINT('',(-8.14999999999999,1.87499999999998,-3.42500000000002));
#3758=CARTESIAN_POINT('Origin',(-8.14999999999999,4.00499999999998,-3.42500000000002));
#3759=CARTESIAN_POINT('',(-8.14999999999999,1.87499999999998,-3.42500000000002));
#3760=CARTESIAN_POINT('Origin',(-7.02499999999999,1.87499999999998,-2.72500000000002));
#3761=CARTESIAN_POINT('Origin',(-8.14999999999999,1.87499999999998,-3.42500000000002));
#3762=CARTESIAN_POINT('Origin',(-1.02499999999999,1.875,-2.725));
#3763=CARTESIAN_POINT('Origin',(-8.14999999999999,1.87499999999998,-3.42500000000002));
#3764=CARTESIAN_POINT('Origin',(-8.14999999999999,1.87499999999998,-3.42500000000002));
#3765=CARTESIAN_POINT('Origin',(-3.02499999999999,1.875,-2.725));
#3766=CARTESIAN_POINT('Origin',(0.975000000000013,1.87500000000001,-2.72499999999999));
#3767=CARTESIAN_POINT('Origin',(-5.02499999999999,1.87499999999999,-2.72500000000001));
#3768=CARTESIAN_POINT('Origin',(-8.14999999999999,1.87499999999998,-3.42500000000002));
#3769=CARTESIAN_POINT('',(0.,0.,0.));
#3770=CARTESIAN_POINT('Origin',(-0.25,14.95,0.25));
#3771=CARTESIAN_POINT('',(0.25,14.95,0.25));
#3772=CARTESIAN_POINT('',(-0.25,14.95,0.25));
#3773=CARTESIAN_POINT('',(-0.25,14.95,0.25));
#3774=CARTESIAN_POINT('',(0.25,14.95,0.55));
#3775=CARTESIAN_POINT('',(0.25,14.95,0.25));
#3776=CARTESIAN_POINT('',(-0.25,14.95,0.55));
#3777=CARTESIAN_POINT('',(-0.25,14.95,0.55));
#3778=CARTESIAN_POINT('',(-0.25,14.95,0.25));
#3779=CARTESIAN_POINT('Origin',(6.93889390390723E-17,15.2,0.55));
#3780=CARTESIAN_POINT('',(-0.25,15.45,0.55));
#3781=CARTESIAN_POINT('',(-0.25,15.45,0.55));
#3782=CARTESIAN_POINT('',(0.25,15.45,0.55));
#3783=CARTESIAN_POINT('',(0.25,0.,0.55));
#3784=CARTESIAN_POINT('',(0.25,15.45,0.55));
#3785=CARTESIAN_POINT('Origin',(-0.25,0.,0.25));
#3786=CARTESIAN_POINT('',(-0.25,0.,0.25));
#3787=CARTESIAN_POINT('',(-0.25,0.,0.25));
#3788=CARTESIAN_POINT('',(0.25,0.,0.25));
#3789=CARTESIAN_POINT('',(-0.25,0.,0.25));
#3790=CARTESIAN_POINT('',(0.25,0.,0.25));
#3791=CARTESIAN_POINT('Origin',(-0.25,0.,-0.25));
#3792=CARTESIAN_POINT('',(-0.25,0.,-0.25));
#3793=CARTESIAN_POINT('',(-0.25,0.,-0.25));
#3794=CARTESIAN_POINT('',(-0.25,15.45,-0.25));
#3795=CARTESIAN_POINT('',(-0.25,15.45,-0.25));
#3796=CARTESIAN_POINT('',(-0.25,0.,-0.25));
#3797=CARTESIAN_POINT('Origin',(0.25,0.,-0.25));
#3798=CARTESIAN_POINT('',(0.25,0.,-0.25));
#3799=CARTESIAN_POINT('',(0.25,0.,-0.25));
#3800=CARTESIAN_POINT('',(0.25,15.45,-0.25));
#3801=CARTESIAN_POINT('',(0.25,15.45,-0.25));
#3802=CARTESIAN_POINT('',(0.25,0.,-0.25));
#3803=CARTESIAN_POINT('Origin',(0.25,0.,0.25));
#3804=CARTESIAN_POINT('',(0.25,0.,0.25));
#3805=CARTESIAN_POINT('',(0.25,15.45,0.25));
#3806=CARTESIAN_POINT('Origin',(0.,15.45,3.46944695195361E-17));
#3807=CARTESIAN_POINT('Origin',(1.73472347597681E-17,0.,3.46944695195361E-17));
#3808=CARTESIAN_POINT('',(0.,0.,0.));
#3809=CARTESIAN_POINT('',(-6.24999999999994,18.125,7.62500000000002));
#3810=CARTESIAN_POINT('',(-1.99999999999998,1.08312820972368E-44,2.33146835171283E-14));
#3811=CARTESIAN_POINT('',(-3.99999999999998,1.10318613953338E-44,1.55431223447522E-14));
#3812=CARTESIAN_POINT('',(-5.99999999999998,1.09817165708095E-44,2.22044604925031E-14));
#3813=CARTESIAN_POINT('',(-7.99999999999998,1.10318613953338E-44,2.33146835171283E-14));
#3814=UNCERTAINTY_MEASURE_WITH_UNIT(LENGTH_MEASURE(0.01),#3822,
'DISTANCE_ACCURACY_VALUE',
'Maximum model space distance between geometric entities at asserted c
onnectivities');
#3815=UNCERTAINTY_MEASURE_WITH_UNIT(LENGTH_MEASURE(0.01),#3822,
'DISTANCE_ACCURACY_VALUE',
'Maximum model space distance between geometric entities at asserted c
onnectivities');
#3816=UNCERTAINTY_MEASURE_WITH_UNIT(LENGTH_MEASURE(0.01),#3822,
'DISTANCE_ACCURACY_VALUE',
'Maximum model space distance between geometric entities at asserted c
onnectivities');
#3817=UNCERTAINTY_MEASURE_WITH_UNIT(LENGTH_MEASURE(0.01),#3822,
'DISTANCE_ACCURACY_VALUE',
'Maximum model space distance between geometric entities at asserted c
onnectivities');
#3818=(
GEOMETRIC_REPRESENTATION_CONTEXT(3)
GLOBAL_UNCERTAINTY_ASSIGNED_CONTEXT((#3814))
GLOBAL_UNIT_ASSIGNED_CONTEXT((#3822,#3824,#3825))
REPRESENTATION_CONTEXT('','3D')
);
#3819=(
GEOMETRIC_REPRESENTATION_CONTEXT(3)
GLOBAL_UNCERTAINTY_ASSIGNED_CONTEXT((#3815))
GLOBAL_UNIT_ASSIGNED_CONTEXT((#3822,#3824,#3825))
REPRESENTATION_CONTEXT('','3D')
);
#3820=(
GEOMETRIC_REPRESENTATION_CONTEXT(3)
GLOBAL_UNCERTAINTY_ASSIGNED_CONTEXT((#3816))
GLOBAL_UNIT_ASSIGNED_CONTEXT((#3822,#3824,#3825))
REPRESENTATION_CONTEXT('','3D')
);
#3821=(
GEOMETRIC_REPRESENTATION_CONTEXT(3)
GLOBAL_UNCERTAINTY_ASSIGNED_CONTEXT((#3817))
GLOBAL_UNIT_ASSIGNED_CONTEXT((#3822,#3824,#3825))
REPRESENTATION_CONTEXT('','3D')
);
#3822=(
LENGTH_UNIT()
NAMED_UNIT(*)
SI_UNIT(.MILLI.,.METRE.)
);
#3823=(
LENGTH_UNIT()
NAMED_UNIT(*)
SI_UNIT(.CENTI.,.METRE.)
);
#3824=(
NAMED_UNIT(*)
PLANE_ANGLE_UNIT()
SI_UNIT($,.RADIAN.)
);
#3825=(
NAMED_UNIT(*)
SI_UNIT($,.STERADIAN.)
SOLID_ANGLE_UNIT()
);
#3826=SHAPE_DEFINITION_REPRESENTATION(#3829,#3838);
#3827=SHAPE_DEFINITION_REPRESENTATION(#3830,#3839);
#3828=SHAPE_DEFINITION_REPRESENTATION(#3831,#3840);
#3829=PRODUCT_DEFINITION_SHAPE('',$,#3842);
#3830=PRODUCT_DEFINITION_SHAPE('',$,#3843);
#3831=PRODUCT_DEFINITION_SHAPE('',$,#3844);
#3832=PRODUCT_DEFINITION_SHAPE($,$,#29);
#3833=PRODUCT_DEFINITION_SHAPE($,$,#30);
#3834=PRODUCT_DEFINITION_SHAPE($,$,#31);
#3835=PRODUCT_DEFINITION_SHAPE($,$,#32);
#3836=PRODUCT_DEFINITION_SHAPE($,$,#33);
#3837=PRODUCT_DEFINITION_SHAPE($,$,#34);
#3838=SHAPE_REPRESENTATION('',(#2474,#2601,#2602,#2603,#2604,#2605,#2606),
#3818);
#3839=SHAPE_REPRESENTATION('',(#2475),#3819);
#3840=SHAPE_REPRESENTATION('',(#2592),#3820);
#3841=PRODUCT_DEFINITION_CONTEXT('part definition',#3852,'design');
#3842=PRODUCT_DEFINITION('jst-ph-r5','jst-ph-r5',#3845,#3841);
#3843=PRODUCT_DEFINITION('PHR-5','jst-ph-r5',#3846,#3841);
#3844=PRODUCT_DEFINITION('jst-ph-5p_wire','jst-ph-5p_wire',#3847,#3841);
#3845=PRODUCT_DEFINITION_FORMATION('',$,#3854);
#3846=PRODUCT_DEFINITION_FORMATION('ANY',$,#3855);
#3847=PRODUCT_DEFINITION_FORMATION('',$,#3856);
#3848=PRODUCT_RELATED_PRODUCT_CATEGORY('jst-ph-r5','jst-ph-r5',(#3854));
#3849=PRODUCT_RELATED_PRODUCT_CATEGORY('jst-ph-r5','jst-ph-r5',(#3855));
#3850=PRODUCT_RELATED_PRODUCT_CATEGORY('jst-ph-5p_wire',
'jst-ph-5p_wire',(#3856));
#3851=APPLICATION_PROTOCOL_DEFINITION('international standard',
'automotive_design',2009,#3852);
#3852=APPLICATION_CONTEXT(
'Core Data for Automotive Mechanical Design Process');
#3853=PRODUCT_CONTEXT('part definition',#3852,'mechanical');
#3854=PRODUCT('jst-ph-r5','jst-ph-r5',$,(#3853));
#3855=PRODUCT('PHR-5','jst-ph-r5','STEP AP214',(#3853));
#3856=PRODUCT('jst-ph-5p_wire','jst-ph-5p_wire',$,(#3853));
ENDSEC;
END-ISO-10303-21;
