ISO-10303-21;
HEADER;
/* Generated by software containing ST-Developer
 * from STEP Tools, Inc. (www.steptools.com) 
 */

FILE_DESCRIPTION(
/* description */ (''),
/* implementation_level */ '2;1');

FILE_NAME(
/* name */ 'jst-ph-5p.step',
/* time_stamp */ '2025-12-13T11:11:56Z',
/* author */ ('sam'),
/* organization */ (''),
/* preprocessor_version */ 'ST-DEVELOPER v20',
/* originating_system */ 'Autodesk Inventor 2025',
/* authorisation */ '');

FILE_SCHEMA (('AUTOMOTIVE_DESIGN { 1 0 10303 214 3 1 1 }'));
ENDSEC;

DATA;
#10=MECHANICAL_DESIGN_GEOMETRIC_PRESENTATION_REPRESENTATION('',(#56,#57,
#58,#59,#60,#61,#62),#7690);
#11=ITEM_DEFINED_TRANSFORMATION($,$,#4759,#5097);
#12=ITEM_DEFINED_TRANSFORMATION($,$,#4758,#5105);
#13=ITEM_DEFINED_TRANSFORMATION($,$,#5098,#5106);
#14=ITEM_DEFINED_TRANSFORMATION($,$,#5098,#5107);
#15=ITEM_DEFINED_TRANSFORMATION($,$,#5098,#5108);
#16=ITEM_DEFINED_TRANSFORMATION($,$,#5098,#5109);
#17=ITEM_DEFINED_TRANSFORMATION($,$,#5098,#5110);
#18=(
REPRESENTATION_RELATIONSHIP($,$,#7712,#7711)
REPRESENTATION_RELATIONSHIP_WITH_TRANSFORMATION(#11)
SHAPE_REPRESENTATION_RELATIONSHIP()
);
#19=(
REPRESENTATION_RELATIONSHIP($,$,#7711,#7710)
REPRESENTATION_RELATIONSHIP_WITH_TRANSFORMATION(#12)
SHAPE_REPRESENTATION_RELATIONSHIP()
);
#20=(
REPRESENTATION_RELATIONSHIP($,$,#7713,#7710)
REPRESENTATION_RELATIONSHIP_WITH_TRANSFORMATION(#13)
SHAPE_REPRESENTATION_RELATIONSHIP()
);
#21=(
REPRESENTATION_RELATIONSHIP($,$,#7713,#7710)
REPRESENTATION_RELATIONSHIP_WITH_TRANSFORMATION(#14)
SHAPE_REPRESENTATION_RELATIONSHIP()
);
#22=(
REPRESENTATION_RELATIONSHIP($,$,#7713,#7710)
REPRESENTATION_RELATIONSHIP_WITH_TRANSFORMATION(#15)
SHAPE_REPRESENTATION_RELATIONSHIP()
);
#23=(
REPRESENTATION_RELATIONSHIP($,$,#7713,#7710)
REPRESENTATION_RELATIONSHIP_WITH_TRANSFORMATION(#16)
SHAPE_REPRESENTATION_RELATIONSHIP()
);
#24=(
REPRESENTATION_RELATIONSHIP($,$,#7713,#7710)
REPRESENTATION_RELATIONSHIP_WITH_TRANSFORMATION(#17)
SHAPE_REPRESENTATION_RELATIONSHIP()
);
#25=CONTEXT_DEPENDENT_SHAPE_REPRESENTATION(#18,#7702);
#26=CONTEXT_DEPENDENT_SHAPE_REPRESENTATION(#19,#7704);
#27=CONTEXT_DEPENDENT_SHAPE_REPRESENTATION(#20,#7705);
#28=CONTEXT_DEPENDENT_SHAPE_REPRESENTATION(#21,#7706);
#29=CONTEXT_DEPENDENT_SHAPE_REPRESENTATION(#22,#7707);
#30=CONTEXT_DEPENDENT_SHAPE_REPRESENTATION(#23,#7708);
#31=CONTEXT_DEPENDENT_SHAPE_REPRESENTATION(#24,#7709);
#32=NEXT_ASSEMBLY_USAGE_OCCURRENCE('B5B-PH-K-S(LF)(SN)_1',
'B5B-PH-K-S(LF)(SN)_1','B5B-PH-K-S(LF)(SN)_1',#7716,#7717,
'B5B-PH-K-S(LF)(SN)_1');
#33=NEXT_ASSEMBLY_USAGE_OCCURRENCE('B5B-PH-K-S:1','B5B-PH-K-S:1',
'B5B-PH-K-S:1',#7715,#7716,'B5B-PH-K-S:1');
#34=NEXT_ASSEMBLY_USAGE_OCCURRENCE('jst-ph-5p_wire:1',
'jst-ph-5p_wire:1','jst-ph-5p_wire:1',#7715,#7718,'jst-ph-5p_wire:1');
#35=NEXT_ASSEMBLY_USAGE_OCCURRENCE('jst-ph-5p_wire:2',
'jst-ph-5p_wire:2','jst-ph-5p_wire:2',#7715,#7718,'jst-ph-5p_wire:2');
#36=NEXT_ASSEMBLY_USAGE_OCCURRENCE('jst-ph-5p_wire:3',
'jst-ph-5p_wire:3','jst-ph-5p_wire:3',#7715,#7718,'jst-ph-5p_wire:3');
#37=NEXT_ASSEMBLY_USAGE_OCCURRENCE('jst-ph-5p_wire:4',
'jst-ph-5p_wire:4','jst-ph-5p_wire:4',#7715,#7718,'jst-ph-5p_wire:4');
#38=NEXT_ASSEMBLY_USAGE_OCCURRENCE('jst-ph-5p_wire:5',
'jst-ph-5p_wire:5','jst-ph-5p_wire:5',#7715,#7718,'jst-ph-5p_wire:5');
#39=SHAPE_REPRESENTATION_RELATIONSHIP('SRR','None',#7712,#41);
#40=SHAPE_REPRESENTATION_RELATIONSHIP('SRR','None',#7713,#42);
#41=ADVANCED_BREP_SHAPE_REPRESENTATION('',(#63,#64,#65,#66,#67,#68),#7688);
#42=ADVANCED_BREP_SHAPE_REPRESENTATION('',(#69),#7689);
#43=FACE_BOUND('',#529,.T.);
#44=FACE_BOUND('',#539,.T.);
#45=FACE_BOUND('',#540,.T.);
#46=FACE_BOUND('',#541,.T.);
#47=FACE_BOUND('',#542,.T.);
#48=FACE_BOUND('',#543,.T.);
#49=FACE_BOUND('',#554,.T.);
#50=FACE_BOUND('',#560,.T.);
#51=FACE_BOUND('',#581,.T.);
#52=FACE_BOUND('',#592,.T.);
#53=FACE_BOUND('',#594,.T.);
#54=FACE_BOUND('',#598,.T.);
#55=FACE_BOUND('',#602,.T.);
#56=STYLED_ITEM('',(#4707),#63);
#57=STYLED_ITEM('',(#4707),#64);
#58=STYLED_ITEM('',(#4708),#65);
#59=STYLED_ITEM('',(#4707),#66);
#60=STYLED_ITEM('',(#4707),#67);
#61=STYLED_ITEM('',(#4707),#68);
#62=STYLED_ITEM('',(#4706),#69);
#63=MANIFOLD_SOLID_BREP('Solid1',#4673);
#64=MANIFOLD_SOLID_BREP('Solid2',#4674);
#65=MANIFOLD_SOLID_BREP('Solid3',#4675);
#66=MANIFOLD_SOLID_BREP('Solid4',#4676);
#67=MANIFOLD_SOLID_BREP('Solid5',#4677);
#68=MANIFOLD_SOLID_BREP('Solid6',#4678);
#69=MANIFOLD_SOLID_BREP('Solid1',#4679);
#70=CYLINDRICAL_SURFACE('',#4769,0.0499999999999788);
#71=CYLINDRICAL_SURFACE('',#4773,0.549999999999979);
#72=CYLINDRICAL_SURFACE('',#4781,0.550000000000001);
#73=CYLINDRICAL_SURFACE('',#4785,0.0500000000000012);
#74=CYLINDRICAL_SURFACE('',#4793,0.0499999999999995);
#75=CYLINDRICAL_SURFACE('',#4797,0.549999999999999);
#76=CYLINDRICAL_SURFACE('',#4814,0.549999999999999);
#77=CYLINDRICAL_SURFACE('',#4819,0.0499999999999995);
#78=CYLINDRICAL_SURFACE('',#4826,0.0500000000000012);
#79=CYLINDRICAL_SURFACE('',#4831,0.550000000000001);
#80=CYLINDRICAL_SURFACE('',#4838,0.549999999999979);
#81=CYLINDRICAL_SURFACE('',#4843,0.0499999999999788);
#82=CYLINDRICAL_SURFACE('',#4864,0.5);
#83=CYLINDRICAL_SURFACE('',#4923,0.5);
#84=CYLINDRICAL_SURFACE('',#4951,0.549999999999999);
#85=CYLINDRICAL_SURFACE('',#4956,0.0499999999999995);
#86=CYLINDRICAL_SURFACE('',#4963,0.0500000000000012);
#87=CYLINDRICAL_SURFACE('',#4968,0.550000000000001);
#88=CYLINDRICAL_SURFACE('',#4975,0.549999999999979);
#89=CYLINDRICAL_SURFACE('',#4980,0.0499999999999788);
#90=CYLINDRICAL_SURFACE('',#5001,0.549999999999999);
#91=CYLINDRICAL_SURFACE('',#5006,0.0499999999999995);
#92=CYLINDRICAL_SURFACE('',#5013,0.0500000000000012);
#93=CYLINDRICAL_SURFACE('',#5018,0.550000000000001);
#94=CYLINDRICAL_SURFACE('',#5025,0.549999999999979);
#95=CYLINDRICAL_SURFACE('',#5030,0.0499999999999788);
#96=CYLINDRICAL_SURFACE('',#5051,0.549999999999999);
#97=CYLINDRICAL_SURFACE('',#5056,0.0499999999999995);
#98=CYLINDRICAL_SURFACE('',#5063,0.0500000000000012);
#99=CYLINDRICAL_SURFACE('',#5068,0.550000000000001);
#100=CYLINDRICAL_SURFACE('',#5075,0.549999999999979);
#101=CYLINDRICAL_SURFACE('',#5080,0.0499999999999788);
#102=CIRCLE('',#4767,0.0499999999999789);
#103=CIRCLE('',#4768,0.549999999999979);
#104=CIRCLE('',#4770,0.0499999999999788);
#105=CIRCLE('',#4772,0.549999999999979);
#106=CIRCLE('',#4779,0.550000000000001);
#107=CIRCLE('',#4780,0.0500000000000012);
#108=CIRCLE('',#4782,0.550000000000001);
#109=CIRCLE('',#4784,0.0500000000000012);
#110=CIRCLE('',#4791,0.0499999999999996);
#111=CIRCLE('',#4792,0.549999999999999);
#112=CIRCLE('',#4794,0.0499999999999994);
#113=CIRCLE('',#4796,0.549999999999999);
#114=CIRCLE('',#4815,0.549999999999999);
#115=CIRCLE('',#4816,0.549999999999999);
#116=CIRCLE('',#4818,0.0499999999999994);
#117=CIRCLE('',#4820,0.0499999999999996);
#118=CIRCLE('',#4827,0.0500000000000012);
#119=CIRCLE('',#4828,0.0500000000000012);
#120=CIRCLE('',#4830,0.550000000000001);
#121=CIRCLE('',#4832,0.550000000000001);
#122=CIRCLE('',#4839,0.549999999999979);
#123=CIRCLE('',#4840,0.549999999999979);
#124=CIRCLE('',#4842,0.0499999999999788);
#125=CIRCLE('',#4844,0.0499999999999789);
#126=CIRCLE('',#4865,0.5);
#127=CIRCLE('',#4866,0.5);
#128=CIRCLE('',#4915,0.5);
#129=CIRCLE('',#4919,0.5);
#130=CIRCLE('',#4952,0.549999999999999);
#131=CIRCLE('',#4953,0.549999999999999);
#132=CIRCLE('',#4955,0.0499999999999994);
#133=CIRCLE('',#4957,0.0499999999999996);
#134=CIRCLE('',#4964,0.0500000000000012);
#135=CIRCLE('',#4965,0.0500000000000012);
#136=CIRCLE('',#4967,0.550000000000001);
#137=CIRCLE('',#4969,0.550000000000001);
#138=CIRCLE('',#4976,0.549999999999979);
#139=CIRCLE('',#4977,0.549999999999979);
#140=CIRCLE('',#4979,0.0499999999999788);
#141=CIRCLE('',#4981,0.0499999999999789);
#142=CIRCLE('',#5002,0.549999999999999);
#143=CIRCLE('',#5003,0.549999999999999);
#144=CIRCLE('',#5005,0.0499999999999994);
#145=CIRCLE('',#5007,0.0499999999999996);
#146=CIRCLE('',#5014,0.0500000000000012);
#147=CIRCLE('',#5015,0.0500000000000012);
#148=CIRCLE('',#5017,0.550000000000001);
#149=CIRCLE('',#5019,0.550000000000001);
#150=CIRCLE('',#5026,0.549999999999979);
#151=CIRCLE('',#5027,0.549999999999979);
#152=CIRCLE('',#5029,0.0499999999999788);
#153=CIRCLE('',#5031,0.0499999999999789);
#154=CIRCLE('',#5052,0.549999999999999);
#155=CIRCLE('',#5053,0.549999999999999);
#156=CIRCLE('',#5055,0.0499999999999994);
#157=CIRCLE('',#5057,0.0499999999999996);
#158=CIRCLE('',#5064,0.0500000000000012);
#159=CIRCLE('',#5065,0.0500000000000012);
#160=CIRCLE('',#5067,0.550000000000001);
#161=CIRCLE('',#5069,0.550000000000001);
#162=CIRCLE('',#5076,0.549999999999979);
#163=CIRCLE('',#5077,0.549999999999979);
#164=CIRCLE('',#5079,0.0499999999999788);
#165=CIRCLE('',#5081,0.0499999999999789);
#166=FACE_OUTER_BOUND('',#445,.T.);
#167=FACE_OUTER_BOUND('',#446,.T.);
#168=FACE_OUTER_BOUND('',#447,.T.);
#169=FACE_OUTER_BOUND('',#448,.T.);
#170=FACE_OUTER_BOUND('',#449,.T.);
#171=FACE_OUTER_BOUND('',#450,.T.);
#172=FACE_OUTER_BOUND('',#451,.T.);
#173=FACE_OUTER_BOUND('',#452,.T.);
#174=FACE_OUTER_BOUND('',#453,.T.);
#175=FACE_OUTER_BOUND('',#454,.T.);
#176=FACE_OUTER_BOUND('',#455,.T.);
#177=FACE_OUTER_BOUND('',#456,.T.);
#178=FACE_OUTER_BOUND('',#457,.T.);
#179=FACE_OUTER_BOUND('',#458,.T.);
#180=FACE_OUTER_BOUND('',#459,.T.);
#181=FACE_OUTER_BOUND('',#460,.T.);
#182=FACE_OUTER_BOUND('',#461,.T.);
#183=FACE_OUTER_BOUND('',#462,.T.);
#184=FACE_OUTER_BOUND('',#463,.T.);
#185=FACE_OUTER_BOUND('',#464,.T.);
#186=FACE_OUTER_BOUND('',#465,.T.);
#187=FACE_OUTER_BOUND('',#466,.T.);
#188=FACE_OUTER_BOUND('',#467,.T.);
#189=FACE_OUTER_BOUND('',#468,.T.);
#190=FACE_OUTER_BOUND('',#469,.T.);
#191=FACE_OUTER_BOUND('',#470,.T.);
#192=FACE_OUTER_BOUND('',#471,.T.);
#193=FACE_OUTER_BOUND('',#472,.T.);
#194=FACE_OUTER_BOUND('',#473,.T.);
#195=FACE_OUTER_BOUND('',#474,.T.);
#196=FACE_OUTER_BOUND('',#475,.T.);
#197=FACE_OUTER_BOUND('',#476,.T.);
#198=FACE_OUTER_BOUND('',#477,.T.);
#199=FACE_OUTER_BOUND('',#478,.T.);
#200=FACE_OUTER_BOUND('',#479,.T.);
#201=FACE_OUTER_BOUND('',#480,.T.);
#202=FACE_OUTER_BOUND('',#481,.T.);
#203=FACE_OUTER_BOUND('',#482,.T.);
#204=FACE_OUTER_BOUND('',#483,.T.);
#205=FACE_OUTER_BOUND('',#484,.T.);
#206=FACE_OUTER_BOUND('',#485,.T.);
#207=FACE_OUTER_BOUND('',#486,.T.);
#208=FACE_OUTER_BOUND('',#487,.T.);
#209=FACE_OUTER_BOUND('',#488,.T.);
#210=FACE_OUTER_BOUND('',#489,.T.);
#211=FACE_OUTER_BOUND('',#490,.T.);
#212=FACE_OUTER_BOUND('',#491,.T.);
#213=FACE_OUTER_BOUND('',#492,.T.);
#214=FACE_OUTER_BOUND('',#493,.T.);
#215=FACE_OUTER_BOUND('',#494,.T.);
#216=FACE_OUTER_BOUND('',#495,.T.);
#217=FACE_OUTER_BOUND('',#496,.T.);
#218=FACE_OUTER_BOUND('',#497,.T.);
#219=FACE_OUTER_BOUND('',#498,.T.);
#220=FACE_OUTER_BOUND('',#499,.T.);
#221=FACE_OUTER_BOUND('',#500,.T.);
#222=FACE_OUTER_BOUND('',#501,.T.);
#223=FACE_OUTER_BOUND('',#502,.T.);
#224=FACE_OUTER_BOUND('',#503,.T.);
#225=FACE_OUTER_BOUND('',#504,.T.);
#226=FACE_OUTER_BOUND('',#505,.T.);
#227=FACE_OUTER_BOUND('',#506,.T.);
#228=FACE_OUTER_BOUND('',#507,.T.);
#229=FACE_OUTER_BOUND('',#508,.T.);
#230=FACE_OUTER_BOUND('',#509,.T.);
#231=FACE_OUTER_BOUND('',#510,.T.);
#232=FACE_OUTER_BOUND('',#511,.T.);
#233=FACE_OUTER_BOUND('',#512,.T.);
#234=FACE_OUTER_BOUND('',#513,.T.);
#235=FACE_OUTER_BOUND('',#514,.T.);
#236=FACE_OUTER_BOUND('',#515,.T.);
#237=FACE_OUTER_BOUND('',#516,.T.);
#238=FACE_OUTER_BOUND('',#517,.T.);
#239=FACE_OUTER_BOUND('',#518,.T.);
#240=FACE_OUTER_BOUND('',#519,.T.);
#241=FACE_OUTER_BOUND('',#520,.T.);
#242=FACE_OUTER_BOUND('',#521,.T.);
#243=FACE_OUTER_BOUND('',#522,.T.);
#244=FACE_OUTER_BOUND('',#523,.T.);
#245=FACE_OUTER_BOUND('',#524,.T.);
#246=FACE_OUTER_BOUND('',#525,.T.);
#247=FACE_OUTER_BOUND('',#526,.T.);
#248=FACE_OUTER_BOUND('',#527,.T.);
#249=FACE_OUTER_BOUND('',#528,.T.);
#250=FACE_OUTER_BOUND('',#530,.T.);
#251=FACE_OUTER_BOUND('',#531,.T.);
#252=FACE_OUTER_BOUND('',#532,.T.);
#253=FACE_OUTER_BOUND('',#533,.T.);
#254=FACE_OUTER_BOUND('',#534,.T.);
#255=FACE_OUTER_BOUND('',#535,.T.);
#256=FACE_OUTER_BOUND('',#536,.T.);
#257=FACE_OUTER_BOUND('',#537,.T.);
#258=FACE_OUTER_BOUND('',#538,.T.);
#259=FACE_OUTER_BOUND('',#544,.T.);
#260=FACE_OUTER_BOUND('',#545,.T.);
#261=FACE_OUTER_BOUND('',#546,.T.);
#262=FACE_OUTER_BOUND('',#547,.T.);
#263=FACE_OUTER_BOUND('',#548,.T.);
#264=FACE_OUTER_BOUND('',#549,.T.);
#265=FACE_OUTER_BOUND('',#550,.T.);
#266=FACE_OUTER_BOUND('',#551,.T.);
#267=FACE_OUTER_BOUND('',#552,.T.);
#268=FACE_OUTER_BOUND('',#553,.T.);
#269=FACE_OUTER_BOUND('',#555,.T.);
#270=FACE_OUTER_BOUND('',#556,.T.);
#271=FACE_OUTER_BOUND('',#557,.T.);
#272=FACE_OUTER_BOUND('',#558,.T.);
#273=FACE_OUTER_BOUND('',#559,.T.);
#274=FACE_OUTER_BOUND('',#561,.T.);
#275=FACE_OUTER_BOUND('',#562,.T.);
#276=FACE_OUTER_BOUND('',#563,.T.);
#277=FACE_OUTER_BOUND('',#564,.T.);
#278=FACE_OUTER_BOUND('',#565,.T.);
#279=FACE_OUTER_BOUND('',#566,.T.);
#280=FACE_OUTER_BOUND('',#567,.T.);
#281=FACE_OUTER_BOUND('',#568,.T.);
#282=FACE_OUTER_BOUND('',#569,.T.);
#283=FACE_OUTER_BOUND('',#570,.T.);
#284=FACE_OUTER_BOUND('',#571,.T.);
#285=FACE_OUTER_BOUND('',#572,.T.);
#286=FACE_OUTER_BOUND('',#573,.T.);
#287=FACE_OUTER_BOUND('',#574,.T.);
#288=FACE_OUTER_BOUND('',#575,.T.);
#289=FACE_OUTER_BOUND('',#576,.T.);
#290=FACE_OUTER_BOUND('',#577,.T.);
#291=FACE_OUTER_BOUND('',#578,.T.);
#292=FACE_OUTER_BOUND('',#579,.T.);
#293=FACE_OUTER_BOUND('',#580,.T.);
#294=FACE_OUTER_BOUND('',#582,.T.);
#295=FACE_OUTER_BOUND('',#583,.T.);
#296=FACE_OUTER_BOUND('',#584,.T.);
#297=FACE_OUTER_BOUND('',#585,.T.);
#298=FACE_OUTER_BOUND('',#586,.T.);
#299=FACE_OUTER_BOUND('',#587,.T.);
#300=FACE_OUTER_BOUND('',#588,.T.);
#301=FACE_OUTER_BOUND('',#589,.T.);
#302=FACE_OUTER_BOUND('',#590,.T.);
#303=FACE_OUTER_BOUND('',#591,.T.);
#304=FACE_OUTER_BOUND('',#593,.T.);
#305=FACE_OUTER_BOUND('',#595,.T.);
#306=FACE_OUTER_BOUND('',#596,.T.);
#307=FACE_OUTER_BOUND('',#597,.T.);
#308=FACE_OUTER_BOUND('',#599,.T.);
#309=FACE_OUTER_BOUND('',#600,.T.);
#310=FACE_OUTER_BOUND('',#601,.T.);
#311=FACE_OUTER_BOUND('',#603,.T.);
#312=FACE_OUTER_BOUND('',#604,.T.);
#313=FACE_OUTER_BOUND('',#605,.T.);
#314=FACE_OUTER_BOUND('',#606,.T.);
#315=FACE_OUTER_BOUND('',#607,.T.);
#316=FACE_OUTER_BOUND('',#608,.T.);
#317=FACE_OUTER_BOUND('',#609,.T.);
#318=FACE_OUTER_BOUND('',#610,.T.);
#319=FACE_OUTER_BOUND('',#611,.T.);
#320=FACE_OUTER_BOUND('',#612,.T.);
#321=FACE_OUTER_BOUND('',#613,.T.);
#322=FACE_OUTER_BOUND('',#614,.T.);
#323=FACE_OUTER_BOUND('',#615,.T.);
#324=FACE_OUTER_BOUND('',#616,.T.);
#325=FACE_OUTER_BOUND('',#617,.T.);
#326=FACE_OUTER_BOUND('',#618,.T.);
#327=FACE_OUTER_BOUND('',#619,.T.);
#328=FACE_OUTER_BOUND('',#620,.T.);
#329=FACE_OUTER_BOUND('',#621,.T.);
#330=FACE_OUTER_BOUND('',#622,.T.);
#331=FACE_OUTER_BOUND('',#623,.T.);
#332=FACE_OUTER_BOUND('',#624,.T.);
#333=FACE_OUTER_BOUND('',#625,.T.);
#334=FACE_OUTER_BOUND('',#626,.T.);
#335=FACE_OUTER_BOUND('',#627,.T.);
#336=FACE_OUTER_BOUND('',#628,.T.);
#337=FACE_OUTER_BOUND('',#629,.T.);
#338=FACE_OUTER_BOUND('',#630,.T.);
#339=FACE_OUTER_BOUND('',#631,.T.);
#340=FACE_OUTER_BOUND('',#632,.T.);
#341=FACE_OUTER_BOUND('',#633,.T.);
#342=FACE_OUTER_BOUND('',#634,.T.);
#343=FACE_OUTER_BOUND('',#635,.T.);
#344=FACE_OUTER_BOUND('',#636,.T.);
#345=FACE_OUTER_BOUND('',#637,.T.);
#346=FACE_OUTER_BOUND('',#638,.T.);
#347=FACE_OUTER_BOUND('',#639,.T.);
#348=FACE_OUTER_BOUND('',#640,.T.);
#349=FACE_OUTER_BOUND('',#641,.T.);
#350=FACE_OUTER_BOUND('',#642,.T.);
#351=FACE_OUTER_BOUND('',#643,.T.);
#352=FACE_OUTER_BOUND('',#644,.T.);
#353=FACE_OUTER_BOUND('',#645,.T.);
#354=FACE_OUTER_BOUND('',#646,.T.);
#355=FACE_OUTER_BOUND('',#647,.T.);
#356=FACE_OUTER_BOUND('',#648,.T.);
#357=FACE_OUTER_BOUND('',#649,.T.);
#358=FACE_OUTER_BOUND('',#650,.T.);
#359=FACE_OUTER_BOUND('',#651,.T.);
#360=FACE_OUTER_BOUND('',#652,.T.);
#361=FACE_OUTER_BOUND('',#653,.T.);
#362=FACE_OUTER_BOUND('',#654,.T.);
#363=FACE_OUTER_BOUND('',#655,.T.);
#364=FACE_OUTER_BOUND('',#656,.T.);
#365=FACE_OUTER_BOUND('',#657,.T.);
#366=FACE_OUTER_BOUND('',#658,.T.);
#367=FACE_OUTER_BOUND('',#659,.T.);
#368=FACE_OUTER_BOUND('',#660,.T.);
#369=FACE_OUTER_BOUND('',#661,.T.);
#370=FACE_OUTER_BOUND('',#662,.T.);
#371=FACE_OUTER_BOUND('',#663,.T.);
#372=FACE_OUTER_BOUND('',#664,.T.);
#373=FACE_OUTER_BOUND('',#665,.T.);
#374=FACE_OUTER_BOUND('',#666,.T.);
#375=FACE_OUTER_BOUND('',#667,.T.);
#376=FACE_OUTER_BOUND('',#668,.T.);
#377=FACE_OUTER_BOUND('',#669,.T.);
#378=FACE_OUTER_BOUND('',#670,.T.);
#379=FACE_OUTER_BOUND('',#671,.T.);
#380=FACE_OUTER_BOUND('',#672,.T.);
#381=FACE_OUTER_BOUND('',#673,.T.);
#382=FACE_OUTER_BOUND('',#674,.T.);
#383=FACE_OUTER_BOUND('',#675,.T.);
#384=FACE_OUTER_BOUND('',#676,.T.);
#385=FACE_OUTER_BOUND('',#677,.T.);
#386=FACE_OUTER_BOUND('',#678,.T.);
#387=FACE_OUTER_BOUND('',#679,.T.);
#388=FACE_OUTER_BOUND('',#680,.T.);
#389=FACE_OUTER_BOUND('',#681,.T.);
#390=FACE_OUTER_BOUND('',#682,.T.);
#391=FACE_OUTER_BOUND('',#683,.T.);
#392=FACE_OUTER_BOUND('',#684,.T.);
#393=FACE_OUTER_BOUND('',#685,.T.);
#394=FACE_OUTER_BOUND('',#686,.T.);
#395=FACE_OUTER_BOUND('',#687,.T.);
#396=FACE_OUTER_BOUND('',#688,.T.);
#397=FACE_OUTER_BOUND('',#689,.T.);
#398=FACE_OUTER_BOUND('',#690,.T.);
#399=FACE_OUTER_BOUND('',#691,.T.);
#400=FACE_OUTER_BOUND('',#692,.T.);
#401=FACE_OUTER_BOUND('',#693,.T.);
#402=FACE_OUTER_BOUND('',#694,.T.);
#403=FACE_OUTER_BOUND('',#695,.T.);
#404=FACE_OUTER_BOUND('',#696,.T.);
#405=FACE_OUTER_BOUND('',#697,.T.);
#406=FACE_OUTER_BOUND('',#698,.T.);
#407=FACE_OUTER_BOUND('',#699,.T.);
#408=FACE_OUTER_BOUND('',#700,.T.);
#409=FACE_OUTER_BOUND('',#701,.T.);
#410=FACE_OUTER_BOUND('',#702,.T.);
#411=FACE_OUTER_BOUND('',#703,.T.);
#412=FACE_OUTER_BOUND('',#704,.T.);
#413=FACE_OUTER_BOUND('',#705,.T.);
#414=FACE_OUTER_BOUND('',#706,.T.);
#415=FACE_OUTER_BOUND('',#707,.T.);
#416=FACE_OUTER_BOUND('',#708,.T.);
#417=FACE_OUTER_BOUND('',#709,.T.);
#418=FACE_OUTER_BOUND('',#710,.T.);
#419=FACE_OUTER_BOUND('',#711,.T.);
#420=FACE_OUTER_BOUND('',#712,.T.);
#421=FACE_OUTER_BOUND('',#713,.T.);
#422=FACE_OUTER_BOUND('',#714,.T.);
#423=FACE_OUTER_BOUND('',#715,.T.);
#424=FACE_OUTER_BOUND('',#716,.T.);
#425=FACE_OUTER_BOUND('',#717,.T.);
#426=FACE_OUTER_BOUND('',#718,.T.);
#427=FACE_OUTER_BOUND('',#719,.T.);
#428=FACE_OUTER_BOUND('',#720,.T.);
#429=FACE_OUTER_BOUND('',#721,.T.);
#430=FACE_OUTER_BOUND('',#722,.T.);
#431=FACE_OUTER_BOUND('',#723,.T.);
#432=FACE_OUTER_BOUND('',#724,.T.);
#433=FACE_OUTER_BOUND('',#725,.T.);
#434=FACE_OUTER_BOUND('',#726,.T.);
#435=FACE_OUTER_BOUND('',#727,.T.);
#436=FACE_OUTER_BOUND('',#728,.T.);
#437=FACE_OUTER_BOUND('',#729,.T.);
#438=FACE_OUTER_BOUND('',#730,.T.);
#439=FACE_OUTER_BOUND('',#731,.T.);
#440=FACE_OUTER_BOUND('',#732,.T.);
#441=FACE_OUTER_BOUND('',#733,.T.);
#442=FACE_OUTER_BOUND('',#734,.T.);
#443=FACE_OUTER_BOUND('',#735,.T.);
#444=FACE_OUTER_BOUND('',#736,.T.);
#445=EDGE_LOOP('',(#2879,#2880,#2881,#2882));
#446=EDGE_LOOP('',(#2883,#2884,#2885,#2886));
#447=EDGE_LOOP('',(#2887,#2888,#2889,#2890));
#448=EDGE_LOOP('',(#2891,#2892,#2893,#2894));
#449=EDGE_LOOP('',(#2895,#2896,#2897,#2898));
#450=EDGE_LOOP('',(#2899,#2900,#2901,#2902));
#451=EDGE_LOOP('',(#2903,#2904,#2905,#2906));
#452=EDGE_LOOP('',(#2907,#2908,#2909,#2910));
#453=EDGE_LOOP('',(#2911,#2912,#2913,#2914));
#454=EDGE_LOOP('',(#2915,#2916,#2917,#2918));
#455=EDGE_LOOP('',(#2919,#2920,#2921,#2922));
#456=EDGE_LOOP('',(#2923,#2924,#2925,#2926));
#457=EDGE_LOOP('',(#2927,#2928,#2929,#2930));
#458=EDGE_LOOP('',(#2931,#2932,#2933,#2934));
#459=EDGE_LOOP('',(#2935,#2936,#2937,#2938));
#460=EDGE_LOOP('',(#2939,#2940,#2941,#2942));
#461=EDGE_LOOP('',(#2943,#2944,#2945,#2946));
#462=EDGE_LOOP('',(#2947,#2948,#2949,#2950));
#463=EDGE_LOOP('',(#2951,#2952,#2953,#2954));
#464=EDGE_LOOP('',(#2955,#2956,#2957,#2958));
#465=EDGE_LOOP('',(#2959,#2960,#2961,#2962));
#466=EDGE_LOOP('',(#2963,#2964,#2965,#2966));
#467=EDGE_LOOP('',(#2967,#2968,#2969,#2970));
#468=EDGE_LOOP('',(#2971,#2972,#2973,#2974));
#469=EDGE_LOOP('',(#2975,#2976,#2977,#2978));
#470=EDGE_LOOP('',(#2979,#2980,#2981,#2982));
#471=EDGE_LOOP('',(#2983,#2984,#2985,#2986));
#472=EDGE_LOOP('',(#2987,#2988,#2989,#2990));
#473=EDGE_LOOP('',(#2991,#2992,#2993,#2994));
#474=EDGE_LOOP('',(#2995,#2996,#2997,#2998));
#475=EDGE_LOOP('',(#2999,#3000,#3001,#3002));
#476=EDGE_LOOP('',(#3003,#3004,#3005,#3006));
#477=EDGE_LOOP('',(#3007,#3008,#3009,#3010));
#478=EDGE_LOOP('',(#3011,#3012,#3013,#3014));
#479=EDGE_LOOP('',(#3015,#3016,#3017,#3018));
#480=EDGE_LOOP('',(#3019,#3020,#3021,#3022));
#481=EDGE_LOOP('',(#3023,#3024,#3025,#3026));
#482=EDGE_LOOP('',(#3027,#3028,#3029,#3030));
#483=EDGE_LOOP('',(#3031,#3032,#3033,#3034));
#484=EDGE_LOOP('',(#3035,#3036,#3037,#3038));
#485=EDGE_LOOP('',(#3039,#3040,#3041,#3042));
#486=EDGE_LOOP('',(#3043,#3044,#3045,#3046));
#487=EDGE_LOOP('',(#3047,#3048,#3049,#3050));
#488=EDGE_LOOP('',(#3051,#3052,#3053,#3054));
#489=EDGE_LOOP('',(#3055,#3056,#3057,#3058));
#490=EDGE_LOOP('',(#3059,#3060,#3061,#3062));
#491=EDGE_LOOP('',(#3063,#3064,#3065,#3066));
#492=EDGE_LOOP('',(#3067,#3068,#3069,#3070));
#493=EDGE_LOOP('',(#3071,#3072,#3073,#3074));
#494=EDGE_LOOP('',(#3075,#3076,#3077,#3078));
#495=EDGE_LOOP('',(#3079,#3080,#3081,#3082));
#496=EDGE_LOOP('',(#3083,#3084,#3085,#3086));
#497=EDGE_LOOP('',(#3087,#3088,#3089,#3090));
#498=EDGE_LOOP('',(#3091,#3092,#3093,#3094));
#499=EDGE_LOOP('',(#3095,#3096,#3097,#3098));
#500=EDGE_LOOP('',(#3099,#3100,#3101,#3102));
#501=EDGE_LOOP('',(#3103,#3104,#3105,#3106));
#502=EDGE_LOOP('',(#3107,#3108,#3109,#3110));
#503=EDGE_LOOP('',(#3111,#3112,#3113,#3114));
#504=EDGE_LOOP('',(#3115,#3116,#3117,#3118));
#505=EDGE_LOOP('',(#3119,#3120,#3121,#3122));
#506=EDGE_LOOP('',(#3123,#3124,#3125,#3126));
#507=EDGE_LOOP('',(#3127,#3128,#3129,#3130));
#508=EDGE_LOOP('',(#3131,#3132,#3133,#3134));
#509=EDGE_LOOP('',(#3135,#3136,#3137,#3138));
#510=EDGE_LOOP('',(#3139,#3140,#3141,#3142));
#511=EDGE_LOOP('',(#3143,#3144,#3145,#3146));
#512=EDGE_LOOP('',(#3147,#3148,#3149,#3150));
#513=EDGE_LOOP('',(#3151,#3152,#3153,#3154));
#514=EDGE_LOOP('',(#3155,#3156,#3157,#3158));
#515=EDGE_LOOP('',(#3159,#3160,#3161,#3162));
#516=EDGE_LOOP('',(#3163,#3164,#3165,#3166));
#517=EDGE_LOOP('',(#3167,#3168,#3169,#3170));
#518=EDGE_LOOP('',(#3171,#3172,#3173,#3174));
#519=EDGE_LOOP('',(#3175,#3176,#3177,#3178));
#520=EDGE_LOOP('',(#3179,#3180,#3181,#3182));
#521=EDGE_LOOP('',(#3183,#3184,#3185,#3186));
#522=EDGE_LOOP('',(#3187,#3188,#3189,#3190));
#523=EDGE_LOOP('',(#3191,#3192,#3193,#3194));
#524=EDGE_LOOP('',(#3195,#3196,#3197,#3198));
#525=EDGE_LOOP('',(#3199,#3200,#3201,#3202));
#526=EDGE_LOOP('',(#3203,#3204,#3205,#3206));
#527=EDGE_LOOP('',(#3207,#3208,#3209,#3210,#3211));
#528=EDGE_LOOP('',(#3212,#3213,#3214,#3215));
#529=EDGE_LOOP('',(#3216,#3217,#3218,#3219));
#530=EDGE_LOOP('',(#3220,#3221,#3222,#3223));
#531=EDGE_LOOP('',(#3224,#3225,#3226,#3227));
#532=EDGE_LOOP('',(#3228,#3229,#3230,#3231));
#533=EDGE_LOOP('',(#3232,#3233,#3234,#3235));
#534=EDGE_LOOP('',(#3236,#3237,#3238,#3239,#3240));
#535=EDGE_LOOP('',(#3241,#3242,#3243,#3244,#3245,#3246,#3247,#3248,#3249,
#3250,#3251,#3252,#3253,#3254,#3255,#3256,#3257,#3258,#3259,#3260,#3261,
#3262,#3263,#3264));
#536=EDGE_LOOP('',(#3265,#3266,#3267,#3268,#3269,#3270));
#537=EDGE_LOOP('',(#3271,#3272,#3273,#3274,#3275));
#538=EDGE_LOOP('',(#3276,#3277,#3278,#3279,#3280,#3281,#3282,#3283));
#539=EDGE_LOOP('',(#3284,#3285,#3286,#3287));
#540=EDGE_LOOP('',(#3288,#3289,#3290,#3291));
#541=EDGE_LOOP('',(#3292,#3293,#3294,#3295));
#542=EDGE_LOOP('',(#3296,#3297,#3298,#3299));
#543=EDGE_LOOP('',(#3300,#3301,#3302,#3303));
#544=EDGE_LOOP('',(#3304,#3305,#3306,#3307,#3308,#3309,#3310,#3311));
#545=EDGE_LOOP('',(#3312,#3313,#3314,#3315));
#546=EDGE_LOOP('',(#3316,#3317,#3318,#3319,#3320,#3321,#3322,#3323));
#547=EDGE_LOOP('',(#3324,#3325,#3326,#3327));
#548=EDGE_LOOP('',(#3328,#3329,#3330,#3331));
#549=EDGE_LOOP('',(#3332,#3333,#3334,#3335));
#550=EDGE_LOOP('',(#3336,#3337,#3338,#3339));
#551=EDGE_LOOP('',(#3340,#3341,#3342,#3343));
#552=EDGE_LOOP('',(#3344,#3345,#3346,#3347));
#553=EDGE_LOOP('',(#3348,#3349,#3350,#3351,#3352,#3353,#3354,#3355,#3356,
#3357,#3358,#3359,#3360,#3361));
#554=EDGE_LOOP('',(#3362,#3363,#3364,#3365));
#555=EDGE_LOOP('',(#3366,#3367,#3368,#3369));
#556=EDGE_LOOP('',(#3370,#3371,#3372,#3373));
#557=EDGE_LOOP('',(#3374,#3375,#3376,#3377));
#558=EDGE_LOOP('',(#3378,#3379,#3380,#3381));
#559=EDGE_LOOP('',(#3382,#3383,#3384,#3385));
#560=EDGE_LOOP('',(#3386,#3387,#3388,#3389));
#561=EDGE_LOOP('',(#3390,#3391,#3392,#3393));
#562=EDGE_LOOP('',(#3394,#3395,#3396,#3397));
#563=EDGE_LOOP('',(#3398,#3399,#3400,#3401,#3402,#3403,#3404,#3405,#3406,
#3407,#3408,#3409));
#564=EDGE_LOOP('',(#3410,#3411,#3412,#3413));
#565=EDGE_LOOP('',(#3414,#3415,#3416,#3417,#3418,#3419,#3420,#3421,#3422,
#3423,#3424,#3425,#3426,#3427,#3428,#3429,#3430,#3431,#3432,#3433,#3434,
#3435,#3436,#3437));
#566=EDGE_LOOP('',(#3438,#3439,#3440,#3441));
#567=EDGE_LOOP('',(#3442,#3443,#3444,#3445));
#568=EDGE_LOOP('',(#3446,#3447,#3448,#3449));
#569=EDGE_LOOP('',(#3450,#3451,#3452,#3453));
#570=EDGE_LOOP('',(#3454,#3455,#3456,#3457));
#571=EDGE_LOOP('',(#3458,#3459,#3460,#3461));
#572=EDGE_LOOP('',(#3462,#3463,#3464,#3465));
#573=EDGE_LOOP('',(#3466,#3467,#3468,#3469));
#574=EDGE_LOOP('',(#3470,#3471,#3472,#3473));
#575=EDGE_LOOP('',(#3474,#3475,#3476,#3477,#3478,#3479));
#576=EDGE_LOOP('',(#3480,#3481,#3482,#3483,#3484,#3485));
#577=EDGE_LOOP('',(#3486,#3487,#3488,#3489));
#578=EDGE_LOOP('',(#3490,#3491,#3492,#3493));
#579=EDGE_LOOP('',(#3494,#3495,#3496,#3497,#3498));
#580=EDGE_LOOP('',(#3499,#3500,#3501,#3502));
#581=EDGE_LOOP('',(#3503,#3504,#3505,#3506));
#582=EDGE_LOOP('',(#3507,#3508,#3509,#3510,#3511,#3512,#3513,#3514));
#583=EDGE_LOOP('',(#3515,#3516,#3517,#3518));
#584=EDGE_LOOP('',(#3519,#3520,#3521,#3522));
#585=EDGE_LOOP('',(#3523,#3524,#3525,#3526,#3527,#3528,#3529,#3530,#3531,
#3532,#3533,#3534));
#586=EDGE_LOOP('',(#3535,#3536,#3537,#3538));
#587=EDGE_LOOP('',(#3539,#3540,#3541,#3542,#3543,#3544,#3545,#3546,#3547,
#3548));
#588=EDGE_LOOP('',(#3549,#3550,#3551,#3552,#3553));
#589=EDGE_LOOP('',(#3554,#3555,#3556,#3557));
#590=EDGE_LOOP('',(#3558,#3559,#3560,#3561,#3562));
#591=EDGE_LOOP('',(#3563,#3564,#3565,#3566));
#592=EDGE_LOOP('',(#3567,#3568,#3569,#3570));
#593=EDGE_LOOP('',(#3571,#3572,#3573,#3574));
#594=EDGE_LOOP('',(#3575,#3576,#3577,#3578));
#595=EDGE_LOOP('',(#3579,#3580,#3581,#3582));
#596=EDGE_LOOP('',(#3583,#3584,#3585,#3586));
#597=EDGE_LOOP('',(#3587,#3588,#3589,#3590));
#598=EDGE_LOOP('',(#3591,#3592,#3593,#3594));
#599=EDGE_LOOP('',(#3595,#3596,#3597,#3598));
#600=EDGE_LOOP('',(#3599,#3600,#3601,#3602));
#601=EDGE_LOOP('',(#3603,#3604,#3605,#3606));
#602=EDGE_LOOP('',(#3607,#3608,#3609,#3610));
#603=EDGE_LOOP('',(#3611,#3612,#3613,#3614));
#604=EDGE_LOOP('',(#3615,#3616,#3617,#3618));
#605=EDGE_LOOP('',(#3619,#3620,#3621,#3622));
#606=EDGE_LOOP('',(#3623,#3624,#3625,#3626));
#607=EDGE_LOOP('',(#3627,#3628,#3629,#3630));
#608=EDGE_LOOP('',(#3631,#3632,#3633,#3634));
#609=EDGE_LOOP('',(#3635,#3636,#3637,#3638));
#610=EDGE_LOOP('',(#3639,#3640,#3641,#3642));
#611=EDGE_LOOP('',(#3643,#3644,#3645,#3646));
#612=EDGE_LOOP('',(#3647,#3648,#3649,#3650));
#613=EDGE_LOOP('',(#3651,#3652,#3653,#3654));
#614=EDGE_LOOP('',(#3655,#3656,#3657,#3658));
#615=EDGE_LOOP('',(#3659,#3660,#3661,#3662));
#616=EDGE_LOOP('',(#3663,#3664,#3665,#3666));
#617=EDGE_LOOP('',(#3667,#3668,#3669,#3670));
#618=EDGE_LOOP('',(#3671,#3672,#3673,#3674));
#619=EDGE_LOOP('',(#3675,#3676,#3677,#3678));
#620=EDGE_LOOP('',(#3679,#3680,#3681,#3682));
#621=EDGE_LOOP('',(#3683,#3684,#3685,#3686));
#622=EDGE_LOOP('',(#3687,#3688,#3689,#3690));
#623=EDGE_LOOP('',(#3691,#3692,#3693,#3694));
#624=EDGE_LOOP('',(#3695,#3696,#3697,#3698));
#625=EDGE_LOOP('',(#3699,#3700,#3701,#3702));
#626=EDGE_LOOP('',(#3703,#3704,#3705,#3706));
#627=EDGE_LOOP('',(#3707,#3708,#3709,#3710));
#628=EDGE_LOOP('',(#3711,#3712,#3713,#3714));
#629=EDGE_LOOP('',(#3715,#3716,#3717,#3718));
#630=EDGE_LOOP('',(#3719,#3720,#3721,#3722));
#631=EDGE_LOOP('',(#3723,#3724,#3725,#3726));
#632=EDGE_LOOP('',(#3727,#3728,#3729,#3730));
#633=EDGE_LOOP('',(#3731,#3732,#3733,#3734));
#634=EDGE_LOOP('',(#3735,#3736,#3737,#3738));
#635=EDGE_LOOP('',(#3739,#3740,#3741,#3742));
#636=EDGE_LOOP('',(#3743,#3744,#3745,#3746));
#637=EDGE_LOOP('',(#3747,#3748,#3749,#3750));
#638=EDGE_LOOP('',(#3751,#3752,#3753,#3754));
#639=EDGE_LOOP('',(#3755,#3756,#3757,#3758));
#640=EDGE_LOOP('',(#3759,#3760,#3761,#3762));
#641=EDGE_LOOP('',(#3763,#3764,#3765,#3766));
#642=EDGE_LOOP('',(#3767,#3768,#3769,#3770));
#643=EDGE_LOOP('',(#3771,#3772,#3773,#3774));
#644=EDGE_LOOP('',(#3775,#3776,#3777,#3778));
#645=EDGE_LOOP('',(#3779,#3780,#3781,#3782));
#646=EDGE_LOOP('',(#3783,#3784,#3785,#3786));
#647=EDGE_LOOP('',(#3787,#3788,#3789,#3790));
#648=EDGE_LOOP('',(#3791,#3792,#3793,#3794));
#649=EDGE_LOOP('',(#3795,#3796,#3797,#3798));
#650=EDGE_LOOP('',(#3799,#3800,#3801,#3802));
#651=EDGE_LOOP('',(#3803,#3804,#3805,#3806));
#652=EDGE_LOOP('',(#3807,#3808,#3809,#3810));
#653=EDGE_LOOP('',(#3811,#3812,#3813,#3814));
#654=EDGE_LOOP('',(#3815,#3816,#3817,#3818));
#655=EDGE_LOOP('',(#3819,#3820,#3821,#3822));
#656=EDGE_LOOP('',(#3823,#3824,#3825,#3826));
#657=EDGE_LOOP('',(#3827,#3828,#3829,#3830));
#658=EDGE_LOOP('',(#3831,#3832,#3833,#3834));
#659=EDGE_LOOP('',(#3835,#3836,#3837,#3838));
#660=EDGE_LOOP('',(#3839,#3840,#3841,#3842));
#661=EDGE_LOOP('',(#3843,#3844,#3845,#3846));
#662=EDGE_LOOP('',(#3847,#3848,#3849,#3850));
#663=EDGE_LOOP('',(#3851,#3852,#3853,#3854));
#664=EDGE_LOOP('',(#3855,#3856,#3857,#3858));
#665=EDGE_LOOP('',(#3859,#3860,#3861,#3862));
#666=EDGE_LOOP('',(#3863,#3864,#3865,#3866));
#667=EDGE_LOOP('',(#3867,#3868,#3869,#3870));
#668=EDGE_LOOP('',(#3871,#3872,#3873,#3874));
#669=EDGE_LOOP('',(#3875,#3876,#3877,#3878));
#670=EDGE_LOOP('',(#3879,#3880,#3881,#3882));
#671=EDGE_LOOP('',(#3883,#3884,#3885,#3886));
#672=EDGE_LOOP('',(#3887,#3888,#3889,#3890));
#673=EDGE_LOOP('',(#3891,#3892,#3893,#3894));
#674=EDGE_LOOP('',(#3895,#3896,#3897,#3898));
#675=EDGE_LOOP('',(#3899,#3900,#3901,#3902));
#676=EDGE_LOOP('',(#3903,#3904,#3905,#3906));
#677=EDGE_LOOP('',(#3907,#3908,#3909,#3910));
#678=EDGE_LOOP('',(#3911,#3912,#3913,#3914));
#679=EDGE_LOOP('',(#3915,#3916,#3917,#3918));
#680=EDGE_LOOP('',(#3919,#3920,#3921,#3922));
#681=EDGE_LOOP('',(#3923,#3924,#3925,#3926));
#682=EDGE_LOOP('',(#3927,#3928,#3929,#3930));
#683=EDGE_LOOP('',(#3931,#3932,#3933,#3934));
#684=EDGE_LOOP('',(#3935,#3936,#3937,#3938));
#685=EDGE_LOOP('',(#3939,#3940,#3941,#3942));
#686=EDGE_LOOP('',(#3943,#3944,#3945,#3946));
#687=EDGE_LOOP('',(#3947,#3948,#3949,#3950));
#688=EDGE_LOOP('',(#3951,#3952,#3953,#3954));
#689=EDGE_LOOP('',(#3955,#3956,#3957,#3958));
#690=EDGE_LOOP('',(#3959,#3960,#3961,#3962));
#691=EDGE_LOOP('',(#3963,#3964,#3965,#3966));
#692=EDGE_LOOP('',(#3967,#3968,#3969,#3970));
#693=EDGE_LOOP('',(#3971,#3972,#3973,#3974));
#694=EDGE_LOOP('',(#3975,#3976,#3977,#3978));
#695=EDGE_LOOP('',(#3979,#3980,#3981,#3982));
#696=EDGE_LOOP('',(#3983,#3984,#3985,#3986));
#697=EDGE_LOOP('',(#3987,#3988,#3989,#3990));
#698=EDGE_LOOP('',(#3991,#3992,#3993,#3994));
#699=EDGE_LOOP('',(#3995,#3996,#3997,#3998));
#700=EDGE_LOOP('',(#3999,#4000,#4001,#4002));
#701=EDGE_LOOP('',(#4003,#4004,#4005,#4006));
#702=EDGE_LOOP('',(#4007,#4008,#4009,#4010));
#703=EDGE_LOOP('',(#4011,#4012,#4013,#4014));
#704=EDGE_LOOP('',(#4015,#4016,#4017,#4018));
#705=EDGE_LOOP('',(#4019,#4020,#4021,#4022));
#706=EDGE_LOOP('',(#4023,#4024,#4025,#4026));
#707=EDGE_LOOP('',(#4027,#4028,#4029,#4030));
#708=EDGE_LOOP('',(#4031,#4032,#4033,#4034));
#709=EDGE_LOOP('',(#4035,#4036,#4037,#4038));
#710=EDGE_LOOP('',(#4039,#4040,#4041,#4042));
#711=EDGE_LOOP('',(#4043,#4044,#4045,#4046));
#712=EDGE_LOOP('',(#4047,#4048,#4049,#4050));
#713=EDGE_LOOP('',(#4051,#4052,#4053,#4054));
#714=EDGE_LOOP('',(#4055,#4056,#4057,#4058));
#715=EDGE_LOOP('',(#4059,#4060,#4061,#4062));
#716=EDGE_LOOP('',(#4063,#4064,#4065,#4066));
#717=EDGE_LOOP('',(#4067,#4068,#4069,#4070));
#718=EDGE_LOOP('',(#4071,#4072,#4073,#4074));
#719=EDGE_LOOP('',(#4075,#4076,#4077,#4078));
#720=EDGE_LOOP('',(#4079,#4080,#4081,#4082));
#721=EDGE_LOOP('',(#4083,#4084,#4085,#4086));
#722=EDGE_LOOP('',(#4087,#4088,#4089,#4090));
#723=EDGE_LOOP('',(#4091,#4092,#4093,#4094));
#724=EDGE_LOOP('',(#4095,#4096,#4097,#4098));
#725=EDGE_LOOP('',(#4099,#4100,#4101,#4102));
#726=EDGE_LOOP('',(#4103,#4104,#4105,#4106));
#727=EDGE_LOOP('',(#4107,#4108,#4109,#4110));
#728=EDGE_LOOP('',(#4111,#4112,#4113,#4114));
#729=EDGE_LOOP('',(#4115,#4116,#4117,#4118));
#730=EDGE_LOOP('',(#4119,#4120,#4121,#4122));
#731=EDGE_LOOP('',(#4123,#4124,#4125,#4126));
#732=EDGE_LOOP('',(#4127,#4128,#4129,#4130));
#733=EDGE_LOOP('',(#4131,#4132,#4133,#4134));
#734=EDGE_LOOP('',(#4135,#4136,#4137,#4138));
#735=EDGE_LOOP('',(#4139,#4140,#4141,#4142));
#736=EDGE_LOOP('',(#4143,#4144,#4145,#4146));
#737=LINE('',#6395,#1307);
#738=LINE('',#6397,#1308);
#739=LINE('',#6399,#1309);
#740=LINE('',#6400,#1310);
#741=LINE('',#6404,#1311);
#742=LINE('',#6406,#1312);
#743=LINE('',#6408,#1313);
#744=LINE('',#6409,#1314);
#745=LINE('',#6413,#1315);
#746=LINE('',#6415,#1316);
#747=LINE('',#6417,#1317);
#748=LINE('',#6418,#1318);
#749=LINE('',#6422,#1319);
#750=LINE('',#6423,#1320);
#751=LINE('',#6424,#1321);
#752=LINE('',#6428,#1322);
#753=LINE('',#6429,#1323);
#754=LINE('',#6430,#1324);
#755=LINE('',#6432,#1325);
#756=LINE('',#6433,#1326);
#757=LINE('',#6438,#1327);
#758=LINE('',#6443,#1328);
#759=LINE('',#6447,#1329);
#760=LINE('',#6449,#1330);
#761=LINE('',#6452,#1331);
#762=LINE('',#6454,#1332);
#763=LINE('',#6455,#1333);
#764=LINE('',#6458,#1334);
#765=LINE('',#6459,#1335);
#766=LINE('',#6462,#1336);
#767=LINE('',#6463,#1337);
#768=LINE('',#6465,#1338);
#769=LINE('',#6470,#1339);
#770=LINE('',#6475,#1340);
#771=LINE('',#6479,#1341);
#772=LINE('',#6481,#1342);
#773=LINE('',#6484,#1343);
#774=LINE('',#6486,#1344);
#775=LINE('',#6487,#1345);
#776=LINE('',#6490,#1346);
#777=LINE('',#6491,#1347);
#778=LINE('',#6494,#1348);
#779=LINE('',#6495,#1349);
#780=LINE('',#6497,#1350);
#781=LINE('',#6502,#1351);
#782=LINE('',#6507,#1352);
#783=LINE('',#6511,#1353);
#784=LINE('',#6513,#1354);
#785=LINE('',#6516,#1355);
#786=LINE('',#6518,#1356);
#787=LINE('',#6519,#1357);
#788=LINE('',#6522,#1358);
#789=LINE('',#6523,#1359);
#790=LINE('',#6526,#1360);
#791=LINE('',#6527,#1361);
#792=LINE('',#6529,#1362);
#793=LINE('',#6531,#1363);
#794=LINE('',#6532,#1364);
#795=LINE('',#6534,#1365);
#796=LINE('',#6536,#1366);
#797=LINE('',#6539,#1367);
#798=LINE('',#6540,#1368);
#799=LINE('',#6542,#1369);
#800=LINE('',#6544,#1370);
#801=LINE('',#6549,#1371);
#802=LINE('',#6551,#1372);
#803=LINE('',#6553,#1373);
#804=LINE('',#6554,#1374);
#805=LINE('',#6558,#1375);
#806=LINE('',#6559,#1376);
#807=LINE('',#6560,#1377);
#808=LINE('',#6564,#1378);
#809=LINE('',#6565,#1379);
#810=LINE('',#6566,#1380);
#811=LINE('',#6568,#1381);
#812=LINE('',#6569,#1382);
#813=LINE('',#6574,#1383);
#814=LINE('',#6578,#1384);
#815=LINE('',#6582,#1385);
#816=LINE('',#6585,#1386);
#817=LINE('',#6588,#1387);
#818=LINE('',#6590,#1388);
#819=LINE('',#6591,#1389);
#820=LINE('',#6594,#1390);
#821=LINE('',#6595,#1391);
#822=LINE('',#6598,#1392);
#823=LINE('',#6599,#1393);
#824=LINE('',#6601,#1394);
#825=LINE('',#6606,#1395);
#826=LINE('',#6610,#1396);
#827=LINE('',#6614,#1397);
#828=LINE('',#6617,#1398);
#829=LINE('',#6620,#1399);
#830=LINE('',#6622,#1400);
#831=LINE('',#6623,#1401);
#832=LINE('',#6626,#1402);
#833=LINE('',#6627,#1403);
#834=LINE('',#6630,#1404);
#835=LINE('',#6631,#1405);
#836=LINE('',#6633,#1406);
#837=LINE('',#6638,#1407);
#838=LINE('',#6642,#1408);
#839=LINE('',#6646,#1409);
#840=LINE('',#6649,#1410);
#841=LINE('',#6652,#1411);
#842=LINE('',#6654,#1412);
#843=LINE('',#6655,#1413);
#844=LINE('',#6658,#1414);
#845=LINE('',#6659,#1415);
#846=LINE('',#6662,#1416);
#847=LINE('',#6663,#1417);
#848=LINE('',#6665,#1418);
#849=LINE('',#6669,#1419);
#850=LINE('',#6671,#1420);
#851=LINE('',#6673,#1421);
#852=LINE('',#6674,#1422);
#853=LINE('',#6678,#1423);
#854=LINE('',#6680,#1424);
#855=LINE('',#6682,#1425);
#856=LINE('',#6683,#1426);
#857=LINE('',#6685,#1427);
#858=LINE('',#6686,#1428);
#859=LINE('',#6688,#1429);
#860=LINE('',#6690,#1430);
#861=LINE('',#6693,#1431);
#862=LINE('',#6694,#1432);
#863=LINE('',#6696,#1433);
#864=LINE('',#6698,#1434);
#865=LINE('',#6703,#1435);
#866=LINE('',#6705,#1436);
#867=LINE('',#6707,#1437);
#868=LINE('',#6708,#1438);
#869=LINE('',#6712,#1439);
#870=LINE('',#6714,#1440);
#871=LINE('',#6716,#1441);
#872=LINE('',#6717,#1442);
#873=LINE('',#6721,#1443);
#874=LINE('',#6723,#1444);
#875=LINE('',#6725,#1445);
#876=LINE('',#6726,#1446);
#877=LINE('',#6730,#1447);
#878=LINE('',#6732,#1448);
#879=LINE('',#6734,#1449);
#880=LINE('',#6735,#1450);
#881=LINE('',#6739,#1451);
#882=LINE('',#6743,#1452);
#883=LINE('',#6748,#1453);
#884=LINE('',#6749,#1454);
#885=LINE('',#6750,#1455);
#886=LINE('',#6753,#1456);
#887=LINE('',#6754,#1457);
#888=LINE('',#6755,#1458);
#889=LINE('',#6758,#1459);
#890=LINE('',#6760,#1460);
#891=LINE('',#6761,#1461);
#892=LINE('',#6764,#1462);
#893=LINE('',#6766,#1463);
#894=LINE('',#6768,#1464);
#895=LINE('',#6769,#1465);
#896=LINE('',#6773,#1466);
#897=LINE('',#6775,#1467);
#898=LINE('',#6777,#1468);
#899=LINE('',#6778,#1469);
#900=LINE('',#6781,#1470);
#901=LINE('',#6783,#1471);
#902=LINE('',#6784,#1472);
#903=LINE('',#6787,#1473);
#904=LINE('',#6789,#1474);
#905=LINE('',#6790,#1475);
#906=LINE('',#6792,#1476);
#907=LINE('',#6793,#1477);
#908=LINE('',#6796,#1478);
#909=LINE('',#6798,#1479);
#910=LINE('',#6800,#1480);
#911=LINE('',#6801,#1481);
#912=LINE('',#6804,#1482);
#913=LINE('',#6806,#1483);
#914=LINE('',#6807,#1484);
#915=LINE('',#6809,#1485);
#916=LINE('',#6811,#1486);
#917=LINE('',#6813,#1487);
#918=LINE('',#6815,#1488);
#919=LINE('',#6817,#1489);
#920=LINE('',#6819,#1490);
#921=LINE('',#6821,#1491);
#922=LINE('',#6823,#1492);
#923=LINE('',#6825,#1493);
#924=LINE('',#6827,#1494);
#925=LINE('',#6829,#1495);
#926=LINE('',#6831,#1496);
#927=LINE('',#6833,#1497);
#928=LINE('',#6835,#1498);
#929=LINE('',#6836,#1499);
#930=LINE('',#6838,#1500);
#931=LINE('',#6840,#1501);
#932=LINE('',#6841,#1502);
#933=LINE('',#6844,#1503);
#934=LINE('',#6846,#1504);
#935=LINE('',#6847,#1505);
#936=LINE('',#6850,#1506);
#937=LINE('',#6851,#1507);
#938=LINE('',#6854,#1508);
#939=LINE('',#6856,#1509);
#940=LINE('',#6858,#1510);
#941=LINE('',#6860,#1511);
#942=LINE('',#6862,#1512);
#943=LINE('',#6863,#1513);
#944=LINE('',#6866,#1514);
#945=LINE('',#6868,#1515);
#946=LINE('',#6870,#1516);
#947=LINE('',#6871,#1517);
#948=LINE('',#6874,#1518);
#949=LINE('',#6876,#1519);
#950=LINE('',#6878,#1520);
#951=LINE('',#6879,#1521);
#952=LINE('',#6882,#1522);
#953=LINE('',#6884,#1523);
#954=LINE('',#6886,#1524);
#955=LINE('',#6887,#1525);
#956=LINE('',#6890,#1526);
#957=LINE('',#6892,#1527);
#958=LINE('',#6894,#1528);
#959=LINE('',#6895,#1529);
#960=LINE('',#6898,#1530);
#961=LINE('',#6899,#1531);
#962=LINE('',#6902,#1532);
#963=LINE('',#6903,#1533);
#964=LINE('',#6906,#1534);
#965=LINE('',#6908,#1535);
#966=LINE('',#6910,#1536);
#967=LINE('',#6911,#1537);
#968=LINE('',#6912,#1538);
#969=LINE('',#6915,#1539);
#970=LINE('',#6916,#1540);
#971=LINE('',#6918,#1541);
#972=LINE('',#6921,#1542);
#973=LINE('',#6923,#1543);
#974=LINE('',#6924,#1544);
#975=LINE('',#6927,#1545);
#976=LINE('',#6928,#1546);
#977=LINE('',#6931,#1547);
#978=LINE('',#6932,#1548);
#979=LINE('',#6934,#1549);
#980=LINE('',#6938,#1550);
#981=LINE('',#6940,#1551);
#982=LINE('',#6942,#1552);
#983=LINE('',#6944,#1553);
#984=LINE('',#6946,#1554);
#985=LINE('',#6948,#1555);
#986=LINE('',#6950,#1556);
#987=LINE('',#6952,#1557);
#988=LINE('',#6954,#1558);
#989=LINE('',#6955,#1559);
#990=LINE('',#6956,#1560);
#991=LINE('',#6960,#1561);
#992=LINE('',#6961,#1562);
#993=LINE('',#6962,#1563);
#994=LINE('',#6966,#1564);
#995=LINE('',#6967,#1565);
#996=LINE('',#6968,#1566);
#997=LINE('',#6971,#1567);
#998=LINE('',#6973,#1568);
#999=LINE('',#6974,#1569);
#1000=LINE('',#6977,#1570);
#1001=LINE('',#6978,#1571);
#1002=LINE('',#6981,#1572);
#1003=LINE('',#6982,#1573);
#1004=LINE('',#6985,#1574);
#1005=LINE('',#6986,#1575);
#1006=LINE('',#6989,#1576);
#1007=LINE('',#6990,#1577);
#1008=LINE('',#6993,#1578);
#1009=LINE('',#6994,#1579);
#1010=LINE('',#6997,#1580);
#1011=LINE('',#6998,#1581);
#1012=LINE('',#7002,#1582);
#1013=LINE('',#7003,#1583);
#1014=LINE('',#7005,#1584);
#1015=LINE('',#7007,#1585);
#1016=LINE('',#7008,#1586);
#1017=LINE('',#7010,#1587);
#1018=LINE('',#7012,#1588);
#1019=LINE('',#7014,#1589);
#1020=LINE('',#7016,#1590);
#1021=LINE('',#7017,#1591);
#1022=LINE('',#7019,#1592);
#1023=LINE('',#7021,#1593);
#1024=LINE('',#7022,#1594);
#1025=LINE('',#7023,#1595);
#1026=LINE('',#7027,#1596);
#1027=LINE('',#7028,#1597);
#1028=LINE('',#7029,#1598);
#1029=LINE('',#7032,#1599);
#1030=LINE('',#7033,#1600);
#1031=LINE('',#7036,#1601);
#1032=LINE('',#7037,#1602);
#1033=LINE('',#7039,#1603);
#1034=LINE('',#7042,#1604);
#1035=LINE('',#7043,#1605);
#1036=LINE('',#7047,#1606);
#1037=LINE('',#7049,#1607);
#1038=LINE('',#7051,#1608);
#1039=LINE('',#7052,#1609);
#1040=LINE('',#7056,#1610);
#1041=LINE('',#7057,#1611);
#1042=LINE('',#7058,#1612);
#1043=LINE('',#7062,#1613);
#1044=LINE('',#7064,#1614);
#1045=LINE('',#7066,#1615);
#1046=LINE('',#7067,#1616);
#1047=LINE('',#7069,#1617);
#1048=LINE('',#7070,#1618);
#1049=LINE('',#7073,#1619);
#1050=LINE('',#7075,#1620);
#1051=LINE('',#7076,#1621);
#1052=LINE('',#7079,#1622);
#1053=LINE('',#7080,#1623);
#1054=LINE('',#7081,#1624);
#1055=LINE('',#7084,#1625);
#1056=LINE('',#7085,#1626);
#1057=LINE('',#7087,#1627);
#1058=LINE('',#7089,#1628);
#1059=LINE('',#7090,#1629);
#1060=LINE('',#7092,#1630);
#1061=LINE('',#7095,#1631);
#1062=LINE('',#7098,#1632);
#1063=LINE('',#7100,#1633);
#1064=LINE('',#7101,#1634);
#1065=LINE('',#7103,#1635);
#1066=LINE('',#7106,#1636);
#1067=LINE('',#7110,#1637);
#1068=LINE('',#7111,#1638);
#1069=LINE('',#7112,#1639);
#1070=LINE('',#7115,#1640);
#1071=LINE('',#7117,#1641);
#1072=LINE('',#7119,#1642);
#1073=LINE('',#7123,#1643);
#1074=LINE('',#7124,#1644);
#1075=LINE('',#7127,#1645);
#1076=LINE('',#7129,#1646);
#1077=LINE('',#7131,#1647);
#1078=LINE('',#7132,#1648);
#1079=LINE('',#7136,#1649);
#1080=LINE('',#7137,#1650);
#1081=LINE('',#7140,#1651);
#1082=LINE('',#7142,#1652);
#1083=LINE('',#7144,#1653);
#1084=LINE('',#7145,#1654);
#1085=LINE('',#7149,#1655);
#1086=LINE('',#7150,#1656);
#1087=LINE('',#7153,#1657);
#1088=LINE('',#7155,#1658);
#1089=LINE('',#7157,#1659);
#1090=LINE('',#7158,#1660);
#1091=LINE('',#7162,#1661);
#1092=LINE('',#7163,#1662);
#1093=LINE('',#7165,#1663);
#1094=LINE('',#7167,#1664);
#1095=LINE('',#7170,#1665);
#1096=LINE('',#7171,#1666);
#1097=LINE('',#7173,#1667);
#1098=LINE('',#7175,#1668);
#1099=LINE('',#7178,#1669);
#1100=LINE('',#7179,#1670);
#1101=LINE('',#7181,#1671);
#1102=LINE('',#7183,#1672);
#1103=LINE('',#7188,#1673);
#1104=LINE('',#7190,#1674);
#1105=LINE('',#7192,#1675);
#1106=LINE('',#7193,#1676);
#1107=LINE('',#7197,#1677);
#1108=LINE('',#7198,#1678);
#1109=LINE('',#7199,#1679);
#1110=LINE('',#7203,#1680);
#1111=LINE('',#7204,#1681);
#1112=LINE('',#7205,#1682);
#1113=LINE('',#7207,#1683);
#1114=LINE('',#7208,#1684);
#1115=LINE('',#7213,#1685);
#1116=LINE('',#7217,#1686);
#1117=LINE('',#7221,#1687);
#1118=LINE('',#7224,#1688);
#1119=LINE('',#7227,#1689);
#1120=LINE('',#7229,#1690);
#1121=LINE('',#7230,#1691);
#1122=LINE('',#7233,#1692);
#1123=LINE('',#7234,#1693);
#1124=LINE('',#7237,#1694);
#1125=LINE('',#7238,#1695);
#1126=LINE('',#7240,#1696);
#1127=LINE('',#7245,#1697);
#1128=LINE('',#7249,#1698);
#1129=LINE('',#7253,#1699);
#1130=LINE('',#7256,#1700);
#1131=LINE('',#7259,#1701);
#1132=LINE('',#7261,#1702);
#1133=LINE('',#7262,#1703);
#1134=LINE('',#7265,#1704);
#1135=LINE('',#7266,#1705);
#1136=LINE('',#7269,#1706);
#1137=LINE('',#7270,#1707);
#1138=LINE('',#7272,#1708);
#1139=LINE('',#7277,#1709);
#1140=LINE('',#7281,#1710);
#1141=LINE('',#7285,#1711);
#1142=LINE('',#7288,#1712);
#1143=LINE('',#7291,#1713);
#1144=LINE('',#7293,#1714);
#1145=LINE('',#7294,#1715);
#1146=LINE('',#7297,#1716);
#1147=LINE('',#7298,#1717);
#1148=LINE('',#7301,#1718);
#1149=LINE('',#7302,#1719);
#1150=LINE('',#7304,#1720);
#1151=LINE('',#7308,#1721);
#1152=LINE('',#7310,#1722);
#1153=LINE('',#7312,#1723);
#1154=LINE('',#7313,#1724);
#1155=LINE('',#7317,#1725);
#1156=LINE('',#7319,#1726);
#1157=LINE('',#7321,#1727);
#1158=LINE('',#7322,#1728);
#1159=LINE('',#7324,#1729);
#1160=LINE('',#7325,#1730);
#1161=LINE('',#7327,#1731);
#1162=LINE('',#7329,#1732);
#1163=LINE('',#7332,#1733);
#1164=LINE('',#7333,#1734);
#1165=LINE('',#7335,#1735);
#1166=LINE('',#7337,#1736);
#1167=LINE('',#7342,#1737);
#1168=LINE('',#7344,#1738);
#1169=LINE('',#7346,#1739);
#1170=LINE('',#7347,#1740);
#1171=LINE('',#7351,#1741);
#1172=LINE('',#7352,#1742);
#1173=LINE('',#7353,#1743);
#1174=LINE('',#7357,#1744);
#1175=LINE('',#7358,#1745);
#1176=LINE('',#7359,#1746);
#1177=LINE('',#7361,#1747);
#1178=LINE('',#7362,#1748);
#1179=LINE('',#7367,#1749);
#1180=LINE('',#7371,#1750);
#1181=LINE('',#7375,#1751);
#1182=LINE('',#7378,#1752);
#1183=LINE('',#7381,#1753);
#1184=LINE('',#7383,#1754);
#1185=LINE('',#7384,#1755);
#1186=LINE('',#7387,#1756);
#1187=LINE('',#7388,#1757);
#1188=LINE('',#7391,#1758);
#1189=LINE('',#7392,#1759);
#1190=LINE('',#7394,#1760);
#1191=LINE('',#7399,#1761);
#1192=LINE('',#7403,#1762);
#1193=LINE('',#7407,#1763);
#1194=LINE('',#7410,#1764);
#1195=LINE('',#7413,#1765);
#1196=LINE('',#7415,#1766);
#1197=LINE('',#7416,#1767);
#1198=LINE('',#7419,#1768);
#1199=LINE('',#7420,#1769);
#1200=LINE('',#7423,#1770);
#1201=LINE('',#7424,#1771);
#1202=LINE('',#7426,#1772);
#1203=LINE('',#7431,#1773);
#1204=LINE('',#7435,#1774);
#1205=LINE('',#7439,#1775);
#1206=LINE('',#7442,#1776);
#1207=LINE('',#7445,#1777);
#1208=LINE('',#7447,#1778);
#1209=LINE('',#7448,#1779);
#1210=LINE('',#7451,#1780);
#1211=LINE('',#7452,#1781);
#1212=LINE('',#7455,#1782);
#1213=LINE('',#7456,#1783);
#1214=LINE('',#7458,#1784);
#1215=LINE('',#7462,#1785);
#1216=LINE('',#7464,#1786);
#1217=LINE('',#7466,#1787);
#1218=LINE('',#7467,#1788);
#1219=LINE('',#7471,#1789);
#1220=LINE('',#7473,#1790);
#1221=LINE('',#7475,#1791);
#1222=LINE('',#7476,#1792);
#1223=LINE('',#7478,#1793);
#1224=LINE('',#7479,#1794);
#1225=LINE('',#7481,#1795);
#1226=LINE('',#7483,#1796);
#1227=LINE('',#7486,#1797);
#1228=LINE('',#7487,#1798);
#1229=LINE('',#7489,#1799);
#1230=LINE('',#7491,#1800);
#1231=LINE('',#7496,#1801);
#1232=LINE('',#7498,#1802);
#1233=LINE('',#7500,#1803);
#1234=LINE('',#7501,#1804);
#1235=LINE('',#7505,#1805);
#1236=LINE('',#7506,#1806);
#1237=LINE('',#7507,#1807);
#1238=LINE('',#7511,#1808);
#1239=LINE('',#7512,#1809);
#1240=LINE('',#7513,#1810);
#1241=LINE('',#7515,#1811);
#1242=LINE('',#7516,#1812);
#1243=LINE('',#7521,#1813);
#1244=LINE('',#7525,#1814);
#1245=LINE('',#7529,#1815);
#1246=LINE('',#7532,#1816);
#1247=LINE('',#7535,#1817);
#1248=LINE('',#7537,#1818);
#1249=LINE('',#7538,#1819);
#1250=LINE('',#7541,#1820);
#1251=LINE('',#7542,#1821);
#1252=LINE('',#7545,#1822);
#1253=LINE('',#7546,#1823);
#1254=LINE('',#7548,#1824);
#1255=LINE('',#7553,#1825);
#1256=LINE('',#7557,#1826);
#1257=LINE('',#7561,#1827);
#1258=LINE('',#7564,#1828);
#1259=LINE('',#7567,#1829);
#1260=LINE('',#7569,#1830);
#1261=LINE('',#7570,#1831);
#1262=LINE('',#7573,#1832);
#1263=LINE('',#7574,#1833);
#1264=LINE('',#7577,#1834);
#1265=LINE('',#7578,#1835);
#1266=LINE('',#7580,#1836);
#1267=LINE('',#7585,#1837);
#1268=LINE('',#7589,#1838);
#1269=LINE('',#7593,#1839);
#1270=LINE('',#7596,#1840);
#1271=LINE('',#7599,#1841);
#1272=LINE('',#7601,#1842);
#1273=LINE('',#7602,#1843);
#1274=LINE('',#7605,#1844);
#1275=LINE('',#7606,#1845);
#1276=LINE('',#7609,#1846);
#1277=LINE('',#7610,#1847);
#1278=LINE('',#7612,#1848);
#1279=LINE('',#7616,#1849);
#1280=LINE('',#7618,#1850);
#1281=LINE('',#7620,#1851);
#1282=LINE('',#7621,#1852);
#1283=LINE('',#7625,#1853);
#1284=LINE('',#7627,#1854);
#1285=LINE('',#7629,#1855);
#1286=LINE('',#7630,#1856);
#1287=LINE('',#7632,#1857);
#1288=LINE('',#7633,#1858);
#1289=LINE('',#7635,#1859);
#1290=LINE('',#7637,#1860);
#1291=LINE('',#7640,#1861);
#1292=LINE('',#7641,#1862);
#1293=LINE('',#7643,#1863);
#1294=LINE('',#7645,#1864);
#1295=LINE('',#7652,#1865);
#1296=LINE('',#7654,#1866);
#1297=LINE('',#7656,#1867);
#1298=LINE('',#7657,#1868);
#1299=LINE('',#7660,#1869);
#1300=LINE('',#7662,#1870);
#1301=LINE('',#7663,#1871);
#1302=LINE('',#7666,#1872);
#1303=LINE('',#7668,#1873);
#1304=LINE('',#7669,#1874);
#1305=LINE('',#7671,#1875);
#1306=LINE('',#7672,#1876);
#1307=VECTOR('',#5119,1000.);
#1308=VECTOR('',#5120,1000.);
#1309=VECTOR('',#5121,1000.);
#1310=VECTOR('',#5122,1000.);
#1311=VECTOR('',#5125,1000.);
#1312=VECTOR('',#5126,1000.);
#1313=VECTOR('',#5127,1000.);
#1314=VECTOR('',#5128,1000.);
#1315=VECTOR('',#5131,1000.);
#1316=VECTOR('',#5132,1000.);
#1317=VECTOR('',#5133,1000.);
#1318=VECTOR('',#5134,1000.);
#1319=VECTOR('',#5137,1000.);
#1320=VECTOR('',#5138,1000.);
#1321=VECTOR('',#5139,1000.);
#1322=VECTOR('',#5142,1000.);
#1323=VECTOR('',#5143,1000.);
#1324=VECTOR('',#5144,1000.);
#1325=VECTOR('',#5147,1000.);
#1326=VECTOR('',#5148,1000.);
#1327=VECTOR('',#5153,1000.);
#1328=VECTOR('',#5160,1000.);
#1329=VECTOR('',#5165,1000.);
#1330=VECTOR('',#5168,1000.);
#1331=VECTOR('',#5171,1000.);
#1332=VECTOR('',#5172,1000.);
#1333=VECTOR('',#5173,1000.);
#1334=VECTOR('',#5176,1000.);
#1335=VECTOR('',#5177,1000.);
#1336=VECTOR('',#5180,1000.);
#1337=VECTOR('',#5181,1000.);
#1338=VECTOR('',#5184,1000.);
#1339=VECTOR('',#5189,1000.);
#1340=VECTOR('',#5196,1000.);
#1341=VECTOR('',#5201,1000.);
#1342=VECTOR('',#5204,1000.);
#1343=VECTOR('',#5207,1000.);
#1344=VECTOR('',#5208,1000.);
#1345=VECTOR('',#5209,1000.);
#1346=VECTOR('',#5212,1000.);
#1347=VECTOR('',#5213,1000.);
#1348=VECTOR('',#5216,1000.);
#1349=VECTOR('',#5217,1000.);
#1350=VECTOR('',#5220,1000.);
#1351=VECTOR('',#5225,1000.);
#1352=VECTOR('',#5232,1000.);
#1353=VECTOR('',#5237,1000.);
#1354=VECTOR('',#5240,1000.);
#1355=VECTOR('',#5243,1000.);
#1356=VECTOR('',#5244,1000.);
#1357=VECTOR('',#5245,1000.);
#1358=VECTOR('',#5248,1000.);
#1359=VECTOR('',#5249,1000.);
#1360=VECTOR('',#5252,1000.);
#1361=VECTOR('',#5253,1000.);
#1362=VECTOR('',#5256,1000.);
#1363=VECTOR('',#5259,1000.);
#1364=VECTOR('',#5260,1000.);
#1365=VECTOR('',#5263,1000.);
#1366=VECTOR('',#5266,1000.);
#1367=VECTOR('',#5271,1000.);
#1368=VECTOR('',#5272,1000.);
#1369=VECTOR('',#5275,1000.);
#1370=VECTOR('',#5278,1000.);
#1371=VECTOR('',#5283,1000.);
#1372=VECTOR('',#5284,1000.);
#1373=VECTOR('',#5285,1000.);
#1374=VECTOR('',#5286,1000.);
#1375=VECTOR('',#5289,1000.);
#1376=VECTOR('',#5290,1000.);
#1377=VECTOR('',#5291,1000.);
#1378=VECTOR('',#5294,1000.);
#1379=VECTOR('',#5295,1000.);
#1380=VECTOR('',#5296,1000.);
#1381=VECTOR('',#5299,1000.);
#1382=VECTOR('',#5300,1000.);
#1383=VECTOR('',#5305,1000.);
#1384=VECTOR('',#5310,1000.);
#1385=VECTOR('',#5315,1000.);
#1386=VECTOR('',#5320,1000.);
#1387=VECTOR('',#5323,1000.);
#1388=VECTOR('',#5324,1000.);
#1389=VECTOR('',#5325,1000.);
#1390=VECTOR('',#5328,1000.);
#1391=VECTOR('',#5329,1000.);
#1392=VECTOR('',#5332,1000.);
#1393=VECTOR('',#5333,1000.);
#1394=VECTOR('',#5336,1000.);
#1395=VECTOR('',#5341,1000.);
#1396=VECTOR('',#5346,1000.);
#1397=VECTOR('',#5351,1000.);
#1398=VECTOR('',#5356,1000.);
#1399=VECTOR('',#5359,1000.);
#1400=VECTOR('',#5360,1000.);
#1401=VECTOR('',#5361,1000.);
#1402=VECTOR('',#5364,1000.);
#1403=VECTOR('',#5365,1000.);
#1404=VECTOR('',#5368,1000.);
#1405=VECTOR('',#5369,1000.);
#1406=VECTOR('',#5372,1000.);
#1407=VECTOR('',#5377,1000.);
#1408=VECTOR('',#5382,1000.);
#1409=VECTOR('',#5387,1000.);
#1410=VECTOR('',#5392,1000.);
#1411=VECTOR('',#5395,1000.);
#1412=VECTOR('',#5396,1000.);
#1413=VECTOR('',#5397,1000.);
#1414=VECTOR('',#5400,1000.);
#1415=VECTOR('',#5401,1000.);
#1416=VECTOR('',#5404,1000.);
#1417=VECTOR('',#5405,1000.);
#1418=VECTOR('',#5408,1000.);
#1419=VECTOR('',#5411,1000.);
#1420=VECTOR('',#5412,1000.);
#1421=VECTOR('',#5413,1000.);
#1422=VECTOR('',#5414,1000.);
#1423=VECTOR('',#5417,1000.);
#1424=VECTOR('',#5418,1000.);
#1425=VECTOR('',#5419,1000.);
#1426=VECTOR('',#5420,1000.);
#1427=VECTOR('',#5423,1000.);
#1428=VECTOR('',#5424,1000.);
#1429=VECTOR('',#5427,1000.);
#1430=VECTOR('',#5430,1000.);
#1431=VECTOR('',#5435,1000.);
#1432=VECTOR('',#5436,1000.);
#1433=VECTOR('',#5439,1000.);
#1434=VECTOR('',#5442,1000.);
#1435=VECTOR('',#5447,1000.);
#1436=VECTOR('',#5448,1000.);
#1437=VECTOR('',#5449,1000.);
#1438=VECTOR('',#5450,1000.);
#1439=VECTOR('',#5453,1000.);
#1440=VECTOR('',#5454,1000.);
#1441=VECTOR('',#5455,1000.);
#1442=VECTOR('',#5456,1000.);
#1443=VECTOR('',#5459,1000.);
#1444=VECTOR('',#5460,1000.);
#1445=VECTOR('',#5461,1000.);
#1446=VECTOR('',#5462,1000.);
#1447=VECTOR('',#5465,1000.);
#1448=VECTOR('',#5466,1000.);
#1449=VECTOR('',#5467,1000.);
#1450=VECTOR('',#5468,1000.);
#1451=VECTOR('',#5471,1000.);
#1452=VECTOR('',#5474,1000.);
#1453=VECTOR('',#5479,1000.);
#1454=VECTOR('',#5480,1000.);
#1455=VECTOR('',#5481,1000.);
#1456=VECTOR('',#5484,1000.);
#1457=VECTOR('',#5485,1000.);
#1458=VECTOR('',#5486,1000.);
#1459=VECTOR('',#5489,1000.);
#1460=VECTOR('',#5490,1000.);
#1461=VECTOR('',#5491,1000.);
#1462=VECTOR('',#5492,1000.);
#1463=VECTOR('',#5493,1000.);
#1464=VECTOR('',#5494,1000.);
#1465=VECTOR('',#5495,1000.);
#1466=VECTOR('',#5498,1000.);
#1467=VECTOR('',#5499,1000.);
#1468=VECTOR('',#5500,1000.);
#1469=VECTOR('',#5501,1000.);
#1470=VECTOR('',#5504,1000.);
#1471=VECTOR('',#5505,1000.);
#1472=VECTOR('',#5506,1000.);
#1473=VECTOR('',#5509,1000.);
#1474=VECTOR('',#5510,1000.);
#1475=VECTOR('',#5511,1000.);
#1476=VECTOR('',#5514,1000.);
#1477=VECTOR('',#5515,1000.);
#1478=VECTOR('',#5518,1000.);
#1479=VECTOR('',#5519,1000.);
#1480=VECTOR('',#5520,1000.);
#1481=VECTOR('',#5521,1000.);
#1482=VECTOR('',#5524,1000.);
#1483=VECTOR('',#5525,1000.);
#1484=VECTOR('',#5526,1000.);
#1485=VECTOR('',#5527,1000.);
#1486=VECTOR('',#5528,1000.);
#1487=VECTOR('',#5529,1000.);
#1488=VECTOR('',#5530,1000.);
#1489=VECTOR('',#5531,1000.);
#1490=VECTOR('',#5532,1000.);
#1491=VECTOR('',#5533,1000.);
#1492=VECTOR('',#5534,1000.);
#1493=VECTOR('',#5535,1000.);
#1494=VECTOR('',#5536,1000.);
#1495=VECTOR('',#5537,1000.);
#1496=VECTOR('',#5538,1000.);
#1497=VECTOR('',#5539,1000.);
#1498=VECTOR('',#5540,1000.);
#1499=VECTOR('',#5541,1000.);
#1500=VECTOR('',#5542,1000.);
#1501=VECTOR('',#5543,1000.);
#1502=VECTOR('',#5544,1000.);
#1503=VECTOR('',#5547,1000.);
#1504=VECTOR('',#5548,1000.);
#1505=VECTOR('',#5549,1000.);
#1506=VECTOR('',#5552,1000.);
#1507=VECTOR('',#5553,1000.);
#1508=VECTOR('',#5556,1000.);
#1509=VECTOR('',#5557,1000.);
#1510=VECTOR('',#5558,1000.);
#1511=VECTOR('',#5559,1000.);
#1512=VECTOR('',#5560,1000.);
#1513=VECTOR('',#5561,1000.);
#1514=VECTOR('',#5562,1000.);
#1515=VECTOR('',#5563,1000.);
#1516=VECTOR('',#5564,1000.);
#1517=VECTOR('',#5565,1000.);
#1518=VECTOR('',#5566,1000.);
#1519=VECTOR('',#5567,1000.);
#1520=VECTOR('',#5568,1000.);
#1521=VECTOR('',#5569,1000.);
#1522=VECTOR('',#5570,1000.);
#1523=VECTOR('',#5571,1000.);
#1524=VECTOR('',#5572,1000.);
#1525=VECTOR('',#5573,1000.);
#1526=VECTOR('',#5574,1000.);
#1527=VECTOR('',#5575,1000.);
#1528=VECTOR('',#5576,1000.);
#1529=VECTOR('',#5577,1000.);
#1530=VECTOR('',#5580,1000.);
#1531=VECTOR('',#5581,1000.);
#1532=VECTOR('',#5584,1000.);
#1533=VECTOR('',#5585,1000.);
#1534=VECTOR('',#5588,1000.);
#1535=VECTOR('',#5589,1000.);
#1536=VECTOR('',#5590,1000.);
#1537=VECTOR('',#5591,1000.);
#1538=VECTOR('',#5592,1000.);
#1539=VECTOR('',#5595,1000.);
#1540=VECTOR('',#5596,1000.);
#1541=VECTOR('',#5599,1000.);
#1542=VECTOR('',#5602,1000.);
#1543=VECTOR('',#5603,1000.);
#1544=VECTOR('',#5604,1000.);
#1545=VECTOR('',#5607,1000.);
#1546=VECTOR('',#5608,1000.);
#1547=VECTOR('',#5611,1000.);
#1548=VECTOR('',#5612,1000.);
#1549=VECTOR('',#5615,1000.);
#1550=VECTOR('',#5618,1000.);
#1551=VECTOR('',#5619,1000.);
#1552=VECTOR('',#5620,1000.);
#1553=VECTOR('',#5621,1000.);
#1554=VECTOR('',#5622,1000.);
#1555=VECTOR('',#5623,1000.);
#1556=VECTOR('',#5624,1000.);
#1557=VECTOR('',#5625,1000.);
#1558=VECTOR('',#5626,1000.);
#1559=VECTOR('',#5627,1000.);
#1560=VECTOR('',#5628,1000.);
#1561=VECTOR('',#5631,1000.);
#1562=VECTOR('',#5632,1000.);
#1563=VECTOR('',#5633,1000.);
#1564=VECTOR('',#5636,1000.);
#1565=VECTOR('',#5637,1000.);
#1566=VECTOR('',#5638,1000.);
#1567=VECTOR('',#5641,1000.);
#1568=VECTOR('',#5642,1000.);
#1569=VECTOR('',#5643,1000.);
#1570=VECTOR('',#5646,1000.);
#1571=VECTOR('',#5647,1000.);
#1572=VECTOR('',#5650,1000.);
#1573=VECTOR('',#5651,1000.);
#1574=VECTOR('',#5654,1000.);
#1575=VECTOR('',#5655,1000.);
#1576=VECTOR('',#5658,1000.);
#1577=VECTOR('',#5659,1000.);
#1578=VECTOR('',#5662,1000.);
#1579=VECTOR('',#5663,1000.);
#1580=VECTOR('',#5666,1000.);
#1581=VECTOR('',#5667,1000.);
#1582=VECTOR('',#5670,1000.);
#1583=VECTOR('',#5671,1000.);
#1584=VECTOR('',#5672,1000.);
#1585=VECTOR('',#5673,1000.);
#1586=VECTOR('',#5674,1000.);
#1587=VECTOR('',#5675,1000.);
#1588=VECTOR('',#5676,1000.);
#1589=VECTOR('',#5677,1000.);
#1590=VECTOR('',#5678,1000.);
#1591=VECTOR('',#5679,1000.);
#1592=VECTOR('',#5680,1000.);
#1593=VECTOR('',#5681,1000.);
#1594=VECTOR('',#5682,1000.);
#1595=VECTOR('',#5683,1000.);
#1596=VECTOR('',#5686,1000.);
#1597=VECTOR('',#5687,1000.);
#1598=VECTOR('',#5688,1000.);
#1599=VECTOR('',#5691,1000.);
#1600=VECTOR('',#5692,1000.);
#1601=VECTOR('',#5695,1000.);
#1602=VECTOR('',#5696,1000.);
#1603=VECTOR('',#5699,1000.);
#1604=VECTOR('',#5702,1000.);
#1605=VECTOR('',#5703,1000.);
#1606=VECTOR('',#5706,1000.);
#1607=VECTOR('',#5707,1000.);
#1608=VECTOR('',#5708,1000.);
#1609=VECTOR('',#5709,1000.);
#1610=VECTOR('',#5712,1000.);
#1611=VECTOR('',#5713,1000.);
#1612=VECTOR('',#5714,1000.);
#1613=VECTOR('',#5717,1000.);
#1614=VECTOR('',#5718,1000.);
#1615=VECTOR('',#5719,1000.);
#1616=VECTOR('',#5720,1000.);
#1617=VECTOR('',#5723,1000.);
#1618=VECTOR('',#5724,1000.);
#1619=VECTOR('',#5727,1000.);
#1620=VECTOR('',#5728,1000.);
#1621=VECTOR('',#5729,1000.);
#1622=VECTOR('',#5732,1000.);
#1623=VECTOR('',#5733,1000.);
#1624=VECTOR('',#5734,1000.);
#1625=VECTOR('',#5737,1000.);
#1626=VECTOR('',#5738,1000.);
#1627=VECTOR('',#5741,1000.);
#1628=VECTOR('',#5744,1000.);
#1629=VECTOR('',#5745,1000.);
#1630=VECTOR('',#5748,1000.);
#1631=VECTOR('',#5751,1000.);
#1632=VECTOR('',#5754,1000.);
#1633=VECTOR('',#5757,1000.);
#1634=VECTOR('',#5758,1000.);
#1635=VECTOR('',#5761,1000.);
#1636=VECTOR('',#5764,1000.);
#1637=VECTOR('',#5767,1000.);
#1638=VECTOR('',#5768,1000.);
#1639=VECTOR('',#5769,1000.);
#1640=VECTOR('',#5774,1000.);
#1641=VECTOR('',#5777,1000.);
#1642=VECTOR('',#5780,1000.);
#1643=VECTOR('',#5787,1000.);
#1644=VECTOR('',#5788,1000.);
#1645=VECTOR('',#5789,1000.);
#1646=VECTOR('',#5790,1000.);
#1647=VECTOR('',#5791,1000.);
#1648=VECTOR('',#5792,1000.);
#1649=VECTOR('',#5799,1000.);
#1650=VECTOR('',#5800,1000.);
#1651=VECTOR('',#5801,1000.);
#1652=VECTOR('',#5802,1000.);
#1653=VECTOR('',#5803,1000.);
#1654=VECTOR('',#5804,1000.);
#1655=VECTOR('',#5811,1000.);
#1656=VECTOR('',#5812,1000.);
#1657=VECTOR('',#5813,1000.);
#1658=VECTOR('',#5814,1000.);
#1659=VECTOR('',#5815,1000.);
#1660=VECTOR('',#5816,1000.);
#1661=VECTOR('',#5823,1000.);
#1662=VECTOR('',#5824,1000.);
#1663=VECTOR('',#5827,1000.);
#1664=VECTOR('',#5830,1000.);
#1665=VECTOR('',#5835,1000.);
#1666=VECTOR('',#5836,1000.);
#1667=VECTOR('',#5839,1000.);
#1668=VECTOR('',#5842,1000.);
#1669=VECTOR('',#5847,1000.);
#1670=VECTOR('',#5848,1000.);
#1671=VECTOR('',#5851,1000.);
#1672=VECTOR('',#5854,1000.);
#1673=VECTOR('',#5859,1000.);
#1674=VECTOR('',#5860,1000.);
#1675=VECTOR('',#5861,1000.);
#1676=VECTOR('',#5862,1000.);
#1677=VECTOR('',#5865,1000.);
#1678=VECTOR('',#5866,1000.);
#1679=VECTOR('',#5867,1000.);
#1680=VECTOR('',#5870,1000.);
#1681=VECTOR('',#5871,1000.);
#1682=VECTOR('',#5872,1000.);
#1683=VECTOR('',#5875,1000.);
#1684=VECTOR('',#5876,1000.);
#1685=VECTOR('',#5881,1000.);
#1686=VECTOR('',#5886,1000.);
#1687=VECTOR('',#5891,1000.);
#1688=VECTOR('',#5896,1000.);
#1689=VECTOR('',#5899,1000.);
#1690=VECTOR('',#5900,1000.);
#1691=VECTOR('',#5901,1000.);
#1692=VECTOR('',#5904,1000.);
#1693=VECTOR('',#5905,1000.);
#1694=VECTOR('',#5908,1000.);
#1695=VECTOR('',#5909,1000.);
#1696=VECTOR('',#5912,1000.);
#1697=VECTOR('',#5917,1000.);
#1698=VECTOR('',#5922,1000.);
#1699=VECTOR('',#5927,1000.);
#1700=VECTOR('',#5932,1000.);
#1701=VECTOR('',#5935,1000.);
#1702=VECTOR('',#5936,1000.);
#1703=VECTOR('',#5937,1000.);
#1704=VECTOR('',#5940,1000.);
#1705=VECTOR('',#5941,1000.);
#1706=VECTOR('',#5944,1000.);
#1707=VECTOR('',#5945,1000.);
#1708=VECTOR('',#5948,1000.);
#1709=VECTOR('',#5953,1000.);
#1710=VECTOR('',#5958,1000.);
#1711=VECTOR('',#5963,1000.);
#1712=VECTOR('',#5968,1000.);
#1713=VECTOR('',#5971,1000.);
#1714=VECTOR('',#5972,1000.);
#1715=VECTOR('',#5973,1000.);
#1716=VECTOR('',#5976,1000.);
#1717=VECTOR('',#5977,1000.);
#1718=VECTOR('',#5980,1000.);
#1719=VECTOR('',#5981,1000.);
#1720=VECTOR('',#5984,1000.);
#1721=VECTOR('',#5987,1000.);
#1722=VECTOR('',#5988,1000.);
#1723=VECTOR('',#5989,1000.);
#1724=VECTOR('',#5990,1000.);
#1725=VECTOR('',#5993,1000.);
#1726=VECTOR('',#5994,1000.);
#1727=VECTOR('',#5995,1000.);
#1728=VECTOR('',#5996,1000.);
#1729=VECTOR('',#5999,1000.);
#1730=VECTOR('',#6000,1000.);
#1731=VECTOR('',#6003,1000.);
#1732=VECTOR('',#6006,1000.);
#1733=VECTOR('',#6011,1000.);
#1734=VECTOR('',#6012,1000.);
#1735=VECTOR('',#6015,1000.);
#1736=VECTOR('',#6018,1000.);
#1737=VECTOR('',#6023,1000.);
#1738=VECTOR('',#6024,1000.);
#1739=VECTOR('',#6025,1000.);
#1740=VECTOR('',#6026,1000.);
#1741=VECTOR('',#6029,1000.);
#1742=VECTOR('',#6030,1000.);
#1743=VECTOR('',#6031,1000.);
#1744=VECTOR('',#6034,1000.);
#1745=VECTOR('',#6035,1000.);
#1746=VECTOR('',#6036,1000.);
#1747=VECTOR('',#6039,1000.);
#1748=VECTOR('',#6040,1000.);
#1749=VECTOR('',#6045,1000.);
#1750=VECTOR('',#6050,1000.);
#1751=VECTOR('',#6055,1000.);
#1752=VECTOR('',#6060,1000.);
#1753=VECTOR('',#6063,1000.);
#1754=VECTOR('',#6064,1000.);
#1755=VECTOR('',#6065,1000.);
#1756=VECTOR('',#6068,1000.);
#1757=VECTOR('',#6069,1000.);
#1758=VECTOR('',#6072,1000.);
#1759=VECTOR('',#6073,1000.);
#1760=VECTOR('',#6076,1000.);
#1761=VECTOR('',#6081,1000.);
#1762=VECTOR('',#6086,1000.);
#1763=VECTOR('',#6091,1000.);
#1764=VECTOR('',#6096,1000.);
#1765=VECTOR('',#6099,1000.);
#1766=VECTOR('',#6100,1000.);
#1767=VECTOR('',#6101,1000.);
#1768=VECTOR('',#6104,1000.);
#1769=VECTOR('',#6105,1000.);
#1770=VECTOR('',#6108,1000.);
#1771=VECTOR('',#6109,1000.);
#1772=VECTOR('',#6112,1000.);
#1773=VECTOR('',#6117,1000.);
#1774=VECTOR('',#6122,1000.);
#1775=VECTOR('',#6127,1000.);
#1776=VECTOR('',#6132,1000.);
#1777=VECTOR('',#6135,1000.);
#1778=VECTOR('',#6136,1000.);
#1779=VECTOR('',#6137,1000.);
#1780=VECTOR('',#6140,1000.);
#1781=VECTOR('',#6141,1000.);
#1782=VECTOR('',#6144,1000.);
#1783=VECTOR('',#6145,1000.);
#1784=VECTOR('',#6148,1000.);
#1785=VECTOR('',#6151,1000.);
#1786=VECTOR('',#6152,1000.);
#1787=VECTOR('',#6153,1000.);
#1788=VECTOR('',#6154,1000.);
#1789=VECTOR('',#6157,1000.);
#1790=VECTOR('',#6158,1000.);
#1791=VECTOR('',#6159,1000.);
#1792=VECTOR('',#6160,1000.);
#1793=VECTOR('',#6163,1000.);
#1794=VECTOR('',#6164,1000.);
#1795=VECTOR('',#6167,1000.);
#1796=VECTOR('',#6170,1000.);
#1797=VECTOR('',#6175,1000.);
#1798=VECTOR('',#6176,1000.);
#1799=VECTOR('',#6179,1000.);
#1800=VECTOR('',#6182,1000.);
#1801=VECTOR('',#6187,1000.);
#1802=VECTOR('',#6188,1000.);
#1803=VECTOR('',#6189,1000.);
#1804=VECTOR('',#6190,1000.);
#1805=VECTOR('',#6193,1000.);
#1806=VECTOR('',#6194,1000.);
#1807=VECTOR('',#6195,1000.);
#1808=VECTOR('',#6198,1000.);
#1809=VECTOR('',#6199,1000.);
#1810=VECTOR('',#6200,1000.);
#1811=VECTOR('',#6203,1000.);
#1812=VECTOR('',#6204,1000.);
#1813=VECTOR('',#6209,1000.);
#1814=VECTOR('',#6214,1000.);
#1815=VECTOR('',#6219,1000.);
#1816=VECTOR('',#6224,1000.);
#1817=VECTOR('',#6227,1000.);
#1818=VECTOR('',#6228,1000.);
#1819=VECTOR('',#6229,1000.);
#1820=VECTOR('',#6232,1000.);
#1821=VECTOR('',#6233,1000.);
#1822=VECTOR('',#6236,1000.);
#1823=VECTOR('',#6237,1000.);
#1824=VECTOR('',#6240,1000.);
#1825=VECTOR('',#6245,1000.);
#1826=VECTOR('',#6250,1000.);
#1827=VECTOR('',#6255,1000.);
#1828=VECTOR('',#6260,1000.);
#1829=VECTOR('',#6263,1000.);
#1830=VECTOR('',#6264,1000.);
#1831=VECTOR('',#6265,1000.);
#1832=VECTOR('',#6268,1000.);
#1833=VECTOR('',#6269,1000.);
#1834=VECTOR('',#6272,1000.);
#1835=VECTOR('',#6273,1000.);
#1836=VECTOR('',#6276,1000.);
#1837=VECTOR('',#6281,1000.);
#1838=VECTOR('',#6286,1000.);
#1839=VECTOR('',#6291,1000.);
#1840=VECTOR('',#6296,1000.);
#1841=VECTOR('',#6299,1000.);
#1842=VECTOR('',#6300,1000.);
#1843=VECTOR('',#6301,1000.);
#1844=VECTOR('',#6304,1000.);
#1845=VECTOR('',#6305,1000.);
#1846=VECTOR('',#6308,1000.);
#1847=VECTOR('',#6309,1000.);
#1848=VECTOR('',#6312,1000.);
#1849=VECTOR('',#6315,1000.);
#1850=VECTOR('',#6316,1000.);
#1851=VECTOR('',#6317,1000.);
#1852=VECTOR('',#6318,1000.);
#1853=VECTOR('',#6321,1000.);
#1854=VECTOR('',#6322,1000.);
#1855=VECTOR('',#6323,1000.);
#1856=VECTOR('',#6324,1000.);
#1857=VECTOR('',#6327,1000.);
#1858=VECTOR('',#6328,1000.);
#1859=VECTOR('',#6331,1000.);
#1860=VECTOR('',#6334,1000.);
#1861=VECTOR('',#6339,1000.);
#1862=VECTOR('',#6340,1000.);
#1863=VECTOR('',#6343,1000.);
#1864=VECTOR('',#6346,1000.);
#1865=VECTOR('',#6355,10.);
#1866=VECTOR('',#6356,10.);
#1867=VECTOR('',#6357,10.);
#1868=VECTOR('',#6358,10.);
#1869=VECTOR('',#6361,10.);
#1870=VECTOR('',#6362,10.);
#1871=VECTOR('',#6363,10.);
#1872=VECTOR('',#6366,10.);
#1873=VECTOR('',#6367,10.);
#1874=VECTOR('',#6368,10.);
#1875=VECTOR('',#6371,10.);
#1876=VECTOR('',#6372,10.);
#1877=VERTEX_POINT('',#6393);
#1878=VERTEX_POINT('',#6394);
#1879=VERTEX_POINT('',#6396);
#1880=VERTEX_POINT('',#6398);
#1881=VERTEX_POINT('',#6402);
#1882=VERTEX_POINT('',#6403);
#1883=VERTEX_POINT('',#6405);
#1884=VERTEX_POINT('',#6407);
#1885=VERTEX_POINT('',#6411);
#1886=VERTEX_POINT('',#6412);
#1887=VERTEX_POINT('',#6414);
#1888=VERTEX_POINT('',#6416);
#1889=VERTEX_POINT('',#6420);
#1890=VERTEX_POINT('',#6421);
#1891=VERTEX_POINT('',#6426);
#1892=VERTEX_POINT('',#6427);
#1893=VERTEX_POINT('',#6435);
#1894=VERTEX_POINT('',#6437);
#1895=VERTEX_POINT('',#6441);
#1896=VERTEX_POINT('',#6445);
#1897=VERTEX_POINT('',#6451);
#1898=VERTEX_POINT('',#6453);
#1899=VERTEX_POINT('',#6457);
#1900=VERTEX_POINT('',#6461);
#1901=VERTEX_POINT('',#6467);
#1902=VERTEX_POINT('',#6469);
#1903=VERTEX_POINT('',#6473);
#1904=VERTEX_POINT('',#6477);
#1905=VERTEX_POINT('',#6483);
#1906=VERTEX_POINT('',#6485);
#1907=VERTEX_POINT('',#6489);
#1908=VERTEX_POINT('',#6493);
#1909=VERTEX_POINT('',#6499);
#1910=VERTEX_POINT('',#6501);
#1911=VERTEX_POINT('',#6505);
#1912=VERTEX_POINT('',#6509);
#1913=VERTEX_POINT('',#6515);
#1914=VERTEX_POINT('',#6517);
#1915=VERTEX_POINT('',#6521);
#1916=VERTEX_POINT('',#6525);
#1917=VERTEX_POINT('',#6547);
#1918=VERTEX_POINT('',#6548);
#1919=VERTEX_POINT('',#6550);
#1920=VERTEX_POINT('',#6552);
#1921=VERTEX_POINT('',#6556);
#1922=VERTEX_POINT('',#6557);
#1923=VERTEX_POINT('',#6562);
#1924=VERTEX_POINT('',#6563);
#1925=VERTEX_POINT('',#6571);
#1926=VERTEX_POINT('',#6573);
#1927=VERTEX_POINT('',#6577);
#1928=VERTEX_POINT('',#6581);
#1929=VERTEX_POINT('',#6587);
#1930=VERTEX_POINT('',#6589);
#1931=VERTEX_POINT('',#6593);
#1932=VERTEX_POINT('',#6597);
#1933=VERTEX_POINT('',#6603);
#1934=VERTEX_POINT('',#6605);
#1935=VERTEX_POINT('',#6609);
#1936=VERTEX_POINT('',#6613);
#1937=VERTEX_POINT('',#6619);
#1938=VERTEX_POINT('',#6621);
#1939=VERTEX_POINT('',#6625);
#1940=VERTEX_POINT('',#6629);
#1941=VERTEX_POINT('',#6635);
#1942=VERTEX_POINT('',#6637);
#1943=VERTEX_POINT('',#6641);
#1944=VERTEX_POINT('',#6645);
#1945=VERTEX_POINT('',#6651);
#1946=VERTEX_POINT('',#6653);
#1947=VERTEX_POINT('',#6657);
#1948=VERTEX_POINT('',#6661);
#1949=VERTEX_POINT('',#6667);
#1950=VERTEX_POINT('',#6668);
#1951=VERTEX_POINT('',#6670);
#1952=VERTEX_POINT('',#6672);
#1953=VERTEX_POINT('',#6676);
#1954=VERTEX_POINT('',#6677);
#1955=VERTEX_POINT('',#6679);
#1956=VERTEX_POINT('',#6681);
#1957=VERTEX_POINT('',#6701);
#1958=VERTEX_POINT('',#6702);
#1959=VERTEX_POINT('',#6704);
#1960=VERTEX_POINT('',#6706);
#1961=VERTEX_POINT('',#6710);
#1962=VERTEX_POINT('',#6711);
#1963=VERTEX_POINT('',#6713);
#1964=VERTEX_POINT('',#6715);
#1965=VERTEX_POINT('',#6719);
#1966=VERTEX_POINT('',#6720);
#1967=VERTEX_POINT('',#6722);
#1968=VERTEX_POINT('',#6724);
#1969=VERTEX_POINT('',#6728);
#1970=VERTEX_POINT('',#6729);
#1971=VERTEX_POINT('',#6731);
#1972=VERTEX_POINT('',#6733);
#1973=VERTEX_POINT('',#6737);
#1974=VERTEX_POINT('',#6738);
#1975=VERTEX_POINT('',#6740);
#1976=VERTEX_POINT('',#6742);
#1977=VERTEX_POINT('',#6746);
#1978=VERTEX_POINT('',#6747);
#1979=VERTEX_POINT('',#6752);
#1980=VERTEX_POINT('',#6757);
#1981=VERTEX_POINT('',#6759);
#1982=VERTEX_POINT('',#6762);
#1983=VERTEX_POINT('',#6763);
#1984=VERTEX_POINT('',#6765);
#1985=VERTEX_POINT('',#6767);
#1986=VERTEX_POINT('',#6771);
#1987=VERTEX_POINT('',#6772);
#1988=VERTEX_POINT('',#6774);
#1989=VERTEX_POINT('',#6776);
#1990=VERTEX_POINT('',#6780);
#1991=VERTEX_POINT('',#6782);
#1992=VERTEX_POINT('',#6786);
#1993=VERTEX_POINT('',#6788);
#1994=VERTEX_POINT('',#6795);
#1995=VERTEX_POINT('',#6797);
#1996=VERTEX_POINT('',#6799);
#1997=VERTEX_POINT('',#6803);
#1998=VERTEX_POINT('',#6805);
#1999=VERTEX_POINT('',#6808);
#2000=VERTEX_POINT('',#6810);
#2001=VERTEX_POINT('',#6812);
#2002=VERTEX_POINT('',#6814);
#2003=VERTEX_POINT('',#6816);
#2004=VERTEX_POINT('',#6818);
#2005=VERTEX_POINT('',#6820);
#2006=VERTEX_POINT('',#6822);
#2007=VERTEX_POINT('',#6824);
#2008=VERTEX_POINT('',#6826);
#2009=VERTEX_POINT('',#6828);
#2010=VERTEX_POINT('',#6830);
#2011=VERTEX_POINT('',#6832);
#2012=VERTEX_POINT('',#6834);
#2013=VERTEX_POINT('',#6837);
#2014=VERTEX_POINT('',#6839);
#2015=VERTEX_POINT('',#6843);
#2016=VERTEX_POINT('',#6845);
#2017=VERTEX_POINT('',#6849);
#2018=VERTEX_POINT('',#6853);
#2019=VERTEX_POINT('',#6855);
#2020=VERTEX_POINT('',#6857);
#2021=VERTEX_POINT('',#6859);
#2022=VERTEX_POINT('',#6861);
#2023=VERTEX_POINT('',#6864);
#2024=VERTEX_POINT('',#6865);
#2025=VERTEX_POINT('',#6867);
#2026=VERTEX_POINT('',#6869);
#2027=VERTEX_POINT('',#6872);
#2028=VERTEX_POINT('',#6873);
#2029=VERTEX_POINT('',#6875);
#2030=VERTEX_POINT('',#6877);
#2031=VERTEX_POINT('',#6880);
#2032=VERTEX_POINT('',#6881);
#2033=VERTEX_POINT('',#6883);
#2034=VERTEX_POINT('',#6885);
#2035=VERTEX_POINT('',#6888);
#2036=VERTEX_POINT('',#6889);
#2037=VERTEX_POINT('',#6891);
#2038=VERTEX_POINT('',#6893);
#2039=VERTEX_POINT('',#6897);
#2040=VERTEX_POINT('',#6901);
#2041=VERTEX_POINT('',#6905);
#2042=VERTEX_POINT('',#6907);
#2043=VERTEX_POINT('',#6909);
#2044=VERTEX_POINT('',#6914);
#2045=VERTEX_POINT('',#6920);
#2046=VERTEX_POINT('',#6922);
#2047=VERTEX_POINT('',#6926);
#2048=VERTEX_POINT('',#6930);
#2049=VERTEX_POINT('',#6936);
#2050=VERTEX_POINT('',#6937);
#2051=VERTEX_POINT('',#6939);
#2052=VERTEX_POINT('',#6941);
#2053=VERTEX_POINT('',#6943);
#2054=VERTEX_POINT('',#6945);
#2055=VERTEX_POINT('',#6947);
#2056=VERTEX_POINT('',#6949);
#2057=VERTEX_POINT('',#6951);
#2058=VERTEX_POINT('',#6953);
#2059=VERTEX_POINT('',#6958);
#2060=VERTEX_POINT('',#6959);
#2061=VERTEX_POINT('',#6964);
#2062=VERTEX_POINT('',#6965);
#2063=VERTEX_POINT('',#6970);
#2064=VERTEX_POINT('',#6972);
#2065=VERTEX_POINT('',#6976);
#2066=VERTEX_POINT('',#6980);
#2067=VERTEX_POINT('',#6984);
#2068=VERTEX_POINT('',#6988);
#2069=VERTEX_POINT('',#6992);
#2070=VERTEX_POINT('',#6996);
#2071=VERTEX_POINT('',#7000);
#2072=VERTEX_POINT('',#7001);
#2073=VERTEX_POINT('',#7004);
#2074=VERTEX_POINT('',#7006);
#2075=VERTEX_POINT('',#7009);
#2076=VERTEX_POINT('',#7011);
#2077=VERTEX_POINT('',#7013);
#2078=VERTEX_POINT('',#7015);
#2079=VERTEX_POINT('',#7018);
#2080=VERTEX_POINT('',#7020);
#2081=VERTEX_POINT('',#7025);
#2082=VERTEX_POINT('',#7026);
#2083=VERTEX_POINT('',#7031);
#2084=VERTEX_POINT('',#7035);
#2085=VERTEX_POINT('',#7041);
#2086=VERTEX_POINT('',#7045);
#2087=VERTEX_POINT('',#7046);
#2088=VERTEX_POINT('',#7048);
#2089=VERTEX_POINT('',#7050);
#2090=VERTEX_POINT('',#7054);
#2091=VERTEX_POINT('',#7055);
#2092=VERTEX_POINT('',#7060);
#2093=VERTEX_POINT('',#7061);
#2094=VERTEX_POINT('',#7063);
#2095=VERTEX_POINT('',#7065);
#2096=VERTEX_POINT('',#7072);
#2097=VERTEX_POINT('',#7074);
#2098=VERTEX_POINT('',#7078);
#2099=VERTEX_POINT('',#7083);
#2100=VERTEX_POINT('',#7094);
#2101=VERTEX_POINT('',#7096);
#2102=VERTEX_POINT('',#7105);
#2103=VERTEX_POINT('',#7107);
#2104=VERTEX_POINT('',#7109);
#2105=VERTEX_POINT('',#7125);
#2106=VERTEX_POINT('',#7126);
#2107=VERTEX_POINT('',#7128);
#2108=VERTEX_POINT('',#7130);
#2109=VERTEX_POINT('',#7138);
#2110=VERTEX_POINT('',#7139);
#2111=VERTEX_POINT('',#7141);
#2112=VERTEX_POINT('',#7143);
#2113=VERTEX_POINT('',#7151);
#2114=VERTEX_POINT('',#7152);
#2115=VERTEX_POINT('',#7154);
#2116=VERTEX_POINT('',#7156);
#2117=VERTEX_POINT('',#7186);
#2118=VERTEX_POINT('',#7187);
#2119=VERTEX_POINT('',#7189);
#2120=VERTEX_POINT('',#7191);
#2121=VERTEX_POINT('',#7195);
#2122=VERTEX_POINT('',#7196);
#2123=VERTEX_POINT('',#7201);
#2124=VERTEX_POINT('',#7202);
#2125=VERTEX_POINT('',#7210);
#2126=VERTEX_POINT('',#7212);
#2127=VERTEX_POINT('',#7216);
#2128=VERTEX_POINT('',#7220);
#2129=VERTEX_POINT('',#7226);
#2130=VERTEX_POINT('',#7228);
#2131=VERTEX_POINT('',#7232);
#2132=VERTEX_POINT('',#7236);
#2133=VERTEX_POINT('',#7242);
#2134=VERTEX_POINT('',#7244);
#2135=VERTEX_POINT('',#7248);
#2136=VERTEX_POINT('',#7252);
#2137=VERTEX_POINT('',#7258);
#2138=VERTEX_POINT('',#7260);
#2139=VERTEX_POINT('',#7264);
#2140=VERTEX_POINT('',#7268);
#2141=VERTEX_POINT('',#7274);
#2142=VERTEX_POINT('',#7276);
#2143=VERTEX_POINT('',#7280);
#2144=VERTEX_POINT('',#7284);
#2145=VERTEX_POINT('',#7290);
#2146=VERTEX_POINT('',#7292);
#2147=VERTEX_POINT('',#7296);
#2148=VERTEX_POINT('',#7300);
#2149=VERTEX_POINT('',#7306);
#2150=VERTEX_POINT('',#7307);
#2151=VERTEX_POINT('',#7309);
#2152=VERTEX_POINT('',#7311);
#2153=VERTEX_POINT('',#7315);
#2154=VERTEX_POINT('',#7316);
#2155=VERTEX_POINT('',#7318);
#2156=VERTEX_POINT('',#7320);
#2157=VERTEX_POINT('',#7340);
#2158=VERTEX_POINT('',#7341);
#2159=VERTEX_POINT('',#7343);
#2160=VERTEX_POINT('',#7345);
#2161=VERTEX_POINT('',#7349);
#2162=VERTEX_POINT('',#7350);
#2163=VERTEX_POINT('',#7355);
#2164=VERTEX_POINT('',#7356);
#2165=VERTEX_POINT('',#7364);
#2166=VERTEX_POINT('',#7366);
#2167=VERTEX_POINT('',#7370);
#2168=VERTEX_POINT('',#7374);
#2169=VERTEX_POINT('',#7380);
#2170=VERTEX_POINT('',#7382);
#2171=VERTEX_POINT('',#7386);
#2172=VERTEX_POINT('',#7390);
#2173=VERTEX_POINT('',#7396);
#2174=VERTEX_POINT('',#7398);
#2175=VERTEX_POINT('',#7402);
#2176=VERTEX_POINT('',#7406);
#2177=VERTEX_POINT('',#7412);
#2178=VERTEX_POINT('',#7414);
#2179=VERTEX_POINT('',#7418);
#2180=VERTEX_POINT('',#7422);
#2181=VERTEX_POINT('',#7428);
#2182=VERTEX_POINT('',#7430);
#2183=VERTEX_POINT('',#7434);
#2184=VERTEX_POINT('',#7438);
#2185=VERTEX_POINT('',#7444);
#2186=VERTEX_POINT('',#7446);
#2187=VERTEX_POINT('',#7450);
#2188=VERTEX_POINT('',#7454);
#2189=VERTEX_POINT('',#7460);
#2190=VERTEX_POINT('',#7461);
#2191=VERTEX_POINT('',#7463);
#2192=VERTEX_POINT('',#7465);
#2193=VERTEX_POINT('',#7469);
#2194=VERTEX_POINT('',#7470);
#2195=VERTEX_POINT('',#7472);
#2196=VERTEX_POINT('',#7474);
#2197=VERTEX_POINT('',#7494);
#2198=VERTEX_POINT('',#7495);
#2199=VERTEX_POINT('',#7497);
#2200=VERTEX_POINT('',#7499);
#2201=VERTEX_POINT('',#7503);
#2202=VERTEX_POINT('',#7504);
#2203=VERTEX_POINT('',#7509);
#2204=VERTEX_POINT('',#7510);
#2205=VERTEX_POINT('',#7518);
#2206=VERTEX_POINT('',#7520);
#2207=VERTEX_POINT('',#7524);
#2208=VERTEX_POINT('',#7528);
#2209=VERTEX_POINT('',#7534);
#2210=VERTEX_POINT('',#7536);
#2211=VERTEX_POINT('',#7540);
#2212=VERTEX_POINT('',#7544);
#2213=VERTEX_POINT('',#7550);
#2214=VERTEX_POINT('',#7552);
#2215=VERTEX_POINT('',#7556);
#2216=VERTEX_POINT('',#7560);
#2217=VERTEX_POINT('',#7566);
#2218=VERTEX_POINT('',#7568);
#2219=VERTEX_POINT('',#7572);
#2220=VERTEX_POINT('',#7576);
#2221=VERTEX_POINT('',#7582);
#2222=VERTEX_POINT('',#7584);
#2223=VERTEX_POINT('',#7588);
#2224=VERTEX_POINT('',#7592);
#2225=VERTEX_POINT('',#7598);
#2226=VERTEX_POINT('',#7600);
#2227=VERTEX_POINT('',#7604);
#2228=VERTEX_POINT('',#7608);
#2229=VERTEX_POINT('',#7614);
#2230=VERTEX_POINT('',#7615);
#2231=VERTEX_POINT('',#7617);
#2232=VERTEX_POINT('',#7619);
#2233=VERTEX_POINT('',#7623);
#2234=VERTEX_POINT('',#7624);
#2235=VERTEX_POINT('',#7626);
#2236=VERTEX_POINT('',#7628);
#2237=VERTEX_POINT('',#7650);
#2238=VERTEX_POINT('',#7651);
#2239=VERTEX_POINT('',#7653);
#2240=VERTEX_POINT('',#7655);
#2241=VERTEX_POINT('',#7659);
#2242=VERTEX_POINT('',#7661);
#2243=VERTEX_POINT('',#7665);
#2244=VERTEX_POINT('',#7667);
#2245=EDGE_CURVE('',#1877,#1878,#737,.T.);
#2246=EDGE_CURVE('',#1879,#1877,#738,.T.);
#2247=EDGE_CURVE('',#1880,#1879,#739,.T.);
#2248=EDGE_CURVE('',#1878,#1880,#740,.T.);
#2249=EDGE_CURVE('',#1881,#1882,#741,.T.);
#2250=EDGE_CURVE('',#1883,#1881,#742,.T.);
#2251=EDGE_CURVE('',#1884,#1883,#743,.T.);
#2252=EDGE_CURVE('',#1882,#1884,#744,.T.);
#2253=EDGE_CURVE('',#1885,#1886,#745,.T.);
#2254=EDGE_CURVE('',#1887,#1886,#746,.T.);
#2255=EDGE_CURVE('',#1888,#1887,#747,.T.);
#2256=EDGE_CURVE('',#1885,#1888,#748,.T.);
#2257=EDGE_CURVE('',#1889,#1890,#749,.T.);
#2258=EDGE_CURVE('',#1886,#1890,#750,.T.);
#2259=EDGE_CURVE('',#1889,#1885,#751,.T.);
#2260=EDGE_CURVE('',#1891,#1892,#752,.T.);
#2261=EDGE_CURVE('',#1890,#1892,#753,.T.);
#2262=EDGE_CURVE('',#1891,#1889,#754,.T.);
#2263=EDGE_CURVE('',#1892,#1887,#755,.T.);
#2264=EDGE_CURVE('',#1888,#1891,#756,.T.);
#2265=EDGE_CURVE('',#1886,#1893,#102,.T.);
#2266=EDGE_CURVE('',#1894,#1893,#757,.T.);
#2267=EDGE_CURVE('',#1887,#1894,#103,.T.);
#2268=EDGE_CURVE('',#1890,#1895,#104,.T.);
#2269=EDGE_CURVE('',#1893,#1895,#758,.T.);
#2270=EDGE_CURVE('',#1892,#1896,#105,.T.);
#2271=EDGE_CURVE('',#1895,#1896,#759,.T.);
#2272=EDGE_CURVE('',#1896,#1894,#760,.T.);
#2273=EDGE_CURVE('',#1893,#1897,#761,.T.);
#2274=EDGE_CURVE('',#1898,#1897,#762,.T.);
#2275=EDGE_CURVE('',#1894,#1898,#763,.T.);
#2276=EDGE_CURVE('',#1895,#1899,#764,.T.);
#2277=EDGE_CURVE('',#1897,#1899,#765,.T.);
#2278=EDGE_CURVE('',#1896,#1900,#766,.T.);
#2279=EDGE_CURVE('',#1899,#1900,#767,.T.);
#2280=EDGE_CURVE('',#1900,#1898,#768,.T.);
#2281=EDGE_CURVE('',#1897,#1901,#106,.T.);
#2282=EDGE_CURVE('',#1902,#1901,#769,.T.);
#2283=EDGE_CURVE('',#1898,#1902,#107,.T.);
#2284=EDGE_CURVE('',#1899,#1903,#108,.T.);
#2285=EDGE_CURVE('',#1901,#1903,#770,.T.);
#2286=EDGE_CURVE('',#1900,#1904,#109,.T.);
#2287=EDGE_CURVE('',#1903,#1904,#771,.T.);
#2288=EDGE_CURVE('',#1904,#1902,#772,.T.);
#2289=EDGE_CURVE('',#1901,#1905,#773,.T.);
#2290=EDGE_CURVE('',#1906,#1905,#774,.T.);
#2291=EDGE_CURVE('',#1902,#1906,#775,.T.);
#2292=EDGE_CURVE('',#1903,#1907,#776,.T.);
#2293=EDGE_CURVE('',#1905,#1907,#777,.T.);
#2294=EDGE_CURVE('',#1904,#1908,#778,.T.);
#2295=EDGE_CURVE('',#1907,#1908,#779,.T.);
#2296=EDGE_CURVE('',#1908,#1906,#780,.T.);
#2297=EDGE_CURVE('',#1905,#1909,#110,.T.);
#2298=EDGE_CURVE('',#1910,#1909,#781,.T.);
#2299=EDGE_CURVE('',#1906,#1910,#111,.T.);
#2300=EDGE_CURVE('',#1907,#1911,#112,.T.);
#2301=EDGE_CURVE('',#1909,#1911,#782,.T.);
#2302=EDGE_CURVE('',#1908,#1912,#113,.T.);
#2303=EDGE_CURVE('',#1911,#1912,#783,.T.);
#2304=EDGE_CURVE('',#1912,#1910,#784,.T.);
#2305=EDGE_CURVE('',#1910,#1913,#785,.T.);
#2306=EDGE_CURVE('',#1909,#1914,#786,.T.);
#2307=EDGE_CURVE('',#1913,#1914,#787,.T.);
#2308=EDGE_CURVE('',#1911,#1915,#788,.T.);
#2309=EDGE_CURVE('',#1914,#1915,#789,.T.);
#2310=EDGE_CURVE('',#1912,#1916,#790,.T.);
#2311=EDGE_CURVE('',#1915,#1916,#791,.T.);
#2312=EDGE_CURVE('',#1916,#1913,#792,.T.);
#2313=EDGE_CURVE('',#1881,#1914,#793,.T.);
#2314=EDGE_CURVE('',#1915,#1883,#794,.T.);
#2315=EDGE_CURVE('',#1916,#1884,#795,.T.);
#2316=EDGE_CURVE('',#1882,#1913,#796,.T.);
#2317=EDGE_CURVE('',#1891,#1879,#797,.T.);
#2318=EDGE_CURVE('',#1877,#1888,#798,.T.);
#2319=EDGE_CURVE('',#1878,#1885,#799,.T.);
#2320=EDGE_CURVE('',#1889,#1880,#800,.T.);
#2321=EDGE_CURVE('',#1917,#1918,#801,.T.);
#2322=EDGE_CURVE('',#1918,#1919,#802,.T.);
#2323=EDGE_CURVE('',#1920,#1919,#803,.T.);
#2324=EDGE_CURVE('',#1917,#1920,#804,.T.);
#2325=EDGE_CURVE('',#1921,#1922,#805,.T.);
#2326=EDGE_CURVE('',#1922,#1918,#806,.T.);
#2327=EDGE_CURVE('',#1921,#1917,#807,.T.);
#2328=EDGE_CURVE('',#1923,#1924,#808,.T.);
#2329=EDGE_CURVE('',#1924,#1922,#809,.T.);
#2330=EDGE_CURVE('',#1923,#1921,#810,.T.);
#2331=EDGE_CURVE('',#1919,#1924,#811,.T.);
#2332=EDGE_CURVE('',#1920,#1923,#812,.T.);
#2333=EDGE_CURVE('',#1925,#1920,#114,.T.);
#2334=EDGE_CURVE('',#1926,#1925,#813,.T.);
#2335=EDGE_CURVE('',#1926,#1917,#115,.T.);
#2336=EDGE_CURVE('',#1927,#1926,#814,.T.);
#2337=EDGE_CURVE('',#1927,#1921,#116,.T.);
#2338=EDGE_CURVE('',#1928,#1927,#815,.T.);
#2339=EDGE_CURVE('',#1928,#1923,#117,.T.);
#2340=EDGE_CURVE('',#1925,#1928,#816,.T.);
#2341=EDGE_CURVE('',#1929,#1925,#817,.T.);
#2342=EDGE_CURVE('',#1930,#1929,#818,.T.);
#2343=EDGE_CURVE('',#1930,#1926,#819,.T.);
#2344=EDGE_CURVE('',#1931,#1930,#820,.T.);
#2345=EDGE_CURVE('',#1931,#1927,#821,.T.);
#2346=EDGE_CURVE('',#1932,#1931,#822,.T.);
#2347=EDGE_CURVE('',#1932,#1928,#823,.T.);
#2348=EDGE_CURVE('',#1929,#1932,#824,.T.);
#2349=EDGE_CURVE('',#1933,#1929,#118,.T.);
#2350=EDGE_CURVE('',#1934,#1933,#825,.T.);
#2351=EDGE_CURVE('',#1934,#1930,#119,.T.);
#2352=EDGE_CURVE('',#1935,#1934,#826,.T.);
#2353=EDGE_CURVE('',#1935,#1931,#120,.T.);
#2354=EDGE_CURVE('',#1936,#1935,#827,.T.);
#2355=EDGE_CURVE('',#1936,#1932,#121,.T.);
#2356=EDGE_CURVE('',#1933,#1936,#828,.T.);
#2357=EDGE_CURVE('',#1937,#1933,#829,.T.);
#2358=EDGE_CURVE('',#1938,#1937,#830,.T.);
#2359=EDGE_CURVE('',#1938,#1934,#831,.T.);
#2360=EDGE_CURVE('',#1939,#1938,#832,.T.);
#2361=EDGE_CURVE('',#1939,#1935,#833,.T.);
#2362=EDGE_CURVE('',#1940,#1939,#834,.T.);
#2363=EDGE_CURVE('',#1940,#1936,#835,.T.);
#2364=EDGE_CURVE('',#1937,#1940,#836,.T.);
#2365=EDGE_CURVE('',#1941,#1937,#122,.T.);
#2366=EDGE_CURVE('',#1942,#1941,#837,.T.);
#2367=EDGE_CURVE('',#1942,#1938,#123,.T.);
#2368=EDGE_CURVE('',#1943,#1942,#838,.T.);
#2369=EDGE_CURVE('',#1943,#1939,#124,.T.);
#2370=EDGE_CURVE('',#1944,#1943,#839,.T.);
#2371=EDGE_CURVE('',#1944,#1940,#125,.T.);
#2372=EDGE_CURVE('',#1941,#1944,#840,.T.);
#2373=EDGE_CURVE('',#1945,#1941,#841,.T.);
#2374=EDGE_CURVE('',#1945,#1946,#842,.T.);
#2375=EDGE_CURVE('',#1946,#1942,#843,.T.);
#2376=EDGE_CURVE('',#1946,#1947,#844,.T.);
#2377=EDGE_CURVE('',#1947,#1943,#845,.T.);
#2378=EDGE_CURVE('',#1947,#1948,#846,.T.);
#2379=EDGE_CURVE('',#1948,#1944,#847,.T.);
#2380=EDGE_CURVE('',#1948,#1945,#848,.T.);
#2381=EDGE_CURVE('',#1949,#1950,#849,.T.);
#2382=EDGE_CURVE('',#1950,#1951,#850,.T.);
#2383=EDGE_CURVE('',#1951,#1952,#851,.T.);
#2384=EDGE_CURVE('',#1952,#1949,#852,.T.);
#2385=EDGE_CURVE('',#1953,#1954,#853,.T.);
#2386=EDGE_CURVE('',#1954,#1955,#854,.T.);
#2387=EDGE_CURVE('',#1955,#1956,#855,.T.);
#2388=EDGE_CURVE('',#1956,#1953,#856,.T.);
#2389=EDGE_CURVE('',#1949,#1924,#857,.T.);
#2390=EDGE_CURVE('',#1922,#1952,#858,.T.);
#2391=EDGE_CURVE('',#1918,#1951,#859,.T.);
#2392=EDGE_CURVE('',#1950,#1919,#860,.T.);
#2393=EDGE_CURVE('',#1946,#1956,#861,.T.);
#2394=EDGE_CURVE('',#1953,#1945,#862,.T.);
#2395=EDGE_CURVE('',#1954,#1948,#863,.T.);
#2396=EDGE_CURVE('',#1947,#1955,#864,.T.);
#2397=EDGE_CURVE('',#1957,#1958,#865,.T.);
#2398=EDGE_CURVE('',#1959,#1958,#866,.T.);
#2399=EDGE_CURVE('',#1960,#1959,#867,.T.);
#2400=EDGE_CURVE('',#1960,#1957,#868,.T.);
#2401=EDGE_CURVE('',#1961,#1962,#869,.T.);
#2402=EDGE_CURVE('',#1961,#1963,#870,.T.);
#2403=EDGE_CURVE('',#1963,#1964,#871,.T.);
#2404=EDGE_CURVE('',#1962,#1964,#872,.T.);
#2405=EDGE_CURVE('',#1965,#1966,#873,.T.);
#2406=EDGE_CURVE('',#1967,#1966,#874,.T.);
#2407=EDGE_CURVE('',#1968,#1967,#875,.T.);
#2408=EDGE_CURVE('',#1968,#1965,#876,.T.);
#2409=EDGE_CURVE('',#1969,#1970,#877,.T.);
#2410=EDGE_CURVE('',#1971,#1970,#878,.T.);
#2411=EDGE_CURVE('',#1972,#1971,#879,.T.);
#2412=EDGE_CURVE('',#1969,#1972,#880,.T.);
#2413=EDGE_CURVE('',#1973,#1974,#881,.T.);
#2414=EDGE_CURVE('',#1973,#1975,#126,.T.);
#2415=EDGE_CURVE('',#1975,#1976,#882,.T.);
#2416=EDGE_CURVE('',#1976,#1974,#127,.T.);
#2417=EDGE_CURVE('',#1977,#1978,#883,.T.);
#2418=EDGE_CURVE('',#1970,#1977,#884,.T.);
#2419=EDGE_CURVE('',#1978,#1969,#885,.T.);
#2420=EDGE_CURVE('',#1977,#1979,#886,.T.);
#2421=EDGE_CURVE('',#1978,#1973,#887,.T.);
#2422=EDGE_CURVE('',#1974,#1979,#888,.T.);
#2423=EDGE_CURVE('',#1980,#1969,#889,.T.);
#2424=EDGE_CURVE('',#1981,#1972,#890,.T.);
#2425=EDGE_CURVE('',#1980,#1981,#891,.T.);
#2426=EDGE_CURVE('',#1982,#1983,#892,.T.);
#2427=EDGE_CURVE('',#1984,#1982,#893,.T.);
#2428=EDGE_CURVE('',#1985,#1984,#894,.T.);
#2429=EDGE_CURVE('',#1983,#1985,#895,.T.);
#2430=EDGE_CURVE('',#1986,#1987,#896,.T.);
#2431=EDGE_CURVE('',#1987,#1988,#897,.T.);
#2432=EDGE_CURVE('',#1989,#1988,#898,.T.);
#2433=EDGE_CURVE('',#1986,#1989,#899,.T.);
#2434=EDGE_CURVE('',#1987,#1990,#900,.T.);
#2435=EDGE_CURVE('',#1990,#1991,#901,.T.);
#2436=EDGE_CURVE('',#1988,#1991,#902,.T.);
#2437=EDGE_CURVE('',#1990,#1992,#903,.T.);
#2438=EDGE_CURVE('',#1992,#1993,#904,.T.);
#2439=EDGE_CURVE('',#1991,#1993,#905,.T.);
#2440=EDGE_CURVE('',#1992,#1986,#906,.T.);
#2441=EDGE_CURVE('',#1993,#1989,#907,.T.);
#2442=EDGE_CURVE('',#1975,#1994,#908,.T.);
#2443=EDGE_CURVE('',#1994,#1995,#909,.T.);
#2444=EDGE_CURVE('',#1995,#1996,#910,.T.);
#2445=EDGE_CURVE('',#1996,#1976,#911,.T.);
#2446=EDGE_CURVE('',#1959,#1997,#912,.T.);
#2447=EDGE_CURVE('',#1997,#1998,#913,.T.);
#2448=EDGE_CURVE('',#1998,#1961,#914,.T.);
#2449=EDGE_CURVE('',#1962,#1999,#915,.T.);
#2450=EDGE_CURVE('',#1999,#2000,#916,.T.);
#2451=EDGE_CURVE('',#2000,#2001,#917,.T.);
#2452=EDGE_CURVE('',#2001,#2002,#918,.T.);
#2453=EDGE_CURVE('',#2002,#2003,#919,.T.);
#2454=EDGE_CURVE('',#2003,#2004,#920,.T.);
#2455=EDGE_CURVE('',#2004,#2005,#921,.T.);
#2456=EDGE_CURVE('',#2005,#2006,#922,.T.);
#2457=EDGE_CURVE('',#2006,#2007,#923,.T.);
#2458=EDGE_CURVE('',#2008,#2007,#924,.T.);
#2459=EDGE_CURVE('',#2009,#2008,#925,.T.);
#2460=EDGE_CURVE('',#2009,#2010,#926,.T.);
#2461=EDGE_CURVE('',#2010,#2011,#927,.T.);
#2462=EDGE_CURVE('',#2011,#2012,#928,.T.);
#2463=EDGE_CURVE('',#2012,#1968,#929,.T.);
#2464=EDGE_CURVE('',#1967,#2013,#930,.T.);
#2465=EDGE_CURVE('',#2013,#2014,#931,.T.);
#2466=EDGE_CURVE('',#2014,#1960,#932,.T.);
#2467=EDGE_CURVE('',#1971,#2015,#933,.T.);
#2468=EDGE_CURVE('',#1979,#2016,#934,.T.);
#2469=EDGE_CURVE('',#2015,#2016,#935,.T.);
#2470=EDGE_CURVE('',#2015,#2017,#936,.T.);
#2471=EDGE_CURVE('',#1981,#2017,#937,.T.);
#2472=EDGE_CURVE('',#2017,#2018,#938,.T.);
#2473=EDGE_CURVE('',#2019,#2018,#939,.T.);
#2474=EDGE_CURVE('',#2019,#2020,#940,.T.);
#2475=EDGE_CURVE('',#2020,#2021,#941,.T.);
#2476=EDGE_CURVE('',#2021,#2022,#942,.T.);
#2477=EDGE_CURVE('',#2022,#1980,#943,.T.);
#2478=EDGE_CURVE('',#2023,#2024,#944,.T.);
#2479=EDGE_CURVE('',#2024,#2025,#945,.T.);
#2480=EDGE_CURVE('',#2025,#2026,#946,.T.);
#2481=EDGE_CURVE('',#2026,#2023,#947,.T.);
#2482=EDGE_CURVE('',#2027,#2028,#948,.T.);
#2483=EDGE_CURVE('',#2029,#2027,#949,.T.);
#2484=EDGE_CURVE('',#2030,#2029,#950,.T.);
#2485=EDGE_CURVE('',#2028,#2030,#951,.T.);
#2486=EDGE_CURVE('',#2031,#2032,#952,.T.);
#2487=EDGE_CURVE('',#2033,#2031,#953,.T.);
#2488=EDGE_CURVE('',#2034,#2033,#954,.T.);
#2489=EDGE_CURVE('',#2032,#2034,#955,.T.);
#2490=EDGE_CURVE('',#2035,#2036,#956,.T.);
#2491=EDGE_CURVE('',#2037,#2035,#957,.T.);
#2492=EDGE_CURVE('',#2038,#2037,#958,.T.);
#2493=EDGE_CURVE('',#2036,#2038,#959,.T.);
#2494=EDGE_CURVE('',#2022,#2039,#960,.T.);
#2495=EDGE_CURVE('',#2039,#1994,#961,.T.);
#2496=EDGE_CURVE('',#2040,#2039,#962,.T.);
#2497=EDGE_CURVE('',#1995,#2040,#963,.T.);
#2498=EDGE_CURVE('',#2040,#2041,#964,.T.);
#2499=EDGE_CURVE('',#2041,#2042,#965,.T.);
#2500=EDGE_CURVE('',#2043,#2042,#966,.T.);
#2501=EDGE_CURVE('',#2008,#2043,#967,.T.);
#2502=EDGE_CURVE('',#2007,#1996,#968,.T.);
#2503=EDGE_CURVE('',#2021,#2044,#969,.T.);
#2504=EDGE_CURVE('',#2044,#2039,#970,.T.);
#2505=EDGE_CURVE('',#2041,#2044,#971,.T.);
#2506=EDGE_CURVE('',#1985,#2045,#972,.T.);
#2507=EDGE_CURVE('',#2045,#2046,#973,.T.);
#2508=EDGE_CURVE('',#1983,#2046,#974,.T.);
#2509=EDGE_CURVE('',#2046,#2047,#975,.T.);
#2510=EDGE_CURVE('',#1982,#2047,#976,.T.);
#2511=EDGE_CURVE('',#2047,#2048,#977,.T.);
#2512=EDGE_CURVE('',#1984,#2048,#978,.T.);
#2513=EDGE_CURVE('',#2048,#2045,#979,.T.);
#2514=EDGE_CURVE('',#2049,#2050,#980,.T.);
#2515=EDGE_CURVE('',#2051,#2049,#981,.T.);
#2516=EDGE_CURVE('',#2051,#2052,#982,.T.);
#2517=EDGE_CURVE('',#2053,#2052,#983,.T.);
#2518=EDGE_CURVE('',#2054,#2053,#984,.T.);
#2519=EDGE_CURVE('',#2055,#2054,#985,.T.);
#2520=EDGE_CURVE('',#2056,#2055,#986,.T.);
#2521=EDGE_CURVE('',#2057,#2056,#987,.T.);
#2522=EDGE_CURVE('',#2057,#2058,#988,.T.);
#2523=EDGE_CURVE('',#2018,#2058,#989,.T.);
#2524=EDGE_CURVE('',#2016,#2050,#990,.T.);
#2525=EDGE_CURVE('',#2059,#2060,#991,.T.);
#2526=EDGE_CURVE('',#2049,#2059,#992,.T.);
#2527=EDGE_CURVE('',#2050,#2060,#993,.T.);
#2528=EDGE_CURVE('',#2061,#2062,#994,.T.);
#2529=EDGE_CURVE('',#2059,#2061,#995,.T.);
#2530=EDGE_CURVE('',#2060,#2062,#996,.T.);
#2531=EDGE_CURVE('',#2001,#2063,#997,.T.);
#2532=EDGE_CURVE('',#2063,#2064,#998,.T.);
#2533=EDGE_CURVE('',#2002,#2064,#999,.T.);
#2534=EDGE_CURVE('',#2064,#2065,#1000,.T.);
#2535=EDGE_CURVE('',#2003,#2065,#1001,.T.);
#2536=EDGE_CURVE('',#2065,#2066,#1002,.T.);
#2537=EDGE_CURVE('',#2004,#2066,#1003,.T.);
#2538=EDGE_CURVE('',#2066,#2067,#1004,.T.);
#2539=EDGE_CURVE('',#2005,#2067,#1005,.T.);
#2540=EDGE_CURVE('',#2067,#2068,#1006,.T.);
#2541=EDGE_CURVE('',#2068,#2006,#1007,.T.);
#2542=EDGE_CURVE('',#2069,#2068,#1008,.T.);
#2543=EDGE_CURVE('',#2062,#2069,#1009,.T.);
#2544=EDGE_CURVE('',#2070,#2069,#1010,.T.);
#2545=EDGE_CURVE('',#2061,#2070,#1011,.T.);
#2546=EDGE_CURVE('',#2071,#2072,#1012,.T.);
#2547=EDGE_CURVE('',#1958,#2071,#1013,.T.);
#2548=EDGE_CURVE('',#2073,#1957,#1014,.T.);
#2549=EDGE_CURVE('',#2074,#2073,#1015,.T.);
#2550=EDGE_CURVE('',#1966,#2074,#1016,.T.);
#2551=EDGE_CURVE('',#2075,#1965,#1017,.T.);
#2552=EDGE_CURVE('',#2076,#2075,#1018,.T.);
#2553=EDGE_CURVE('',#2077,#2076,#1019,.T.);
#2554=EDGE_CURVE('',#2078,#2077,#1020,.T.);
#2555=EDGE_CURVE('',#2070,#2078,#1021,.T.);
#2556=EDGE_CURVE('',#2079,#2063,#1022,.T.);
#2557=EDGE_CURVE('',#2080,#2079,#1023,.T.);
#2558=EDGE_CURVE('',#1964,#2080,#1024,.T.);
#2559=EDGE_CURVE('',#2072,#1963,#1025,.T.);
#2560=EDGE_CURVE('',#2081,#2082,#1026,.T.);
#2561=EDGE_CURVE('',#2026,#2082,#1027,.T.);
#2562=EDGE_CURVE('',#2025,#2081,#1028,.T.);
#2563=EDGE_CURVE('',#2082,#2083,#1029,.T.);
#2564=EDGE_CURVE('',#2023,#2083,#1030,.T.);
#2565=EDGE_CURVE('',#2083,#2084,#1031,.T.);
#2566=EDGE_CURVE('',#2024,#2084,#1032,.T.);
#2567=EDGE_CURVE('',#2084,#2081,#1033,.T.);
#2568=EDGE_CURVE('',#2042,#2085,#1034,.T.);
#2569=EDGE_CURVE('',#2085,#2044,#1035,.T.);
#2570=EDGE_CURVE('',#2086,#2087,#1036,.T.);
#2571=EDGE_CURVE('',#2088,#2087,#1037,.T.);
#2572=EDGE_CURVE('',#2089,#2088,#1038,.T.);
#2573=EDGE_CURVE('',#2086,#2089,#1039,.T.);
#2574=EDGE_CURVE('',#2090,#2091,#1040,.T.);
#2575=EDGE_CURVE('',#2087,#2090,#1041,.T.);
#2576=EDGE_CURVE('',#2091,#2086,#1042,.T.);
#2577=EDGE_CURVE('',#2092,#2093,#1043,.T.);
#2578=EDGE_CURVE('',#2093,#2094,#1044,.T.);
#2579=EDGE_CURVE('',#2094,#2095,#1045,.T.);
#2580=EDGE_CURVE('',#2095,#2092,#1046,.T.);
#2581=EDGE_CURVE('',#2095,#2052,#1047,.T.);
#2582=EDGE_CURVE('',#2094,#2053,#1048,.T.);
#2583=EDGE_CURVE('',#2096,#2093,#1049,.T.);
#2584=EDGE_CURVE('',#2096,#2097,#1050,.T.);
#2585=EDGE_CURVE('',#2097,#2054,#1051,.T.);
#2586=EDGE_CURVE('',#2098,#2096,#1052,.T.);
#2587=EDGE_CURVE('',#2092,#2057,#1053,.T.);
#2588=EDGE_CURVE('',#2098,#2056,#1054,.T.);
#2589=EDGE_CURVE('',#2099,#2098,#1055,.T.);
#2590=EDGE_CURVE('',#2099,#2055,#1056,.T.);
#2591=EDGE_CURVE('',#2097,#2099,#1057,.T.);
#2592=EDGE_CURVE('',#2090,#2058,#1058,.T.);
#2593=EDGE_CURVE('',#2091,#2019,#1059,.T.);
#2594=EDGE_CURVE('',#2020,#2086,#1060,.T.);
#2595=EDGE_CURVE('',#2100,#2089,#1061,.T.);
#2596=EDGE_CURVE('',#2101,#2100,#128,.T.);
#2597=EDGE_CURVE('',#2085,#2101,#1062,.T.);
#2598=EDGE_CURVE('',#2011,#2076,#1063,.T.);
#2599=EDGE_CURVE('',#2010,#2077,#1064,.T.);
#2600=EDGE_CURVE('',#2012,#2075,#1065,.T.);
#2601=EDGE_CURVE('',#2043,#2102,#1066,.T.);
#2602=EDGE_CURVE('',#2102,#2103,#129,.T.);
#2603=EDGE_CURVE('',#2103,#2104,#1067,.T.);
#2604=EDGE_CURVE('',#2104,#2051,#1068,.T.);
#2605=EDGE_CURVE('',#2078,#2009,#1069,.T.);
#2606=EDGE_CURVE('',#2104,#2088,#1070,.T.);
#2607=EDGE_CURVE('',#2103,#2100,#1071,.T.);
#2608=EDGE_CURVE('',#2102,#2101,#1072,.T.);
#2609=EDGE_CURVE('',#2014,#2073,#1073,.T.);
#2610=EDGE_CURVE('',#2013,#2074,#1074,.T.);
#2611=EDGE_CURVE('',#2105,#2106,#1075,.T.);
#2612=EDGE_CURVE('',#2106,#2107,#1076,.T.);
#2613=EDGE_CURVE('',#2107,#2108,#1077,.T.);
#2614=EDGE_CURVE('',#2108,#2105,#1078,.T.);
#2615=EDGE_CURVE('',#2000,#2079,#1079,.T.);
#2616=EDGE_CURVE('',#1999,#2080,#1080,.T.);
#2617=EDGE_CURVE('',#2109,#2110,#1081,.T.);
#2618=EDGE_CURVE('',#2110,#2111,#1082,.T.);
#2619=EDGE_CURVE('',#2111,#2112,#1083,.T.);
#2620=EDGE_CURVE('',#2112,#2109,#1084,.T.);
#2621=EDGE_CURVE('',#1998,#2072,#1085,.T.);
#2622=EDGE_CURVE('',#1997,#2071,#1086,.T.);
#2623=EDGE_CURVE('',#2113,#2114,#1087,.T.);
#2624=EDGE_CURVE('',#2114,#2115,#1088,.T.);
#2625=EDGE_CURVE('',#2115,#2116,#1089,.T.);
#2626=EDGE_CURVE('',#2116,#2113,#1090,.T.);
#2627=EDGE_CURVE('',#2114,#2027,#1091,.T.);
#2628=EDGE_CURVE('',#2115,#2028,#1092,.T.);
#2629=EDGE_CURVE('',#2113,#2029,#1093,.T.);
#2630=EDGE_CURVE('',#2116,#2030,#1094,.T.);
#2631=EDGE_CURVE('',#2110,#2031,#1095,.T.);
#2632=EDGE_CURVE('',#2111,#2032,#1096,.T.);
#2633=EDGE_CURVE('',#2109,#2033,#1097,.T.);
#2634=EDGE_CURVE('',#2112,#2034,#1098,.T.);
#2635=EDGE_CURVE('',#2106,#2035,#1099,.T.);
#2636=EDGE_CURVE('',#2107,#2036,#1100,.T.);
#2637=EDGE_CURVE('',#2105,#2037,#1101,.T.);
#2638=EDGE_CURVE('',#2108,#2038,#1102,.T.);
#2639=EDGE_CURVE('',#2117,#2118,#1103,.T.);
#2640=EDGE_CURVE('',#2118,#2119,#1104,.T.);
#2641=EDGE_CURVE('',#2120,#2119,#1105,.T.);
#2642=EDGE_CURVE('',#2117,#2120,#1106,.T.);
#2643=EDGE_CURVE('',#2121,#2122,#1107,.T.);
#2644=EDGE_CURVE('',#2122,#2118,#1108,.T.);
#2645=EDGE_CURVE('',#2121,#2117,#1109,.T.);
#2646=EDGE_CURVE('',#2123,#2124,#1110,.T.);
#2647=EDGE_CURVE('',#2124,#2122,#1111,.T.);
#2648=EDGE_CURVE('',#2123,#2121,#1112,.T.);
#2649=EDGE_CURVE('',#2119,#2124,#1113,.T.);
#2650=EDGE_CURVE('',#2120,#2123,#1114,.T.);
#2651=EDGE_CURVE('',#2125,#2120,#130,.T.);
#2652=EDGE_CURVE('',#2126,#2125,#1115,.T.);
#2653=EDGE_CURVE('',#2126,#2117,#131,.T.);
#2654=EDGE_CURVE('',#2127,#2126,#1116,.T.);
#2655=EDGE_CURVE('',#2127,#2121,#132,.T.);
#2656=EDGE_CURVE('',#2128,#2127,#1117,.T.);
#2657=EDGE_CURVE('',#2128,#2123,#133,.T.);
#2658=EDGE_CURVE('',#2125,#2128,#1118,.T.);
#2659=EDGE_CURVE('',#2129,#2125,#1119,.T.);
#2660=EDGE_CURVE('',#2130,#2129,#1120,.T.);
#2661=EDGE_CURVE('',#2130,#2126,#1121,.T.);
#2662=EDGE_CURVE('',#2131,#2130,#1122,.T.);
#2663=EDGE_CURVE('',#2131,#2127,#1123,.T.);
#2664=EDGE_CURVE('',#2132,#2131,#1124,.T.);
#2665=EDGE_CURVE('',#2132,#2128,#1125,.T.);
#2666=EDGE_CURVE('',#2129,#2132,#1126,.T.);
#2667=EDGE_CURVE('',#2133,#2129,#134,.T.);
#2668=EDGE_CURVE('',#2134,#2133,#1127,.T.);
#2669=EDGE_CURVE('',#2134,#2130,#135,.T.);
#2670=EDGE_CURVE('',#2135,#2134,#1128,.T.);
#2671=EDGE_CURVE('',#2135,#2131,#136,.T.);
#2672=EDGE_CURVE('',#2136,#2135,#1129,.T.);
#2673=EDGE_CURVE('',#2136,#2132,#137,.T.);
#2674=EDGE_CURVE('',#2133,#2136,#1130,.T.);
#2675=EDGE_CURVE('',#2137,#2133,#1131,.T.);
#2676=EDGE_CURVE('',#2138,#2137,#1132,.T.);
#2677=EDGE_CURVE('',#2138,#2134,#1133,.T.);
#2678=EDGE_CURVE('',#2139,#2138,#1134,.T.);
#2679=EDGE_CURVE('',#2139,#2135,#1135,.T.);
#2680=EDGE_CURVE('',#2140,#2139,#1136,.T.);
#2681=EDGE_CURVE('',#2140,#2136,#1137,.T.);
#2682=EDGE_CURVE('',#2137,#2140,#1138,.T.);
#2683=EDGE_CURVE('',#2141,#2137,#138,.T.);
#2684=EDGE_CURVE('',#2142,#2141,#1139,.T.);
#2685=EDGE_CURVE('',#2142,#2138,#139,.T.);
#2686=EDGE_CURVE('',#2143,#2142,#1140,.T.);
#2687=EDGE_CURVE('',#2143,#2139,#140,.T.);
#2688=EDGE_CURVE('',#2144,#2143,#1141,.T.);
#2689=EDGE_CURVE('',#2144,#2140,#141,.T.);
#2690=EDGE_CURVE('',#2141,#2144,#1142,.T.);
#2691=EDGE_CURVE('',#2145,#2141,#1143,.T.);
#2692=EDGE_CURVE('',#2145,#2146,#1144,.T.);
#2693=EDGE_CURVE('',#2146,#2142,#1145,.T.);
#2694=EDGE_CURVE('',#2146,#2147,#1146,.T.);
#2695=EDGE_CURVE('',#2147,#2143,#1147,.T.);
#2696=EDGE_CURVE('',#2147,#2148,#1148,.T.);
#2697=EDGE_CURVE('',#2148,#2144,#1149,.T.);
#2698=EDGE_CURVE('',#2148,#2145,#1150,.T.);
#2699=EDGE_CURVE('',#2149,#2150,#1151,.T.);
#2700=EDGE_CURVE('',#2150,#2151,#1152,.T.);
#2701=EDGE_CURVE('',#2151,#2152,#1153,.T.);
#2702=EDGE_CURVE('',#2152,#2149,#1154,.T.);
#2703=EDGE_CURVE('',#2153,#2154,#1155,.T.);
#2704=EDGE_CURVE('',#2154,#2155,#1156,.T.);
#2705=EDGE_CURVE('',#2155,#2156,#1157,.T.);
#2706=EDGE_CURVE('',#2156,#2153,#1158,.T.);
#2707=EDGE_CURVE('',#2149,#2124,#1159,.T.);
#2708=EDGE_CURVE('',#2122,#2152,#1160,.T.);
#2709=EDGE_CURVE('',#2118,#2151,#1161,.T.);
#2710=EDGE_CURVE('',#2150,#2119,#1162,.T.);
#2711=EDGE_CURVE('',#2146,#2156,#1163,.T.);
#2712=EDGE_CURVE('',#2153,#2145,#1164,.T.);
#2713=EDGE_CURVE('',#2154,#2148,#1165,.T.);
#2714=EDGE_CURVE('',#2147,#2155,#1166,.T.);
#2715=EDGE_CURVE('',#2157,#2158,#1167,.T.);
#2716=EDGE_CURVE('',#2158,#2159,#1168,.T.);
#2717=EDGE_CURVE('',#2160,#2159,#1169,.T.);
#2718=EDGE_CURVE('',#2157,#2160,#1170,.T.);
#2719=EDGE_CURVE('',#2161,#2162,#1171,.T.);
#2720=EDGE_CURVE('',#2162,#2158,#1172,.T.);
#2721=EDGE_CURVE('',#2161,#2157,#1173,.T.);
#2722=EDGE_CURVE('',#2163,#2164,#1174,.T.);
#2723=EDGE_CURVE('',#2164,#2162,#1175,.T.);
#2724=EDGE_CURVE('',#2163,#2161,#1176,.T.);
#2725=EDGE_CURVE('',#2159,#2164,#1177,.T.);
#2726=EDGE_CURVE('',#2160,#2163,#1178,.T.);
#2727=EDGE_CURVE('',#2165,#2160,#142,.T.);
#2728=EDGE_CURVE('',#2166,#2165,#1179,.T.);
#2729=EDGE_CURVE('',#2166,#2157,#143,.T.);
#2730=EDGE_CURVE('',#2167,#2166,#1180,.T.);
#2731=EDGE_CURVE('',#2167,#2161,#144,.T.);
#2732=EDGE_CURVE('',#2168,#2167,#1181,.T.);
#2733=EDGE_CURVE('',#2168,#2163,#145,.T.);
#2734=EDGE_CURVE('',#2165,#2168,#1182,.T.);
#2735=EDGE_CURVE('',#2169,#2165,#1183,.T.);
#2736=EDGE_CURVE('',#2170,#2169,#1184,.T.);
#2737=EDGE_CURVE('',#2170,#2166,#1185,.T.);
#2738=EDGE_CURVE('',#2171,#2170,#1186,.T.);
#2739=EDGE_CURVE('',#2171,#2167,#1187,.T.);
#2740=EDGE_CURVE('',#2172,#2171,#1188,.T.);
#2741=EDGE_CURVE('',#2172,#2168,#1189,.T.);
#2742=EDGE_CURVE('',#2169,#2172,#1190,.T.);
#2743=EDGE_CURVE('',#2173,#2169,#146,.T.);
#2744=EDGE_CURVE('',#2174,#2173,#1191,.T.);
#2745=EDGE_CURVE('',#2174,#2170,#147,.T.);
#2746=EDGE_CURVE('',#2175,#2174,#1192,.T.);
#2747=EDGE_CURVE('',#2175,#2171,#148,.T.);
#2748=EDGE_CURVE('',#2176,#2175,#1193,.T.);
#2749=EDGE_CURVE('',#2176,#2172,#149,.T.);
#2750=EDGE_CURVE('',#2173,#2176,#1194,.T.);
#2751=EDGE_CURVE('',#2177,#2173,#1195,.T.);
#2752=EDGE_CURVE('',#2178,#2177,#1196,.T.);
#2753=EDGE_CURVE('',#2178,#2174,#1197,.T.);
#2754=EDGE_CURVE('',#2179,#2178,#1198,.T.);
#2755=EDGE_CURVE('',#2179,#2175,#1199,.T.);
#2756=EDGE_CURVE('',#2180,#2179,#1200,.T.);
#2757=EDGE_CURVE('',#2180,#2176,#1201,.T.);
#2758=EDGE_CURVE('',#2177,#2180,#1202,.T.);
#2759=EDGE_CURVE('',#2181,#2177,#150,.T.);
#2760=EDGE_CURVE('',#2182,#2181,#1203,.T.);
#2761=EDGE_CURVE('',#2182,#2178,#151,.T.);
#2762=EDGE_CURVE('',#2183,#2182,#1204,.T.);
#2763=EDGE_CURVE('',#2183,#2179,#152,.T.);
#2764=EDGE_CURVE('',#2184,#2183,#1205,.T.);
#2765=EDGE_CURVE('',#2184,#2180,#153,.T.);
#2766=EDGE_CURVE('',#2181,#2184,#1206,.T.);
#2767=EDGE_CURVE('',#2185,#2181,#1207,.T.);
#2768=EDGE_CURVE('',#2185,#2186,#1208,.T.);
#2769=EDGE_CURVE('',#2186,#2182,#1209,.T.);
#2770=EDGE_CURVE('',#2186,#2187,#1210,.T.);
#2771=EDGE_CURVE('',#2187,#2183,#1211,.T.);
#2772=EDGE_CURVE('',#2187,#2188,#1212,.T.);
#2773=EDGE_CURVE('',#2188,#2184,#1213,.T.);
#2774=EDGE_CURVE('',#2188,#2185,#1214,.T.);
#2775=EDGE_CURVE('',#2189,#2190,#1215,.T.);
#2776=EDGE_CURVE('',#2190,#2191,#1216,.T.);
#2777=EDGE_CURVE('',#2191,#2192,#1217,.T.);
#2778=EDGE_CURVE('',#2192,#2189,#1218,.T.);
#2779=EDGE_CURVE('',#2193,#2194,#1219,.T.);
#2780=EDGE_CURVE('',#2194,#2195,#1220,.T.);
#2781=EDGE_CURVE('',#2195,#2196,#1221,.T.);
#2782=EDGE_CURVE('',#2196,#2193,#1222,.T.);
#2783=EDGE_CURVE('',#2189,#2164,#1223,.T.);
#2784=EDGE_CURVE('',#2162,#2192,#1224,.T.);
#2785=EDGE_CURVE('',#2158,#2191,#1225,.T.);
#2786=EDGE_CURVE('',#2190,#2159,#1226,.T.);
#2787=EDGE_CURVE('',#2186,#2196,#1227,.T.);
#2788=EDGE_CURVE('',#2193,#2185,#1228,.T.);
#2789=EDGE_CURVE('',#2194,#2188,#1229,.T.);
#2790=EDGE_CURVE('',#2187,#2195,#1230,.T.);
#2791=EDGE_CURVE('',#2197,#2198,#1231,.T.);
#2792=EDGE_CURVE('',#2198,#2199,#1232,.T.);
#2793=EDGE_CURVE('',#2200,#2199,#1233,.T.);
#2794=EDGE_CURVE('',#2197,#2200,#1234,.T.);
#2795=EDGE_CURVE('',#2201,#2202,#1235,.T.);
#2796=EDGE_CURVE('',#2202,#2198,#1236,.T.);
#2797=EDGE_CURVE('',#2201,#2197,#1237,.T.);
#2798=EDGE_CURVE('',#2203,#2204,#1238,.T.);
#2799=EDGE_CURVE('',#2204,#2202,#1239,.T.);
#2800=EDGE_CURVE('',#2203,#2201,#1240,.T.);
#2801=EDGE_CURVE('',#2199,#2204,#1241,.T.);
#2802=EDGE_CURVE('',#2200,#2203,#1242,.T.);
#2803=EDGE_CURVE('',#2205,#2200,#154,.T.);
#2804=EDGE_CURVE('',#2206,#2205,#1243,.T.);
#2805=EDGE_CURVE('',#2206,#2197,#155,.T.);
#2806=EDGE_CURVE('',#2207,#2206,#1244,.T.);
#2807=EDGE_CURVE('',#2207,#2201,#156,.T.);
#2808=EDGE_CURVE('',#2208,#2207,#1245,.T.);
#2809=EDGE_CURVE('',#2208,#2203,#157,.T.);
#2810=EDGE_CURVE('',#2205,#2208,#1246,.T.);
#2811=EDGE_CURVE('',#2209,#2205,#1247,.T.);
#2812=EDGE_CURVE('',#2210,#2209,#1248,.T.);
#2813=EDGE_CURVE('',#2210,#2206,#1249,.T.);
#2814=EDGE_CURVE('',#2211,#2210,#1250,.T.);
#2815=EDGE_CURVE('',#2211,#2207,#1251,.T.);
#2816=EDGE_CURVE('',#2212,#2211,#1252,.T.);
#2817=EDGE_CURVE('',#2212,#2208,#1253,.T.);
#2818=EDGE_CURVE('',#2209,#2212,#1254,.T.);
#2819=EDGE_CURVE('',#2213,#2209,#158,.T.);
#2820=EDGE_CURVE('',#2214,#2213,#1255,.T.);
#2821=EDGE_CURVE('',#2214,#2210,#159,.T.);
#2822=EDGE_CURVE('',#2215,#2214,#1256,.T.);
#2823=EDGE_CURVE('',#2215,#2211,#160,.T.);
#2824=EDGE_CURVE('',#2216,#2215,#1257,.T.);
#2825=EDGE_CURVE('',#2216,#2212,#161,.T.);
#2826=EDGE_CURVE('',#2213,#2216,#1258,.T.);
#2827=EDGE_CURVE('',#2217,#2213,#1259,.T.);
#2828=EDGE_CURVE('',#2218,#2217,#1260,.T.);
#2829=EDGE_CURVE('',#2218,#2214,#1261,.T.);
#2830=EDGE_CURVE('',#2219,#2218,#1262,.T.);
#2831=EDGE_CURVE('',#2219,#2215,#1263,.T.);
#2832=EDGE_CURVE('',#2220,#2219,#1264,.T.);
#2833=EDGE_CURVE('',#2220,#2216,#1265,.T.);
#2834=EDGE_CURVE('',#2217,#2220,#1266,.T.);
#2835=EDGE_CURVE('',#2221,#2217,#162,.T.);
#2836=EDGE_CURVE('',#2222,#2221,#1267,.T.);
#2837=EDGE_CURVE('',#2222,#2218,#163,.T.);
#2838=EDGE_CURVE('',#2223,#2222,#1268,.T.);
#2839=EDGE_CURVE('',#2223,#2219,#164,.T.);
#2840=EDGE_CURVE('',#2224,#2223,#1269,.T.);
#2841=EDGE_CURVE('',#2224,#2220,#165,.T.);
#2842=EDGE_CURVE('',#2221,#2224,#1270,.T.);
#2843=EDGE_CURVE('',#2225,#2221,#1271,.T.);
#2844=EDGE_CURVE('',#2225,#2226,#1272,.T.);
#2845=EDGE_CURVE('',#2226,#2222,#1273,.T.);
#2846=EDGE_CURVE('',#2226,#2227,#1274,.T.);
#2847=EDGE_CURVE('',#2227,#2223,#1275,.T.);
#2848=EDGE_CURVE('',#2227,#2228,#1276,.T.);
#2849=EDGE_CURVE('',#2228,#2224,#1277,.T.);
#2850=EDGE_CURVE('',#2228,#2225,#1278,.T.);
#2851=EDGE_CURVE('',#2229,#2230,#1279,.T.);
#2852=EDGE_CURVE('',#2230,#2231,#1280,.T.);
#2853=EDGE_CURVE('',#2231,#2232,#1281,.T.);
#2854=EDGE_CURVE('',#2232,#2229,#1282,.T.);
#2855=EDGE_CURVE('',#2233,#2234,#1283,.T.);
#2856=EDGE_CURVE('',#2234,#2235,#1284,.T.);
#2857=EDGE_CURVE('',#2235,#2236,#1285,.T.);
#2858=EDGE_CURVE('',#2236,#2233,#1286,.T.);
#2859=EDGE_CURVE('',#2229,#2204,#1287,.T.);
#2860=EDGE_CURVE('',#2202,#2232,#1288,.T.);
#2861=EDGE_CURVE('',#2198,#2231,#1289,.T.);
#2862=EDGE_CURVE('',#2230,#2199,#1290,.T.);
#2863=EDGE_CURVE('',#2226,#2236,#1291,.T.);
#2864=EDGE_CURVE('',#2233,#2225,#1292,.T.);
#2865=EDGE_CURVE('',#2234,#2228,#1293,.T.);
#2866=EDGE_CURVE('',#2227,#2235,#1294,.T.);
#2867=EDGE_CURVE('',#2237,#2238,#1295,.T.);
#2868=EDGE_CURVE('',#2238,#2239,#1296,.T.);
#2869=EDGE_CURVE('',#2240,#2239,#1297,.T.);
#2870=EDGE_CURVE('',#2237,#2240,#1298,.T.);
#2871=EDGE_CURVE('',#2241,#2237,#1299,.T.);
#2872=EDGE_CURVE('',#2242,#2240,#1300,.T.);
#2873=EDGE_CURVE('',#2241,#2242,#1301,.T.);
#2874=EDGE_CURVE('',#2243,#2241,#1302,.T.);
#2875=EDGE_CURVE('',#2244,#2242,#1303,.T.);
#2876=EDGE_CURVE('',#2243,#2244,#1304,.T.);
#2877=EDGE_CURVE('',#2238,#2243,#1305,.T.);
#2878=EDGE_CURVE('',#2239,#2244,#1306,.T.);
#2879=ORIENTED_EDGE('',*,*,#2245,.F.);
#2880=ORIENTED_EDGE('',*,*,#2246,.F.);
#2881=ORIENTED_EDGE('',*,*,#2247,.F.);
#2882=ORIENTED_EDGE('',*,*,#2248,.F.);
#2883=ORIENTED_EDGE('',*,*,#2249,.F.);
#2884=ORIENTED_EDGE('',*,*,#2250,.F.);
#2885=ORIENTED_EDGE('',*,*,#2251,.F.);
#2886=ORIENTED_EDGE('',*,*,#2252,.F.);
#2887=ORIENTED_EDGE('',*,*,#2253,.T.);
#2888=ORIENTED_EDGE('',*,*,#2254,.F.);
#2889=ORIENTED_EDGE('',*,*,#2255,.F.);
#2890=ORIENTED_EDGE('',*,*,#2256,.F.);
#2891=ORIENTED_EDGE('',*,*,#2257,.T.);
#2892=ORIENTED_EDGE('',*,*,#2258,.F.);
#2893=ORIENTED_EDGE('',*,*,#2253,.F.);
#2894=ORIENTED_EDGE('',*,*,#2259,.F.);
#2895=ORIENTED_EDGE('',*,*,#2260,.T.);
#2896=ORIENTED_EDGE('',*,*,#2261,.F.);
#2897=ORIENTED_EDGE('',*,*,#2257,.F.);
#2898=ORIENTED_EDGE('',*,*,#2262,.F.);
#2899=ORIENTED_EDGE('',*,*,#2255,.T.);
#2900=ORIENTED_EDGE('',*,*,#2263,.F.);
#2901=ORIENTED_EDGE('',*,*,#2260,.F.);
#2902=ORIENTED_EDGE('',*,*,#2264,.F.);
#2903=ORIENTED_EDGE('',*,*,#2265,.T.);
#2904=ORIENTED_EDGE('',*,*,#2266,.F.);
#2905=ORIENTED_EDGE('',*,*,#2267,.F.);
#2906=ORIENTED_EDGE('',*,*,#2254,.T.);
#2907=ORIENTED_EDGE('',*,*,#2268,.T.);
#2908=ORIENTED_EDGE('',*,*,#2269,.F.);
#2909=ORIENTED_EDGE('',*,*,#2265,.F.);
#2910=ORIENTED_EDGE('',*,*,#2258,.T.);
#2911=ORIENTED_EDGE('',*,*,#2270,.T.);
#2912=ORIENTED_EDGE('',*,*,#2271,.F.);
#2913=ORIENTED_EDGE('',*,*,#2268,.F.);
#2914=ORIENTED_EDGE('',*,*,#2261,.T.);
#2915=ORIENTED_EDGE('',*,*,#2272,.F.);
#2916=ORIENTED_EDGE('',*,*,#2270,.F.);
#2917=ORIENTED_EDGE('',*,*,#2263,.T.);
#2918=ORIENTED_EDGE('',*,*,#2267,.T.);
#2919=ORIENTED_EDGE('',*,*,#2273,.T.);
#2920=ORIENTED_EDGE('',*,*,#2274,.F.);
#2921=ORIENTED_EDGE('',*,*,#2275,.F.);
#2922=ORIENTED_EDGE('',*,*,#2266,.T.);
#2923=ORIENTED_EDGE('',*,*,#2276,.T.);
#2924=ORIENTED_EDGE('',*,*,#2277,.F.);
#2925=ORIENTED_EDGE('',*,*,#2273,.F.);
#2926=ORIENTED_EDGE('',*,*,#2269,.T.);
#2927=ORIENTED_EDGE('',*,*,#2278,.T.);
#2928=ORIENTED_EDGE('',*,*,#2279,.F.);
#2929=ORIENTED_EDGE('',*,*,#2276,.F.);
#2930=ORIENTED_EDGE('',*,*,#2271,.T.);
#2931=ORIENTED_EDGE('',*,*,#2280,.F.);
#2932=ORIENTED_EDGE('',*,*,#2278,.F.);
#2933=ORIENTED_EDGE('',*,*,#2272,.T.);
#2934=ORIENTED_EDGE('',*,*,#2275,.T.);
#2935=ORIENTED_EDGE('',*,*,#2281,.T.);
#2936=ORIENTED_EDGE('',*,*,#2282,.F.);
#2937=ORIENTED_EDGE('',*,*,#2283,.F.);
#2938=ORIENTED_EDGE('',*,*,#2274,.T.);
#2939=ORIENTED_EDGE('',*,*,#2284,.T.);
#2940=ORIENTED_EDGE('',*,*,#2285,.F.);
#2941=ORIENTED_EDGE('',*,*,#2281,.F.);
#2942=ORIENTED_EDGE('',*,*,#2277,.T.);
#2943=ORIENTED_EDGE('',*,*,#2286,.T.);
#2944=ORIENTED_EDGE('',*,*,#2287,.F.);
#2945=ORIENTED_EDGE('',*,*,#2284,.F.);
#2946=ORIENTED_EDGE('',*,*,#2279,.T.);
#2947=ORIENTED_EDGE('',*,*,#2288,.F.);
#2948=ORIENTED_EDGE('',*,*,#2286,.F.);
#2949=ORIENTED_EDGE('',*,*,#2280,.T.);
#2950=ORIENTED_EDGE('',*,*,#2283,.T.);
#2951=ORIENTED_EDGE('',*,*,#2289,.T.);
#2952=ORIENTED_EDGE('',*,*,#2290,.F.);
#2953=ORIENTED_EDGE('',*,*,#2291,.F.);
#2954=ORIENTED_EDGE('',*,*,#2282,.T.);
#2955=ORIENTED_EDGE('',*,*,#2292,.T.);
#2956=ORIENTED_EDGE('',*,*,#2293,.F.);
#2957=ORIENTED_EDGE('',*,*,#2289,.F.);
#2958=ORIENTED_EDGE('',*,*,#2285,.T.);
#2959=ORIENTED_EDGE('',*,*,#2294,.T.);
#2960=ORIENTED_EDGE('',*,*,#2295,.F.);
#2961=ORIENTED_EDGE('',*,*,#2292,.F.);
#2962=ORIENTED_EDGE('',*,*,#2287,.T.);
#2963=ORIENTED_EDGE('',*,*,#2296,.F.);
#2964=ORIENTED_EDGE('',*,*,#2294,.F.);
#2965=ORIENTED_EDGE('',*,*,#2288,.T.);
#2966=ORIENTED_EDGE('',*,*,#2291,.T.);
#2967=ORIENTED_EDGE('',*,*,#2297,.T.);
#2968=ORIENTED_EDGE('',*,*,#2298,.F.);
#2969=ORIENTED_EDGE('',*,*,#2299,.F.);
#2970=ORIENTED_EDGE('',*,*,#2290,.T.);
#2971=ORIENTED_EDGE('',*,*,#2300,.T.);
#2972=ORIENTED_EDGE('',*,*,#2301,.F.);
#2973=ORIENTED_EDGE('',*,*,#2297,.F.);
#2974=ORIENTED_EDGE('',*,*,#2293,.T.);
#2975=ORIENTED_EDGE('',*,*,#2302,.T.);
#2976=ORIENTED_EDGE('',*,*,#2303,.F.);
#2977=ORIENTED_EDGE('',*,*,#2300,.F.);
#2978=ORIENTED_EDGE('',*,*,#2295,.T.);
#2979=ORIENTED_EDGE('',*,*,#2304,.F.);
#2980=ORIENTED_EDGE('',*,*,#2302,.F.);
#2981=ORIENTED_EDGE('',*,*,#2296,.T.);
#2982=ORIENTED_EDGE('',*,*,#2299,.T.);
#2983=ORIENTED_EDGE('',*,*,#2305,.F.);
#2984=ORIENTED_EDGE('',*,*,#2298,.T.);
#2985=ORIENTED_EDGE('',*,*,#2306,.T.);
#2986=ORIENTED_EDGE('',*,*,#2307,.F.);
#2987=ORIENTED_EDGE('',*,*,#2306,.F.);
#2988=ORIENTED_EDGE('',*,*,#2301,.T.);
#2989=ORIENTED_EDGE('',*,*,#2308,.T.);
#2990=ORIENTED_EDGE('',*,*,#2309,.F.);
#2991=ORIENTED_EDGE('',*,*,#2308,.F.);
#2992=ORIENTED_EDGE('',*,*,#2303,.T.);
#2993=ORIENTED_EDGE('',*,*,#2310,.T.);
#2994=ORIENTED_EDGE('',*,*,#2311,.F.);
#2995=ORIENTED_EDGE('',*,*,#2310,.F.);
#2996=ORIENTED_EDGE('',*,*,#2304,.T.);
#2997=ORIENTED_EDGE('',*,*,#2305,.T.);
#2998=ORIENTED_EDGE('',*,*,#2312,.F.);
#2999=ORIENTED_EDGE('',*,*,#2313,.T.);
#3000=ORIENTED_EDGE('',*,*,#2309,.T.);
#3001=ORIENTED_EDGE('',*,*,#2314,.T.);
#3002=ORIENTED_EDGE('',*,*,#2250,.T.);
#3003=ORIENTED_EDGE('',*,*,#2314,.F.);
#3004=ORIENTED_EDGE('',*,*,#2311,.T.);
#3005=ORIENTED_EDGE('',*,*,#2315,.T.);
#3006=ORIENTED_EDGE('',*,*,#2251,.T.);
#3007=ORIENTED_EDGE('',*,*,#2313,.F.);
#3008=ORIENTED_EDGE('',*,*,#2249,.T.);
#3009=ORIENTED_EDGE('',*,*,#2316,.T.);
#3010=ORIENTED_EDGE('',*,*,#2307,.T.);
#3011=ORIENTED_EDGE('',*,*,#2315,.F.);
#3012=ORIENTED_EDGE('',*,*,#2312,.T.);
#3013=ORIENTED_EDGE('',*,*,#2316,.F.);
#3014=ORIENTED_EDGE('',*,*,#2252,.T.);
#3015=ORIENTED_EDGE('',*,*,#2317,.T.);
#3016=ORIENTED_EDGE('',*,*,#2246,.T.);
#3017=ORIENTED_EDGE('',*,*,#2318,.T.);
#3018=ORIENTED_EDGE('',*,*,#2264,.T.);
#3019=ORIENTED_EDGE('',*,*,#2318,.F.);
#3020=ORIENTED_EDGE('',*,*,#2245,.T.);
#3021=ORIENTED_EDGE('',*,*,#2319,.T.);
#3022=ORIENTED_EDGE('',*,*,#2256,.T.);
#3023=ORIENTED_EDGE('',*,*,#2317,.F.);
#3024=ORIENTED_EDGE('',*,*,#2262,.T.);
#3025=ORIENTED_EDGE('',*,*,#2320,.T.);
#3026=ORIENTED_EDGE('',*,*,#2247,.T.);
#3027=ORIENTED_EDGE('',*,*,#2319,.F.);
#3028=ORIENTED_EDGE('',*,*,#2248,.T.);
#3029=ORIENTED_EDGE('',*,*,#2320,.F.);
#3030=ORIENTED_EDGE('',*,*,#2259,.T.);
#3031=ORIENTED_EDGE('',*,*,#2321,.T.);
#3032=ORIENTED_EDGE('',*,*,#2322,.T.);
#3033=ORIENTED_EDGE('',*,*,#2323,.F.);
#3034=ORIENTED_EDGE('',*,*,#2324,.F.);
#3035=ORIENTED_EDGE('',*,*,#2325,.T.);
#3036=ORIENTED_EDGE('',*,*,#2326,.T.);
#3037=ORIENTED_EDGE('',*,*,#2321,.F.);
#3038=ORIENTED_EDGE('',*,*,#2327,.F.);
#3039=ORIENTED_EDGE('',*,*,#2328,.T.);
#3040=ORIENTED_EDGE('',*,*,#2329,.T.);
#3041=ORIENTED_EDGE('',*,*,#2325,.F.);
#3042=ORIENTED_EDGE('',*,*,#2330,.F.);
#3043=ORIENTED_EDGE('',*,*,#2323,.T.);
#3044=ORIENTED_EDGE('',*,*,#2331,.T.);
#3045=ORIENTED_EDGE('',*,*,#2328,.F.);
#3046=ORIENTED_EDGE('',*,*,#2332,.F.);
#3047=ORIENTED_EDGE('',*,*,#2324,.T.);
#3048=ORIENTED_EDGE('',*,*,#2333,.F.);
#3049=ORIENTED_EDGE('',*,*,#2334,.F.);
#3050=ORIENTED_EDGE('',*,*,#2335,.T.);
#3051=ORIENTED_EDGE('',*,*,#2335,.F.);
#3052=ORIENTED_EDGE('',*,*,#2336,.F.);
#3053=ORIENTED_EDGE('',*,*,#2337,.T.);
#3054=ORIENTED_EDGE('',*,*,#2327,.T.);
#3055=ORIENTED_EDGE('',*,*,#2337,.F.);
#3056=ORIENTED_EDGE('',*,*,#2338,.F.);
#3057=ORIENTED_EDGE('',*,*,#2339,.T.);
#3058=ORIENTED_EDGE('',*,*,#2330,.T.);
#3059=ORIENTED_EDGE('',*,*,#2339,.F.);
#3060=ORIENTED_EDGE('',*,*,#2340,.F.);
#3061=ORIENTED_EDGE('',*,*,#2333,.T.);
#3062=ORIENTED_EDGE('',*,*,#2332,.T.);
#3063=ORIENTED_EDGE('',*,*,#2334,.T.);
#3064=ORIENTED_EDGE('',*,*,#2341,.F.);
#3065=ORIENTED_EDGE('',*,*,#2342,.F.);
#3066=ORIENTED_EDGE('',*,*,#2343,.T.);
#3067=ORIENTED_EDGE('',*,*,#2343,.F.);
#3068=ORIENTED_EDGE('',*,*,#2344,.F.);
#3069=ORIENTED_EDGE('',*,*,#2345,.T.);
#3070=ORIENTED_EDGE('',*,*,#2336,.T.);
#3071=ORIENTED_EDGE('',*,*,#2345,.F.);
#3072=ORIENTED_EDGE('',*,*,#2346,.F.);
#3073=ORIENTED_EDGE('',*,*,#2347,.T.);
#3074=ORIENTED_EDGE('',*,*,#2338,.T.);
#3075=ORIENTED_EDGE('',*,*,#2347,.F.);
#3076=ORIENTED_EDGE('',*,*,#2348,.F.);
#3077=ORIENTED_EDGE('',*,*,#2341,.T.);
#3078=ORIENTED_EDGE('',*,*,#2340,.T.);
#3079=ORIENTED_EDGE('',*,*,#2342,.T.);
#3080=ORIENTED_EDGE('',*,*,#2349,.F.);
#3081=ORIENTED_EDGE('',*,*,#2350,.F.);
#3082=ORIENTED_EDGE('',*,*,#2351,.T.);
#3083=ORIENTED_EDGE('',*,*,#2351,.F.);
#3084=ORIENTED_EDGE('',*,*,#2352,.F.);
#3085=ORIENTED_EDGE('',*,*,#2353,.T.);
#3086=ORIENTED_EDGE('',*,*,#2344,.T.);
#3087=ORIENTED_EDGE('',*,*,#2353,.F.);
#3088=ORIENTED_EDGE('',*,*,#2354,.F.);
#3089=ORIENTED_EDGE('',*,*,#2355,.T.);
#3090=ORIENTED_EDGE('',*,*,#2346,.T.);
#3091=ORIENTED_EDGE('',*,*,#2355,.F.);
#3092=ORIENTED_EDGE('',*,*,#2356,.F.);
#3093=ORIENTED_EDGE('',*,*,#2349,.T.);
#3094=ORIENTED_EDGE('',*,*,#2348,.T.);
#3095=ORIENTED_EDGE('',*,*,#2350,.T.);
#3096=ORIENTED_EDGE('',*,*,#2357,.F.);
#3097=ORIENTED_EDGE('',*,*,#2358,.F.);
#3098=ORIENTED_EDGE('',*,*,#2359,.T.);
#3099=ORIENTED_EDGE('',*,*,#2359,.F.);
#3100=ORIENTED_EDGE('',*,*,#2360,.F.);
#3101=ORIENTED_EDGE('',*,*,#2361,.T.);
#3102=ORIENTED_EDGE('',*,*,#2352,.T.);
#3103=ORIENTED_EDGE('',*,*,#2361,.F.);
#3104=ORIENTED_EDGE('',*,*,#2362,.F.);
#3105=ORIENTED_EDGE('',*,*,#2363,.T.);
#3106=ORIENTED_EDGE('',*,*,#2354,.T.);
#3107=ORIENTED_EDGE('',*,*,#2363,.F.);
#3108=ORIENTED_EDGE('',*,*,#2364,.F.);
#3109=ORIENTED_EDGE('',*,*,#2357,.T.);
#3110=ORIENTED_EDGE('',*,*,#2356,.T.);
#3111=ORIENTED_EDGE('',*,*,#2358,.T.);
#3112=ORIENTED_EDGE('',*,*,#2365,.F.);
#3113=ORIENTED_EDGE('',*,*,#2366,.F.);
#3114=ORIENTED_EDGE('',*,*,#2367,.T.);
#3115=ORIENTED_EDGE('',*,*,#2367,.F.);
#3116=ORIENTED_EDGE('',*,*,#2368,.F.);
#3117=ORIENTED_EDGE('',*,*,#2369,.T.);
#3118=ORIENTED_EDGE('',*,*,#2360,.T.);
#3119=ORIENTED_EDGE('',*,*,#2369,.F.);
#3120=ORIENTED_EDGE('',*,*,#2370,.F.);
#3121=ORIENTED_EDGE('',*,*,#2371,.T.);
#3122=ORIENTED_EDGE('',*,*,#2362,.T.);
#3123=ORIENTED_EDGE('',*,*,#2371,.F.);
#3124=ORIENTED_EDGE('',*,*,#2372,.F.);
#3125=ORIENTED_EDGE('',*,*,#2365,.T.);
#3126=ORIENTED_EDGE('',*,*,#2364,.T.);
#3127=ORIENTED_EDGE('',*,*,#2373,.F.);
#3128=ORIENTED_EDGE('',*,*,#2374,.T.);
#3129=ORIENTED_EDGE('',*,*,#2375,.T.);
#3130=ORIENTED_EDGE('',*,*,#2366,.T.);
#3131=ORIENTED_EDGE('',*,*,#2375,.F.);
#3132=ORIENTED_EDGE('',*,*,#2376,.T.);
#3133=ORIENTED_EDGE('',*,*,#2377,.T.);
#3134=ORIENTED_EDGE('',*,*,#2368,.T.);
#3135=ORIENTED_EDGE('',*,*,#2377,.F.);
#3136=ORIENTED_EDGE('',*,*,#2378,.T.);
#3137=ORIENTED_EDGE('',*,*,#2379,.T.);
#3138=ORIENTED_EDGE('',*,*,#2370,.T.);
#3139=ORIENTED_EDGE('',*,*,#2379,.F.);
#3140=ORIENTED_EDGE('',*,*,#2380,.T.);
#3141=ORIENTED_EDGE('',*,*,#2373,.T.);
#3142=ORIENTED_EDGE('',*,*,#2372,.T.);
#3143=ORIENTED_EDGE('',*,*,#2381,.T.);
#3144=ORIENTED_EDGE('',*,*,#2382,.T.);
#3145=ORIENTED_EDGE('',*,*,#2383,.T.);
#3146=ORIENTED_EDGE('',*,*,#2384,.T.);
#3147=ORIENTED_EDGE('',*,*,#2385,.T.);
#3148=ORIENTED_EDGE('',*,*,#2386,.T.);
#3149=ORIENTED_EDGE('',*,*,#2387,.T.);
#3150=ORIENTED_EDGE('',*,*,#2388,.T.);
#3151=ORIENTED_EDGE('',*,*,#2389,.F.);
#3152=ORIENTED_EDGE('',*,*,#2384,.F.);
#3153=ORIENTED_EDGE('',*,*,#2390,.F.);
#3154=ORIENTED_EDGE('',*,*,#2329,.F.);
#3155=ORIENTED_EDGE('',*,*,#2390,.T.);
#3156=ORIENTED_EDGE('',*,*,#2383,.F.);
#3157=ORIENTED_EDGE('',*,*,#2391,.F.);
#3158=ORIENTED_EDGE('',*,*,#2326,.F.);
#3159=ORIENTED_EDGE('',*,*,#2389,.T.);
#3160=ORIENTED_EDGE('',*,*,#2331,.F.);
#3161=ORIENTED_EDGE('',*,*,#2392,.F.);
#3162=ORIENTED_EDGE('',*,*,#2381,.F.);
#3163=ORIENTED_EDGE('',*,*,#2391,.T.);
#3164=ORIENTED_EDGE('',*,*,#2382,.F.);
#3165=ORIENTED_EDGE('',*,*,#2392,.T.);
#3166=ORIENTED_EDGE('',*,*,#2322,.F.);
#3167=ORIENTED_EDGE('',*,*,#2393,.F.);
#3168=ORIENTED_EDGE('',*,*,#2374,.F.);
#3169=ORIENTED_EDGE('',*,*,#2394,.F.);
#3170=ORIENTED_EDGE('',*,*,#2388,.F.);
#3171=ORIENTED_EDGE('',*,*,#2394,.T.);
#3172=ORIENTED_EDGE('',*,*,#2380,.F.);
#3173=ORIENTED_EDGE('',*,*,#2395,.F.);
#3174=ORIENTED_EDGE('',*,*,#2385,.F.);
#3175=ORIENTED_EDGE('',*,*,#2393,.T.);
#3176=ORIENTED_EDGE('',*,*,#2387,.F.);
#3177=ORIENTED_EDGE('',*,*,#2396,.F.);
#3178=ORIENTED_EDGE('',*,*,#2376,.F.);
#3179=ORIENTED_EDGE('',*,*,#2395,.T.);
#3180=ORIENTED_EDGE('',*,*,#2378,.F.);
#3181=ORIENTED_EDGE('',*,*,#2396,.T.);
#3182=ORIENTED_EDGE('',*,*,#2386,.F.);
#3183=ORIENTED_EDGE('',*,*,#2397,.T.);
#3184=ORIENTED_EDGE('',*,*,#2398,.F.);
#3185=ORIENTED_EDGE('',*,*,#2399,.F.);
#3186=ORIENTED_EDGE('',*,*,#2400,.T.);
#3187=ORIENTED_EDGE('',*,*,#2401,.F.);
#3188=ORIENTED_EDGE('',*,*,#2402,.T.);
#3189=ORIENTED_EDGE('',*,*,#2403,.T.);
#3190=ORIENTED_EDGE('',*,*,#2404,.F.);
#3191=ORIENTED_EDGE('',*,*,#2405,.T.);
#3192=ORIENTED_EDGE('',*,*,#2406,.F.);
#3193=ORIENTED_EDGE('',*,*,#2407,.F.);
#3194=ORIENTED_EDGE('',*,*,#2408,.T.);
#3195=ORIENTED_EDGE('',*,*,#2409,.T.);
#3196=ORIENTED_EDGE('',*,*,#2410,.F.);
#3197=ORIENTED_EDGE('',*,*,#2411,.F.);
#3198=ORIENTED_EDGE('',*,*,#2412,.F.);
#3199=ORIENTED_EDGE('',*,*,#2413,.F.);
#3200=ORIENTED_EDGE('',*,*,#2414,.T.);
#3201=ORIENTED_EDGE('',*,*,#2415,.T.);
#3202=ORIENTED_EDGE('',*,*,#2416,.T.);
#3203=ORIENTED_EDGE('',*,*,#2417,.F.);
#3204=ORIENTED_EDGE('',*,*,#2418,.F.);
#3205=ORIENTED_EDGE('',*,*,#2409,.F.);
#3206=ORIENTED_EDGE('',*,*,#2419,.F.);
#3207=ORIENTED_EDGE('',*,*,#2420,.F.);
#3208=ORIENTED_EDGE('',*,*,#2417,.T.);
#3209=ORIENTED_EDGE('',*,*,#2421,.T.);
#3210=ORIENTED_EDGE('',*,*,#2413,.T.);
#3211=ORIENTED_EDGE('',*,*,#2422,.T.);
#3212=ORIENTED_EDGE('',*,*,#2423,.T.);
#3213=ORIENTED_EDGE('',*,*,#2412,.T.);
#3214=ORIENTED_EDGE('',*,*,#2424,.F.);
#3215=ORIENTED_EDGE('',*,*,#2425,.F.);
#3216=ORIENTED_EDGE('',*,*,#2426,.F.);
#3217=ORIENTED_EDGE('',*,*,#2427,.F.);
#3218=ORIENTED_EDGE('',*,*,#2428,.F.);
#3219=ORIENTED_EDGE('',*,*,#2429,.F.);
#3220=ORIENTED_EDGE('',*,*,#2430,.T.);
#3221=ORIENTED_EDGE('',*,*,#2431,.T.);
#3222=ORIENTED_EDGE('',*,*,#2432,.F.);
#3223=ORIENTED_EDGE('',*,*,#2433,.F.);
#3224=ORIENTED_EDGE('',*,*,#2434,.T.);
#3225=ORIENTED_EDGE('',*,*,#2435,.T.);
#3226=ORIENTED_EDGE('',*,*,#2436,.F.);
#3227=ORIENTED_EDGE('',*,*,#2431,.F.);
#3228=ORIENTED_EDGE('',*,*,#2437,.T.);
#3229=ORIENTED_EDGE('',*,*,#2438,.T.);
#3230=ORIENTED_EDGE('',*,*,#2439,.F.);
#3231=ORIENTED_EDGE('',*,*,#2435,.F.);
#3232=ORIENTED_EDGE('',*,*,#2440,.T.);
#3233=ORIENTED_EDGE('',*,*,#2433,.T.);
#3234=ORIENTED_EDGE('',*,*,#2441,.F.);
#3235=ORIENTED_EDGE('',*,*,#2438,.F.);
#3236=ORIENTED_EDGE('',*,*,#2442,.T.);
#3237=ORIENTED_EDGE('',*,*,#2443,.T.);
#3238=ORIENTED_EDGE('',*,*,#2444,.T.);
#3239=ORIENTED_EDGE('',*,*,#2445,.T.);
#3240=ORIENTED_EDGE('',*,*,#2415,.F.);
#3241=ORIENTED_EDGE('',*,*,#2399,.T.);
#3242=ORIENTED_EDGE('',*,*,#2446,.T.);
#3243=ORIENTED_EDGE('',*,*,#2447,.T.);
#3244=ORIENTED_EDGE('',*,*,#2448,.T.);
#3245=ORIENTED_EDGE('',*,*,#2401,.T.);
#3246=ORIENTED_EDGE('',*,*,#2449,.T.);
#3247=ORIENTED_EDGE('',*,*,#2450,.T.);
#3248=ORIENTED_EDGE('',*,*,#2451,.T.);
#3249=ORIENTED_EDGE('',*,*,#2452,.T.);
#3250=ORIENTED_EDGE('',*,*,#2453,.T.);
#3251=ORIENTED_EDGE('',*,*,#2454,.T.);
#3252=ORIENTED_EDGE('',*,*,#2455,.T.);
#3253=ORIENTED_EDGE('',*,*,#2456,.T.);
#3254=ORIENTED_EDGE('',*,*,#2457,.T.);
#3255=ORIENTED_EDGE('',*,*,#2458,.F.);
#3256=ORIENTED_EDGE('',*,*,#2459,.F.);
#3257=ORIENTED_EDGE('',*,*,#2460,.T.);
#3258=ORIENTED_EDGE('',*,*,#2461,.T.);
#3259=ORIENTED_EDGE('',*,*,#2462,.T.);
#3260=ORIENTED_EDGE('',*,*,#2463,.T.);
#3261=ORIENTED_EDGE('',*,*,#2407,.T.);
#3262=ORIENTED_EDGE('',*,*,#2464,.T.);
#3263=ORIENTED_EDGE('',*,*,#2465,.T.);
#3264=ORIENTED_EDGE('',*,*,#2466,.T.);
#3265=ORIENTED_EDGE('',*,*,#2467,.F.);
#3266=ORIENTED_EDGE('',*,*,#2410,.T.);
#3267=ORIENTED_EDGE('',*,*,#2418,.T.);
#3268=ORIENTED_EDGE('',*,*,#2420,.T.);
#3269=ORIENTED_EDGE('',*,*,#2468,.T.);
#3270=ORIENTED_EDGE('',*,*,#2469,.F.);
#3271=ORIENTED_EDGE('',*,*,#2424,.T.);
#3272=ORIENTED_EDGE('',*,*,#2411,.T.);
#3273=ORIENTED_EDGE('',*,*,#2467,.T.);
#3274=ORIENTED_EDGE('',*,*,#2470,.T.);
#3275=ORIENTED_EDGE('',*,*,#2471,.F.);
#3276=ORIENTED_EDGE('',*,*,#2472,.T.);
#3277=ORIENTED_EDGE('',*,*,#2473,.F.);
#3278=ORIENTED_EDGE('',*,*,#2474,.T.);
#3279=ORIENTED_EDGE('',*,*,#2475,.T.);
#3280=ORIENTED_EDGE('',*,*,#2476,.T.);
#3281=ORIENTED_EDGE('',*,*,#2477,.T.);
#3282=ORIENTED_EDGE('',*,*,#2425,.T.);
#3283=ORIENTED_EDGE('',*,*,#2471,.T.);
#3284=ORIENTED_EDGE('',*,*,#2478,.T.);
#3285=ORIENTED_EDGE('',*,*,#2479,.T.);
#3286=ORIENTED_EDGE('',*,*,#2480,.T.);
#3287=ORIENTED_EDGE('',*,*,#2481,.T.);
#3288=ORIENTED_EDGE('',*,*,#2482,.F.);
#3289=ORIENTED_EDGE('',*,*,#2483,.F.);
#3290=ORIENTED_EDGE('',*,*,#2484,.F.);
#3291=ORIENTED_EDGE('',*,*,#2485,.F.);
#3292=ORIENTED_EDGE('',*,*,#2486,.F.);
#3293=ORIENTED_EDGE('',*,*,#2487,.F.);
#3294=ORIENTED_EDGE('',*,*,#2488,.F.);
#3295=ORIENTED_EDGE('',*,*,#2489,.F.);
#3296=ORIENTED_EDGE('',*,*,#2490,.F.);
#3297=ORIENTED_EDGE('',*,*,#2491,.F.);
#3298=ORIENTED_EDGE('',*,*,#2492,.F.);
#3299=ORIENTED_EDGE('',*,*,#2493,.F.);
#3300=ORIENTED_EDGE('',*,*,#2440,.F.);
#3301=ORIENTED_EDGE('',*,*,#2437,.F.);
#3302=ORIENTED_EDGE('',*,*,#2434,.F.);
#3303=ORIENTED_EDGE('',*,*,#2430,.F.);
#3304=ORIENTED_EDGE('',*,*,#2421,.F.);
#3305=ORIENTED_EDGE('',*,*,#2419,.T.);
#3306=ORIENTED_EDGE('',*,*,#2423,.F.);
#3307=ORIENTED_EDGE('',*,*,#2477,.F.);
#3308=ORIENTED_EDGE('',*,*,#2494,.T.);
#3309=ORIENTED_EDGE('',*,*,#2495,.T.);
#3310=ORIENTED_EDGE('',*,*,#2442,.F.);
#3311=ORIENTED_EDGE('',*,*,#2414,.F.);
#3312=ORIENTED_EDGE('',*,*,#2443,.F.);
#3313=ORIENTED_EDGE('',*,*,#2495,.F.);
#3314=ORIENTED_EDGE('',*,*,#2496,.F.);
#3315=ORIENTED_EDGE('',*,*,#2497,.F.);
#3316=ORIENTED_EDGE('',*,*,#2498,.T.);
#3317=ORIENTED_EDGE('',*,*,#2499,.T.);
#3318=ORIENTED_EDGE('',*,*,#2500,.F.);
#3319=ORIENTED_EDGE('',*,*,#2501,.F.);
#3320=ORIENTED_EDGE('',*,*,#2458,.T.);
#3321=ORIENTED_EDGE('',*,*,#2502,.T.);
#3322=ORIENTED_EDGE('',*,*,#2444,.F.);
#3323=ORIENTED_EDGE('',*,*,#2497,.T.);
#3324=ORIENTED_EDGE('',*,*,#2476,.F.);
#3325=ORIENTED_EDGE('',*,*,#2503,.T.);
#3326=ORIENTED_EDGE('',*,*,#2504,.T.);
#3327=ORIENTED_EDGE('',*,*,#2494,.F.);
#3328=ORIENTED_EDGE('',*,*,#2504,.F.);
#3329=ORIENTED_EDGE('',*,*,#2505,.F.);
#3330=ORIENTED_EDGE('',*,*,#2498,.F.);
#3331=ORIENTED_EDGE('',*,*,#2496,.T.);
#3332=ORIENTED_EDGE('',*,*,#2429,.T.);
#3333=ORIENTED_EDGE('',*,*,#2506,.T.);
#3334=ORIENTED_EDGE('',*,*,#2507,.T.);
#3335=ORIENTED_EDGE('',*,*,#2508,.F.);
#3336=ORIENTED_EDGE('',*,*,#2426,.T.);
#3337=ORIENTED_EDGE('',*,*,#2508,.T.);
#3338=ORIENTED_EDGE('',*,*,#2509,.T.);
#3339=ORIENTED_EDGE('',*,*,#2510,.F.);
#3340=ORIENTED_EDGE('',*,*,#2427,.T.);
#3341=ORIENTED_EDGE('',*,*,#2510,.T.);
#3342=ORIENTED_EDGE('',*,*,#2511,.T.);
#3343=ORIENTED_EDGE('',*,*,#2512,.F.);
#3344=ORIENTED_EDGE('',*,*,#2428,.T.);
#3345=ORIENTED_EDGE('',*,*,#2512,.T.);
#3346=ORIENTED_EDGE('',*,*,#2513,.T.);
#3347=ORIENTED_EDGE('',*,*,#2506,.F.);
#3348=ORIENTED_EDGE('',*,*,#2514,.F.);
#3349=ORIENTED_EDGE('',*,*,#2515,.F.);
#3350=ORIENTED_EDGE('',*,*,#2516,.T.);
#3351=ORIENTED_EDGE('',*,*,#2517,.F.);
#3352=ORIENTED_EDGE('',*,*,#2518,.F.);
#3353=ORIENTED_EDGE('',*,*,#2519,.F.);
#3354=ORIENTED_EDGE('',*,*,#2520,.F.);
#3355=ORIENTED_EDGE('',*,*,#2521,.F.);
#3356=ORIENTED_EDGE('',*,*,#2522,.T.);
#3357=ORIENTED_EDGE('',*,*,#2523,.F.);
#3358=ORIENTED_EDGE('',*,*,#2472,.F.);
#3359=ORIENTED_EDGE('',*,*,#2470,.F.);
#3360=ORIENTED_EDGE('',*,*,#2469,.T.);
#3361=ORIENTED_EDGE('',*,*,#2524,.T.);
#3362=ORIENTED_EDGE('',*,*,#2513,.F.);
#3363=ORIENTED_EDGE('',*,*,#2511,.F.);
#3364=ORIENTED_EDGE('',*,*,#2509,.F.);
#3365=ORIENTED_EDGE('',*,*,#2507,.F.);
#3366=ORIENTED_EDGE('',*,*,#2525,.F.);
#3367=ORIENTED_EDGE('',*,*,#2526,.F.);
#3368=ORIENTED_EDGE('',*,*,#2514,.T.);
#3369=ORIENTED_EDGE('',*,*,#2527,.T.);
#3370=ORIENTED_EDGE('',*,*,#2528,.F.);
#3371=ORIENTED_EDGE('',*,*,#2529,.F.);
#3372=ORIENTED_EDGE('',*,*,#2525,.T.);
#3373=ORIENTED_EDGE('',*,*,#2530,.T.);
#3374=ORIENTED_EDGE('',*,*,#2452,.F.);
#3375=ORIENTED_EDGE('',*,*,#2531,.T.);
#3376=ORIENTED_EDGE('',*,*,#2532,.T.);
#3377=ORIENTED_EDGE('',*,*,#2533,.F.);
#3378=ORIENTED_EDGE('',*,*,#2534,.T.);
#3379=ORIENTED_EDGE('',*,*,#2535,.F.);
#3380=ORIENTED_EDGE('',*,*,#2453,.F.);
#3381=ORIENTED_EDGE('',*,*,#2533,.T.);
#3382=ORIENTED_EDGE('',*,*,#2536,.T.);
#3383=ORIENTED_EDGE('',*,*,#2537,.F.);
#3384=ORIENTED_EDGE('',*,*,#2454,.F.);
#3385=ORIENTED_EDGE('',*,*,#2535,.T.);
#3386=ORIENTED_EDGE('',*,*,#2439,.T.);
#3387=ORIENTED_EDGE('',*,*,#2441,.T.);
#3388=ORIENTED_EDGE('',*,*,#2432,.T.);
#3389=ORIENTED_EDGE('',*,*,#2436,.T.);
#3390=ORIENTED_EDGE('',*,*,#2538,.T.);
#3391=ORIENTED_EDGE('',*,*,#2539,.F.);
#3392=ORIENTED_EDGE('',*,*,#2455,.F.);
#3393=ORIENTED_EDGE('',*,*,#2537,.T.);
#3394=ORIENTED_EDGE('',*,*,#2456,.F.);
#3395=ORIENTED_EDGE('',*,*,#2539,.T.);
#3396=ORIENTED_EDGE('',*,*,#2540,.T.);
#3397=ORIENTED_EDGE('',*,*,#2541,.T.);
#3398=ORIENTED_EDGE('',*,*,#2457,.F.);
#3399=ORIENTED_EDGE('',*,*,#2541,.F.);
#3400=ORIENTED_EDGE('',*,*,#2542,.F.);
#3401=ORIENTED_EDGE('',*,*,#2543,.F.);
#3402=ORIENTED_EDGE('',*,*,#2530,.F.);
#3403=ORIENTED_EDGE('',*,*,#2527,.F.);
#3404=ORIENTED_EDGE('',*,*,#2524,.F.);
#3405=ORIENTED_EDGE('',*,*,#2468,.F.);
#3406=ORIENTED_EDGE('',*,*,#2422,.F.);
#3407=ORIENTED_EDGE('',*,*,#2416,.F.);
#3408=ORIENTED_EDGE('',*,*,#2445,.F.);
#3409=ORIENTED_EDGE('',*,*,#2502,.F.);
#3410=ORIENTED_EDGE('',*,*,#2544,.F.);
#3411=ORIENTED_EDGE('',*,*,#2545,.F.);
#3412=ORIENTED_EDGE('',*,*,#2528,.T.);
#3413=ORIENTED_EDGE('',*,*,#2543,.T.);
#3414=ORIENTED_EDGE('',*,*,#2546,.F.);
#3415=ORIENTED_EDGE('',*,*,#2547,.F.);
#3416=ORIENTED_EDGE('',*,*,#2397,.F.);
#3417=ORIENTED_EDGE('',*,*,#2548,.F.);
#3418=ORIENTED_EDGE('',*,*,#2549,.F.);
#3419=ORIENTED_EDGE('',*,*,#2550,.F.);
#3420=ORIENTED_EDGE('',*,*,#2405,.F.);
#3421=ORIENTED_EDGE('',*,*,#2551,.F.);
#3422=ORIENTED_EDGE('',*,*,#2552,.F.);
#3423=ORIENTED_EDGE('',*,*,#2553,.F.);
#3424=ORIENTED_EDGE('',*,*,#2554,.F.);
#3425=ORIENTED_EDGE('',*,*,#2555,.F.);
#3426=ORIENTED_EDGE('',*,*,#2544,.T.);
#3427=ORIENTED_EDGE('',*,*,#2542,.T.);
#3428=ORIENTED_EDGE('',*,*,#2540,.F.);
#3429=ORIENTED_EDGE('',*,*,#2538,.F.);
#3430=ORIENTED_EDGE('',*,*,#2536,.F.);
#3431=ORIENTED_EDGE('',*,*,#2534,.F.);
#3432=ORIENTED_EDGE('',*,*,#2532,.F.);
#3433=ORIENTED_EDGE('',*,*,#2556,.F.);
#3434=ORIENTED_EDGE('',*,*,#2557,.F.);
#3435=ORIENTED_EDGE('',*,*,#2558,.F.);
#3436=ORIENTED_EDGE('',*,*,#2403,.F.);
#3437=ORIENTED_EDGE('',*,*,#2559,.F.);
#3438=ORIENTED_EDGE('',*,*,#2560,.T.);
#3439=ORIENTED_EDGE('',*,*,#2561,.F.);
#3440=ORIENTED_EDGE('',*,*,#2480,.F.);
#3441=ORIENTED_EDGE('',*,*,#2562,.T.);
#3442=ORIENTED_EDGE('',*,*,#2563,.T.);
#3443=ORIENTED_EDGE('',*,*,#2564,.F.);
#3444=ORIENTED_EDGE('',*,*,#2481,.F.);
#3445=ORIENTED_EDGE('',*,*,#2561,.T.);
#3446=ORIENTED_EDGE('',*,*,#2565,.T.);
#3447=ORIENTED_EDGE('',*,*,#2566,.F.);
#3448=ORIENTED_EDGE('',*,*,#2478,.F.);
#3449=ORIENTED_EDGE('',*,*,#2564,.T.);
#3450=ORIENTED_EDGE('',*,*,#2567,.T.);
#3451=ORIENTED_EDGE('',*,*,#2562,.F.);
#3452=ORIENTED_EDGE('',*,*,#2479,.F.);
#3453=ORIENTED_EDGE('',*,*,#2566,.T.);
#3454=ORIENTED_EDGE('',*,*,#2568,.F.);
#3455=ORIENTED_EDGE('',*,*,#2499,.F.);
#3456=ORIENTED_EDGE('',*,*,#2505,.T.);
#3457=ORIENTED_EDGE('',*,*,#2569,.F.);
#3458=ORIENTED_EDGE('',*,*,#2570,.T.);
#3459=ORIENTED_EDGE('',*,*,#2571,.F.);
#3460=ORIENTED_EDGE('',*,*,#2572,.F.);
#3461=ORIENTED_EDGE('',*,*,#2573,.F.);
#3462=ORIENTED_EDGE('',*,*,#2574,.F.);
#3463=ORIENTED_EDGE('',*,*,#2575,.F.);
#3464=ORIENTED_EDGE('',*,*,#2570,.F.);
#3465=ORIENTED_EDGE('',*,*,#2576,.F.);
#3466=ORIENTED_EDGE('',*,*,#2577,.T.);
#3467=ORIENTED_EDGE('',*,*,#2578,.T.);
#3468=ORIENTED_EDGE('',*,*,#2579,.T.);
#3469=ORIENTED_EDGE('',*,*,#2580,.T.);
#3470=ORIENTED_EDGE('',*,*,#2517,.T.);
#3471=ORIENTED_EDGE('',*,*,#2581,.F.);
#3472=ORIENTED_EDGE('',*,*,#2579,.F.);
#3473=ORIENTED_EDGE('',*,*,#2582,.T.);
#3474=ORIENTED_EDGE('',*,*,#2518,.T.);
#3475=ORIENTED_EDGE('',*,*,#2582,.F.);
#3476=ORIENTED_EDGE('',*,*,#2578,.F.);
#3477=ORIENTED_EDGE('',*,*,#2583,.F.);
#3478=ORIENTED_EDGE('',*,*,#2584,.T.);
#3479=ORIENTED_EDGE('',*,*,#2585,.T.);
#3480=ORIENTED_EDGE('',*,*,#2586,.T.);
#3481=ORIENTED_EDGE('',*,*,#2583,.T.);
#3482=ORIENTED_EDGE('',*,*,#2577,.F.);
#3483=ORIENTED_EDGE('',*,*,#2587,.T.);
#3484=ORIENTED_EDGE('',*,*,#2521,.T.);
#3485=ORIENTED_EDGE('',*,*,#2588,.F.);
#3486=ORIENTED_EDGE('',*,*,#2589,.T.);
#3487=ORIENTED_EDGE('',*,*,#2588,.T.);
#3488=ORIENTED_EDGE('',*,*,#2520,.T.);
#3489=ORIENTED_EDGE('',*,*,#2590,.F.);
#3490=ORIENTED_EDGE('',*,*,#2591,.T.);
#3491=ORIENTED_EDGE('',*,*,#2590,.T.);
#3492=ORIENTED_EDGE('',*,*,#2519,.T.);
#3493=ORIENTED_EDGE('',*,*,#2585,.F.);
#3494=ORIENTED_EDGE('',*,*,#2592,.F.);
#3495=ORIENTED_EDGE('',*,*,#2574,.T.);
#3496=ORIENTED_EDGE('',*,*,#2593,.T.);
#3497=ORIENTED_EDGE('',*,*,#2473,.T.);
#3498=ORIENTED_EDGE('',*,*,#2523,.T.);
#3499=ORIENTED_EDGE('',*,*,#2593,.F.);
#3500=ORIENTED_EDGE('',*,*,#2576,.T.);
#3501=ORIENTED_EDGE('',*,*,#2594,.F.);
#3502=ORIENTED_EDGE('',*,*,#2474,.F.);
#3503=ORIENTED_EDGE('',*,*,#2589,.F.);
#3504=ORIENTED_EDGE('',*,*,#2591,.F.);
#3505=ORIENTED_EDGE('',*,*,#2584,.F.);
#3506=ORIENTED_EDGE('',*,*,#2586,.F.);
#3507=ORIENTED_EDGE('',*,*,#2594,.T.);
#3508=ORIENTED_EDGE('',*,*,#2573,.T.);
#3509=ORIENTED_EDGE('',*,*,#2595,.F.);
#3510=ORIENTED_EDGE('',*,*,#2596,.F.);
#3511=ORIENTED_EDGE('',*,*,#2597,.F.);
#3512=ORIENTED_EDGE('',*,*,#2569,.T.);
#3513=ORIENTED_EDGE('',*,*,#2503,.F.);
#3514=ORIENTED_EDGE('',*,*,#2475,.F.);
#3515=ORIENTED_EDGE('',*,*,#2553,.T.);
#3516=ORIENTED_EDGE('',*,*,#2598,.F.);
#3517=ORIENTED_EDGE('',*,*,#2461,.F.);
#3518=ORIENTED_EDGE('',*,*,#2599,.T.);
#3519=ORIENTED_EDGE('',*,*,#2551,.T.);
#3520=ORIENTED_EDGE('',*,*,#2408,.F.);
#3521=ORIENTED_EDGE('',*,*,#2463,.F.);
#3522=ORIENTED_EDGE('',*,*,#2600,.T.);
#3523=ORIENTED_EDGE('',*,*,#2459,.T.);
#3524=ORIENTED_EDGE('',*,*,#2501,.T.);
#3525=ORIENTED_EDGE('',*,*,#2601,.T.);
#3526=ORIENTED_EDGE('',*,*,#2602,.T.);
#3527=ORIENTED_EDGE('',*,*,#2603,.T.);
#3528=ORIENTED_EDGE('',*,*,#2604,.T.);
#3529=ORIENTED_EDGE('',*,*,#2515,.T.);
#3530=ORIENTED_EDGE('',*,*,#2526,.T.);
#3531=ORIENTED_EDGE('',*,*,#2529,.T.);
#3532=ORIENTED_EDGE('',*,*,#2545,.T.);
#3533=ORIENTED_EDGE('',*,*,#2555,.T.);
#3534=ORIENTED_EDGE('',*,*,#2605,.T.);
#3535=ORIENTED_EDGE('',*,*,#2554,.T.);
#3536=ORIENTED_EDGE('',*,*,#2599,.F.);
#3537=ORIENTED_EDGE('',*,*,#2460,.F.);
#3538=ORIENTED_EDGE('',*,*,#2605,.F.);
#3539=ORIENTED_EDGE('',*,*,#2606,.T.);
#3540=ORIENTED_EDGE('',*,*,#2571,.T.);
#3541=ORIENTED_EDGE('',*,*,#2575,.T.);
#3542=ORIENTED_EDGE('',*,*,#2592,.T.);
#3543=ORIENTED_EDGE('',*,*,#2522,.F.);
#3544=ORIENTED_EDGE('',*,*,#2587,.F.);
#3545=ORIENTED_EDGE('',*,*,#2580,.F.);
#3546=ORIENTED_EDGE('',*,*,#2581,.T.);
#3547=ORIENTED_EDGE('',*,*,#2516,.F.);
#3548=ORIENTED_EDGE('',*,*,#2604,.F.);
#3549=ORIENTED_EDGE('',*,*,#2595,.T.);
#3550=ORIENTED_EDGE('',*,*,#2572,.T.);
#3551=ORIENTED_EDGE('',*,*,#2606,.F.);
#3552=ORIENTED_EDGE('',*,*,#2603,.F.);
#3553=ORIENTED_EDGE('',*,*,#2607,.T.);
#3554=ORIENTED_EDGE('',*,*,#2608,.T.);
#3555=ORIENTED_EDGE('',*,*,#2596,.T.);
#3556=ORIENTED_EDGE('',*,*,#2607,.F.);
#3557=ORIENTED_EDGE('',*,*,#2602,.F.);
#3558=ORIENTED_EDGE('',*,*,#2500,.T.);
#3559=ORIENTED_EDGE('',*,*,#2568,.T.);
#3560=ORIENTED_EDGE('',*,*,#2597,.T.);
#3561=ORIENTED_EDGE('',*,*,#2608,.F.);
#3562=ORIENTED_EDGE('',*,*,#2601,.F.);
#3563=ORIENTED_EDGE('',*,*,#2552,.T.);
#3564=ORIENTED_EDGE('',*,*,#2600,.F.);
#3565=ORIENTED_EDGE('',*,*,#2462,.F.);
#3566=ORIENTED_EDGE('',*,*,#2598,.T.);
#3567=ORIENTED_EDGE('',*,*,#2567,.F.);
#3568=ORIENTED_EDGE('',*,*,#2565,.F.);
#3569=ORIENTED_EDGE('',*,*,#2563,.F.);
#3570=ORIENTED_EDGE('',*,*,#2560,.F.);
#3571=ORIENTED_EDGE('',*,*,#2549,.T.);
#3572=ORIENTED_EDGE('',*,*,#2609,.F.);
#3573=ORIENTED_EDGE('',*,*,#2465,.F.);
#3574=ORIENTED_EDGE('',*,*,#2610,.T.);
#3575=ORIENTED_EDGE('',*,*,#2611,.T.);
#3576=ORIENTED_EDGE('',*,*,#2612,.T.);
#3577=ORIENTED_EDGE('',*,*,#2613,.T.);
#3578=ORIENTED_EDGE('',*,*,#2614,.T.);
#3579=ORIENTED_EDGE('',*,*,#2550,.T.);
#3580=ORIENTED_EDGE('',*,*,#2610,.F.);
#3581=ORIENTED_EDGE('',*,*,#2464,.F.);
#3582=ORIENTED_EDGE('',*,*,#2406,.T.);
#3583=ORIENTED_EDGE('',*,*,#2548,.T.);
#3584=ORIENTED_EDGE('',*,*,#2400,.F.);
#3585=ORIENTED_EDGE('',*,*,#2466,.F.);
#3586=ORIENTED_EDGE('',*,*,#2609,.T.);
#3587=ORIENTED_EDGE('',*,*,#2557,.T.);
#3588=ORIENTED_EDGE('',*,*,#2615,.F.);
#3589=ORIENTED_EDGE('',*,*,#2450,.F.);
#3590=ORIENTED_EDGE('',*,*,#2616,.T.);
#3591=ORIENTED_EDGE('',*,*,#2617,.T.);
#3592=ORIENTED_EDGE('',*,*,#2618,.T.);
#3593=ORIENTED_EDGE('',*,*,#2619,.T.);
#3594=ORIENTED_EDGE('',*,*,#2620,.T.);
#3595=ORIENTED_EDGE('',*,*,#2558,.T.);
#3596=ORIENTED_EDGE('',*,*,#2616,.F.);
#3597=ORIENTED_EDGE('',*,*,#2449,.F.);
#3598=ORIENTED_EDGE('',*,*,#2404,.T.);
#3599=ORIENTED_EDGE('',*,*,#2556,.T.);
#3600=ORIENTED_EDGE('',*,*,#2531,.F.);
#3601=ORIENTED_EDGE('',*,*,#2451,.F.);
#3602=ORIENTED_EDGE('',*,*,#2615,.T.);
#3603=ORIENTED_EDGE('',*,*,#2546,.T.);
#3604=ORIENTED_EDGE('',*,*,#2621,.F.);
#3605=ORIENTED_EDGE('',*,*,#2447,.F.);
#3606=ORIENTED_EDGE('',*,*,#2622,.T.);
#3607=ORIENTED_EDGE('',*,*,#2623,.T.);
#3608=ORIENTED_EDGE('',*,*,#2624,.T.);
#3609=ORIENTED_EDGE('',*,*,#2625,.T.);
#3610=ORIENTED_EDGE('',*,*,#2626,.T.);
#3611=ORIENTED_EDGE('',*,*,#2547,.T.);
#3612=ORIENTED_EDGE('',*,*,#2622,.F.);
#3613=ORIENTED_EDGE('',*,*,#2446,.F.);
#3614=ORIENTED_EDGE('',*,*,#2398,.T.);
#3615=ORIENTED_EDGE('',*,*,#2559,.T.);
#3616=ORIENTED_EDGE('',*,*,#2402,.F.);
#3617=ORIENTED_EDGE('',*,*,#2448,.F.);
#3618=ORIENTED_EDGE('',*,*,#2621,.T.);
#3619=ORIENTED_EDGE('',*,*,#2627,.T.);
#3620=ORIENTED_EDGE('',*,*,#2482,.T.);
#3621=ORIENTED_EDGE('',*,*,#2628,.F.);
#3622=ORIENTED_EDGE('',*,*,#2624,.F.);
#3623=ORIENTED_EDGE('',*,*,#2629,.T.);
#3624=ORIENTED_EDGE('',*,*,#2483,.T.);
#3625=ORIENTED_EDGE('',*,*,#2627,.F.);
#3626=ORIENTED_EDGE('',*,*,#2623,.F.);
#3627=ORIENTED_EDGE('',*,*,#2630,.T.);
#3628=ORIENTED_EDGE('',*,*,#2484,.T.);
#3629=ORIENTED_EDGE('',*,*,#2629,.F.);
#3630=ORIENTED_EDGE('',*,*,#2626,.F.);
#3631=ORIENTED_EDGE('',*,*,#2628,.T.);
#3632=ORIENTED_EDGE('',*,*,#2485,.T.);
#3633=ORIENTED_EDGE('',*,*,#2630,.F.);
#3634=ORIENTED_EDGE('',*,*,#2625,.F.);
#3635=ORIENTED_EDGE('',*,*,#2631,.T.);
#3636=ORIENTED_EDGE('',*,*,#2486,.T.);
#3637=ORIENTED_EDGE('',*,*,#2632,.F.);
#3638=ORIENTED_EDGE('',*,*,#2618,.F.);
#3639=ORIENTED_EDGE('',*,*,#2633,.T.);
#3640=ORIENTED_EDGE('',*,*,#2487,.T.);
#3641=ORIENTED_EDGE('',*,*,#2631,.F.);
#3642=ORIENTED_EDGE('',*,*,#2617,.F.);
#3643=ORIENTED_EDGE('',*,*,#2634,.T.);
#3644=ORIENTED_EDGE('',*,*,#2488,.T.);
#3645=ORIENTED_EDGE('',*,*,#2633,.F.);
#3646=ORIENTED_EDGE('',*,*,#2620,.F.);
#3647=ORIENTED_EDGE('',*,*,#2632,.T.);
#3648=ORIENTED_EDGE('',*,*,#2489,.T.);
#3649=ORIENTED_EDGE('',*,*,#2634,.F.);
#3650=ORIENTED_EDGE('',*,*,#2619,.F.);
#3651=ORIENTED_EDGE('',*,*,#2635,.T.);
#3652=ORIENTED_EDGE('',*,*,#2490,.T.);
#3653=ORIENTED_EDGE('',*,*,#2636,.F.);
#3654=ORIENTED_EDGE('',*,*,#2612,.F.);
#3655=ORIENTED_EDGE('',*,*,#2637,.T.);
#3656=ORIENTED_EDGE('',*,*,#2491,.T.);
#3657=ORIENTED_EDGE('',*,*,#2635,.F.);
#3658=ORIENTED_EDGE('',*,*,#2611,.F.);
#3659=ORIENTED_EDGE('',*,*,#2638,.T.);
#3660=ORIENTED_EDGE('',*,*,#2492,.T.);
#3661=ORIENTED_EDGE('',*,*,#2637,.F.);
#3662=ORIENTED_EDGE('',*,*,#2614,.F.);
#3663=ORIENTED_EDGE('',*,*,#2636,.T.);
#3664=ORIENTED_EDGE('',*,*,#2493,.T.);
#3665=ORIENTED_EDGE('',*,*,#2638,.F.);
#3666=ORIENTED_EDGE('',*,*,#2613,.F.);
#3667=ORIENTED_EDGE('',*,*,#2639,.T.);
#3668=ORIENTED_EDGE('',*,*,#2640,.T.);
#3669=ORIENTED_EDGE('',*,*,#2641,.F.);
#3670=ORIENTED_EDGE('',*,*,#2642,.F.);
#3671=ORIENTED_EDGE('',*,*,#2643,.T.);
#3672=ORIENTED_EDGE('',*,*,#2644,.T.);
#3673=ORIENTED_EDGE('',*,*,#2639,.F.);
#3674=ORIENTED_EDGE('',*,*,#2645,.F.);
#3675=ORIENTED_EDGE('',*,*,#2646,.T.);
#3676=ORIENTED_EDGE('',*,*,#2647,.T.);
#3677=ORIENTED_EDGE('',*,*,#2643,.F.);
#3678=ORIENTED_EDGE('',*,*,#2648,.F.);
#3679=ORIENTED_EDGE('',*,*,#2641,.T.);
#3680=ORIENTED_EDGE('',*,*,#2649,.T.);
#3681=ORIENTED_EDGE('',*,*,#2646,.F.);
#3682=ORIENTED_EDGE('',*,*,#2650,.F.);
#3683=ORIENTED_EDGE('',*,*,#2642,.T.);
#3684=ORIENTED_EDGE('',*,*,#2651,.F.);
#3685=ORIENTED_EDGE('',*,*,#2652,.F.);
#3686=ORIENTED_EDGE('',*,*,#2653,.T.);
#3687=ORIENTED_EDGE('',*,*,#2653,.F.);
#3688=ORIENTED_EDGE('',*,*,#2654,.F.);
#3689=ORIENTED_EDGE('',*,*,#2655,.T.);
#3690=ORIENTED_EDGE('',*,*,#2645,.T.);
#3691=ORIENTED_EDGE('',*,*,#2655,.F.);
#3692=ORIENTED_EDGE('',*,*,#2656,.F.);
#3693=ORIENTED_EDGE('',*,*,#2657,.T.);
#3694=ORIENTED_EDGE('',*,*,#2648,.T.);
#3695=ORIENTED_EDGE('',*,*,#2657,.F.);
#3696=ORIENTED_EDGE('',*,*,#2658,.F.);
#3697=ORIENTED_EDGE('',*,*,#2651,.T.);
#3698=ORIENTED_EDGE('',*,*,#2650,.T.);
#3699=ORIENTED_EDGE('',*,*,#2652,.T.);
#3700=ORIENTED_EDGE('',*,*,#2659,.F.);
#3701=ORIENTED_EDGE('',*,*,#2660,.F.);
#3702=ORIENTED_EDGE('',*,*,#2661,.T.);
#3703=ORIENTED_EDGE('',*,*,#2661,.F.);
#3704=ORIENTED_EDGE('',*,*,#2662,.F.);
#3705=ORIENTED_EDGE('',*,*,#2663,.T.);
#3706=ORIENTED_EDGE('',*,*,#2654,.T.);
#3707=ORIENTED_EDGE('',*,*,#2663,.F.);
#3708=ORIENTED_EDGE('',*,*,#2664,.F.);
#3709=ORIENTED_EDGE('',*,*,#2665,.T.);
#3710=ORIENTED_EDGE('',*,*,#2656,.T.);
#3711=ORIENTED_EDGE('',*,*,#2665,.F.);
#3712=ORIENTED_EDGE('',*,*,#2666,.F.);
#3713=ORIENTED_EDGE('',*,*,#2659,.T.);
#3714=ORIENTED_EDGE('',*,*,#2658,.T.);
#3715=ORIENTED_EDGE('',*,*,#2660,.T.);
#3716=ORIENTED_EDGE('',*,*,#2667,.F.);
#3717=ORIENTED_EDGE('',*,*,#2668,.F.);
#3718=ORIENTED_EDGE('',*,*,#2669,.T.);
#3719=ORIENTED_EDGE('',*,*,#2669,.F.);
#3720=ORIENTED_EDGE('',*,*,#2670,.F.);
#3721=ORIENTED_EDGE('',*,*,#2671,.T.);
#3722=ORIENTED_EDGE('',*,*,#2662,.T.);
#3723=ORIENTED_EDGE('',*,*,#2671,.F.);
#3724=ORIENTED_EDGE('',*,*,#2672,.F.);
#3725=ORIENTED_EDGE('',*,*,#2673,.T.);
#3726=ORIENTED_EDGE('',*,*,#2664,.T.);
#3727=ORIENTED_EDGE('',*,*,#2673,.F.);
#3728=ORIENTED_EDGE('',*,*,#2674,.F.);
#3729=ORIENTED_EDGE('',*,*,#2667,.T.);
#3730=ORIENTED_EDGE('',*,*,#2666,.T.);
#3731=ORIENTED_EDGE('',*,*,#2668,.T.);
#3732=ORIENTED_EDGE('',*,*,#2675,.F.);
#3733=ORIENTED_EDGE('',*,*,#2676,.F.);
#3734=ORIENTED_EDGE('',*,*,#2677,.T.);
#3735=ORIENTED_EDGE('',*,*,#2677,.F.);
#3736=ORIENTED_EDGE('',*,*,#2678,.F.);
#3737=ORIENTED_EDGE('',*,*,#2679,.T.);
#3738=ORIENTED_EDGE('',*,*,#2670,.T.);
#3739=ORIENTED_EDGE('',*,*,#2679,.F.);
#3740=ORIENTED_EDGE('',*,*,#2680,.F.);
#3741=ORIENTED_EDGE('',*,*,#2681,.T.);
#3742=ORIENTED_EDGE('',*,*,#2672,.T.);
#3743=ORIENTED_EDGE('',*,*,#2681,.F.);
#3744=ORIENTED_EDGE('',*,*,#2682,.F.);
#3745=ORIENTED_EDGE('',*,*,#2675,.T.);
#3746=ORIENTED_EDGE('',*,*,#2674,.T.);
#3747=ORIENTED_EDGE('',*,*,#2676,.T.);
#3748=ORIENTED_EDGE('',*,*,#2683,.F.);
#3749=ORIENTED_EDGE('',*,*,#2684,.F.);
#3750=ORIENTED_EDGE('',*,*,#2685,.T.);
#3751=ORIENTED_EDGE('',*,*,#2685,.F.);
#3752=ORIENTED_EDGE('',*,*,#2686,.F.);
#3753=ORIENTED_EDGE('',*,*,#2687,.T.);
#3754=ORIENTED_EDGE('',*,*,#2678,.T.);
#3755=ORIENTED_EDGE('',*,*,#2687,.F.);
#3756=ORIENTED_EDGE('',*,*,#2688,.F.);
#3757=ORIENTED_EDGE('',*,*,#2689,.T.);
#3758=ORIENTED_EDGE('',*,*,#2680,.T.);
#3759=ORIENTED_EDGE('',*,*,#2689,.F.);
#3760=ORIENTED_EDGE('',*,*,#2690,.F.);
#3761=ORIENTED_EDGE('',*,*,#2683,.T.);
#3762=ORIENTED_EDGE('',*,*,#2682,.T.);
#3763=ORIENTED_EDGE('',*,*,#2691,.F.);
#3764=ORIENTED_EDGE('',*,*,#2692,.T.);
#3765=ORIENTED_EDGE('',*,*,#2693,.T.);
#3766=ORIENTED_EDGE('',*,*,#2684,.T.);
#3767=ORIENTED_EDGE('',*,*,#2693,.F.);
#3768=ORIENTED_EDGE('',*,*,#2694,.T.);
#3769=ORIENTED_EDGE('',*,*,#2695,.T.);
#3770=ORIENTED_EDGE('',*,*,#2686,.T.);
#3771=ORIENTED_EDGE('',*,*,#2695,.F.);
#3772=ORIENTED_EDGE('',*,*,#2696,.T.);
#3773=ORIENTED_EDGE('',*,*,#2697,.T.);
#3774=ORIENTED_EDGE('',*,*,#2688,.T.);
#3775=ORIENTED_EDGE('',*,*,#2697,.F.);
#3776=ORIENTED_EDGE('',*,*,#2698,.T.);
#3777=ORIENTED_EDGE('',*,*,#2691,.T.);
#3778=ORIENTED_EDGE('',*,*,#2690,.T.);
#3779=ORIENTED_EDGE('',*,*,#2699,.T.);
#3780=ORIENTED_EDGE('',*,*,#2700,.T.);
#3781=ORIENTED_EDGE('',*,*,#2701,.T.);
#3782=ORIENTED_EDGE('',*,*,#2702,.T.);
#3783=ORIENTED_EDGE('',*,*,#2703,.T.);
#3784=ORIENTED_EDGE('',*,*,#2704,.T.);
#3785=ORIENTED_EDGE('',*,*,#2705,.T.);
#3786=ORIENTED_EDGE('',*,*,#2706,.T.);
#3787=ORIENTED_EDGE('',*,*,#2707,.F.);
#3788=ORIENTED_EDGE('',*,*,#2702,.F.);
#3789=ORIENTED_EDGE('',*,*,#2708,.F.);
#3790=ORIENTED_EDGE('',*,*,#2647,.F.);
#3791=ORIENTED_EDGE('',*,*,#2708,.T.);
#3792=ORIENTED_EDGE('',*,*,#2701,.F.);
#3793=ORIENTED_EDGE('',*,*,#2709,.F.);
#3794=ORIENTED_EDGE('',*,*,#2644,.F.);
#3795=ORIENTED_EDGE('',*,*,#2707,.T.);
#3796=ORIENTED_EDGE('',*,*,#2649,.F.);
#3797=ORIENTED_EDGE('',*,*,#2710,.F.);
#3798=ORIENTED_EDGE('',*,*,#2699,.F.);
#3799=ORIENTED_EDGE('',*,*,#2709,.T.);
#3800=ORIENTED_EDGE('',*,*,#2700,.F.);
#3801=ORIENTED_EDGE('',*,*,#2710,.T.);
#3802=ORIENTED_EDGE('',*,*,#2640,.F.);
#3803=ORIENTED_EDGE('',*,*,#2711,.F.);
#3804=ORIENTED_EDGE('',*,*,#2692,.F.);
#3805=ORIENTED_EDGE('',*,*,#2712,.F.);
#3806=ORIENTED_EDGE('',*,*,#2706,.F.);
#3807=ORIENTED_EDGE('',*,*,#2712,.T.);
#3808=ORIENTED_EDGE('',*,*,#2698,.F.);
#3809=ORIENTED_EDGE('',*,*,#2713,.F.);
#3810=ORIENTED_EDGE('',*,*,#2703,.F.);
#3811=ORIENTED_EDGE('',*,*,#2711,.T.);
#3812=ORIENTED_EDGE('',*,*,#2705,.F.);
#3813=ORIENTED_EDGE('',*,*,#2714,.F.);
#3814=ORIENTED_EDGE('',*,*,#2694,.F.);
#3815=ORIENTED_EDGE('',*,*,#2713,.T.);
#3816=ORIENTED_EDGE('',*,*,#2696,.F.);
#3817=ORIENTED_EDGE('',*,*,#2714,.T.);
#3818=ORIENTED_EDGE('',*,*,#2704,.F.);
#3819=ORIENTED_EDGE('',*,*,#2715,.T.);
#3820=ORIENTED_EDGE('',*,*,#2716,.T.);
#3821=ORIENTED_EDGE('',*,*,#2717,.F.);
#3822=ORIENTED_EDGE('',*,*,#2718,.F.);
#3823=ORIENTED_EDGE('',*,*,#2719,.T.);
#3824=ORIENTED_EDGE('',*,*,#2720,.T.);
#3825=ORIENTED_EDGE('',*,*,#2715,.F.);
#3826=ORIENTED_EDGE('',*,*,#2721,.F.);
#3827=ORIENTED_EDGE('',*,*,#2722,.T.);
#3828=ORIENTED_EDGE('',*,*,#2723,.T.);
#3829=ORIENTED_EDGE('',*,*,#2719,.F.);
#3830=ORIENTED_EDGE('',*,*,#2724,.F.);
#3831=ORIENTED_EDGE('',*,*,#2717,.T.);
#3832=ORIENTED_EDGE('',*,*,#2725,.T.);
#3833=ORIENTED_EDGE('',*,*,#2722,.F.);
#3834=ORIENTED_EDGE('',*,*,#2726,.F.);
#3835=ORIENTED_EDGE('',*,*,#2718,.T.);
#3836=ORIENTED_EDGE('',*,*,#2727,.F.);
#3837=ORIENTED_EDGE('',*,*,#2728,.F.);
#3838=ORIENTED_EDGE('',*,*,#2729,.T.);
#3839=ORIENTED_EDGE('',*,*,#2729,.F.);
#3840=ORIENTED_EDGE('',*,*,#2730,.F.);
#3841=ORIENTED_EDGE('',*,*,#2731,.T.);
#3842=ORIENTED_EDGE('',*,*,#2721,.T.);
#3843=ORIENTED_EDGE('',*,*,#2731,.F.);
#3844=ORIENTED_EDGE('',*,*,#2732,.F.);
#3845=ORIENTED_EDGE('',*,*,#2733,.T.);
#3846=ORIENTED_EDGE('',*,*,#2724,.T.);
#3847=ORIENTED_EDGE('',*,*,#2733,.F.);
#3848=ORIENTED_EDGE('',*,*,#2734,.F.);
#3849=ORIENTED_EDGE('',*,*,#2727,.T.);
#3850=ORIENTED_EDGE('',*,*,#2726,.T.);
#3851=ORIENTED_EDGE('',*,*,#2728,.T.);
#3852=ORIENTED_EDGE('',*,*,#2735,.F.);
#3853=ORIENTED_EDGE('',*,*,#2736,.F.);
#3854=ORIENTED_EDGE('',*,*,#2737,.T.);
#3855=ORIENTED_EDGE('',*,*,#2737,.F.);
#3856=ORIENTED_EDGE('',*,*,#2738,.F.);
#3857=ORIENTED_EDGE('',*,*,#2739,.T.);
#3858=ORIENTED_EDGE('',*,*,#2730,.T.);
#3859=ORIENTED_EDGE('',*,*,#2739,.F.);
#3860=ORIENTED_EDGE('',*,*,#2740,.F.);
#3861=ORIENTED_EDGE('',*,*,#2741,.T.);
#3862=ORIENTED_EDGE('',*,*,#2732,.T.);
#3863=ORIENTED_EDGE('',*,*,#2741,.F.);
#3864=ORIENTED_EDGE('',*,*,#2742,.F.);
#3865=ORIENTED_EDGE('',*,*,#2735,.T.);
#3866=ORIENTED_EDGE('',*,*,#2734,.T.);
#3867=ORIENTED_EDGE('',*,*,#2736,.T.);
#3868=ORIENTED_EDGE('',*,*,#2743,.F.);
#3869=ORIENTED_EDGE('',*,*,#2744,.F.);
#3870=ORIENTED_EDGE('',*,*,#2745,.T.);
#3871=ORIENTED_EDGE('',*,*,#2745,.F.);
#3872=ORIENTED_EDGE('',*,*,#2746,.F.);
#3873=ORIENTED_EDGE('',*,*,#2747,.T.);
#3874=ORIENTED_EDGE('',*,*,#2738,.T.);
#3875=ORIENTED_EDGE('',*,*,#2747,.F.);
#3876=ORIENTED_EDGE('',*,*,#2748,.F.);
#3877=ORIENTED_EDGE('',*,*,#2749,.T.);
#3878=ORIENTED_EDGE('',*,*,#2740,.T.);
#3879=ORIENTED_EDGE('',*,*,#2749,.F.);
#3880=ORIENTED_EDGE('',*,*,#2750,.F.);
#3881=ORIENTED_EDGE('',*,*,#2743,.T.);
#3882=ORIENTED_EDGE('',*,*,#2742,.T.);
#3883=ORIENTED_EDGE('',*,*,#2744,.T.);
#3884=ORIENTED_EDGE('',*,*,#2751,.F.);
#3885=ORIENTED_EDGE('',*,*,#2752,.F.);
#3886=ORIENTED_EDGE('',*,*,#2753,.T.);
#3887=ORIENTED_EDGE('',*,*,#2753,.F.);
#3888=ORIENTED_EDGE('',*,*,#2754,.F.);
#3889=ORIENTED_EDGE('',*,*,#2755,.T.);
#3890=ORIENTED_EDGE('',*,*,#2746,.T.);
#3891=ORIENTED_EDGE('',*,*,#2755,.F.);
#3892=ORIENTED_EDGE('',*,*,#2756,.F.);
#3893=ORIENTED_EDGE('',*,*,#2757,.T.);
#3894=ORIENTED_EDGE('',*,*,#2748,.T.);
#3895=ORIENTED_EDGE('',*,*,#2757,.F.);
#3896=ORIENTED_EDGE('',*,*,#2758,.F.);
#3897=ORIENTED_EDGE('',*,*,#2751,.T.);
#3898=ORIENTED_EDGE('',*,*,#2750,.T.);
#3899=ORIENTED_EDGE('',*,*,#2752,.T.);
#3900=ORIENTED_EDGE('',*,*,#2759,.F.);
#3901=ORIENTED_EDGE('',*,*,#2760,.F.);
#3902=ORIENTED_EDGE('',*,*,#2761,.T.);
#3903=ORIENTED_EDGE('',*,*,#2761,.F.);
#3904=ORIENTED_EDGE('',*,*,#2762,.F.);
#3905=ORIENTED_EDGE('',*,*,#2763,.T.);
#3906=ORIENTED_EDGE('',*,*,#2754,.T.);
#3907=ORIENTED_EDGE('',*,*,#2763,.F.);
#3908=ORIENTED_EDGE('',*,*,#2764,.F.);
#3909=ORIENTED_EDGE('',*,*,#2765,.T.);
#3910=ORIENTED_EDGE('',*,*,#2756,.T.);
#3911=ORIENTED_EDGE('',*,*,#2765,.F.);
#3912=ORIENTED_EDGE('',*,*,#2766,.F.);
#3913=ORIENTED_EDGE('',*,*,#2759,.T.);
#3914=ORIENTED_EDGE('',*,*,#2758,.T.);
#3915=ORIENTED_EDGE('',*,*,#2767,.F.);
#3916=ORIENTED_EDGE('',*,*,#2768,.T.);
#3917=ORIENTED_EDGE('',*,*,#2769,.T.);
#3918=ORIENTED_EDGE('',*,*,#2760,.T.);
#3919=ORIENTED_EDGE('',*,*,#2769,.F.);
#3920=ORIENTED_EDGE('',*,*,#2770,.T.);
#3921=ORIENTED_EDGE('',*,*,#2771,.T.);
#3922=ORIENTED_EDGE('',*,*,#2762,.T.);
#3923=ORIENTED_EDGE('',*,*,#2771,.F.);
#3924=ORIENTED_EDGE('',*,*,#2772,.T.);
#3925=ORIENTED_EDGE('',*,*,#2773,.T.);
#3926=ORIENTED_EDGE('',*,*,#2764,.T.);
#3927=ORIENTED_EDGE('',*,*,#2773,.F.);
#3928=ORIENTED_EDGE('',*,*,#2774,.T.);
#3929=ORIENTED_EDGE('',*,*,#2767,.T.);
#3930=ORIENTED_EDGE('',*,*,#2766,.T.);
#3931=ORIENTED_EDGE('',*,*,#2775,.T.);
#3932=ORIENTED_EDGE('',*,*,#2776,.T.);
#3933=ORIENTED_EDGE('',*,*,#2777,.T.);
#3934=ORIENTED_EDGE('',*,*,#2778,.T.);
#3935=ORIENTED_EDGE('',*,*,#2779,.T.);
#3936=ORIENTED_EDGE('',*,*,#2780,.T.);
#3937=ORIENTED_EDGE('',*,*,#2781,.T.);
#3938=ORIENTED_EDGE('',*,*,#2782,.T.);
#3939=ORIENTED_EDGE('',*,*,#2783,.F.);
#3940=ORIENTED_EDGE('',*,*,#2778,.F.);
#3941=ORIENTED_EDGE('',*,*,#2784,.F.);
#3942=ORIENTED_EDGE('',*,*,#2723,.F.);
#3943=ORIENTED_EDGE('',*,*,#2784,.T.);
#3944=ORIENTED_EDGE('',*,*,#2777,.F.);
#3945=ORIENTED_EDGE('',*,*,#2785,.F.);
#3946=ORIENTED_EDGE('',*,*,#2720,.F.);
#3947=ORIENTED_EDGE('',*,*,#2783,.T.);
#3948=ORIENTED_EDGE('',*,*,#2725,.F.);
#3949=ORIENTED_EDGE('',*,*,#2786,.F.);
#3950=ORIENTED_EDGE('',*,*,#2775,.F.);
#3951=ORIENTED_EDGE('',*,*,#2785,.T.);
#3952=ORIENTED_EDGE('',*,*,#2776,.F.);
#3953=ORIENTED_EDGE('',*,*,#2786,.T.);
#3954=ORIENTED_EDGE('',*,*,#2716,.F.);
#3955=ORIENTED_EDGE('',*,*,#2787,.F.);
#3956=ORIENTED_EDGE('',*,*,#2768,.F.);
#3957=ORIENTED_EDGE('',*,*,#2788,.F.);
#3958=ORIENTED_EDGE('',*,*,#2782,.F.);
#3959=ORIENTED_EDGE('',*,*,#2788,.T.);
#3960=ORIENTED_EDGE('',*,*,#2774,.F.);
#3961=ORIENTED_EDGE('',*,*,#2789,.F.);
#3962=ORIENTED_EDGE('',*,*,#2779,.F.);
#3963=ORIENTED_EDGE('',*,*,#2787,.T.);
#3964=ORIENTED_EDGE('',*,*,#2781,.F.);
#3965=ORIENTED_EDGE('',*,*,#2790,.F.);
#3966=ORIENTED_EDGE('',*,*,#2770,.F.);
#3967=ORIENTED_EDGE('',*,*,#2789,.T.);
#3968=ORIENTED_EDGE('',*,*,#2772,.F.);
#3969=ORIENTED_EDGE('',*,*,#2790,.T.);
#3970=ORIENTED_EDGE('',*,*,#2780,.F.);
#3971=ORIENTED_EDGE('',*,*,#2791,.T.);
#3972=ORIENTED_EDGE('',*,*,#2792,.T.);
#3973=ORIENTED_EDGE('',*,*,#2793,.F.);
#3974=ORIENTED_EDGE('',*,*,#2794,.F.);
#3975=ORIENTED_EDGE('',*,*,#2795,.T.);
#3976=ORIENTED_EDGE('',*,*,#2796,.T.);
#3977=ORIENTED_EDGE('',*,*,#2791,.F.);
#3978=ORIENTED_EDGE('',*,*,#2797,.F.);
#3979=ORIENTED_EDGE('',*,*,#2798,.T.);
#3980=ORIENTED_EDGE('',*,*,#2799,.T.);
#3981=ORIENTED_EDGE('',*,*,#2795,.F.);
#3982=ORIENTED_EDGE('',*,*,#2800,.F.);
#3983=ORIENTED_EDGE('',*,*,#2793,.T.);
#3984=ORIENTED_EDGE('',*,*,#2801,.T.);
#3985=ORIENTED_EDGE('',*,*,#2798,.F.);
#3986=ORIENTED_EDGE('',*,*,#2802,.F.);
#3987=ORIENTED_EDGE('',*,*,#2794,.T.);
#3988=ORIENTED_EDGE('',*,*,#2803,.F.);
#3989=ORIENTED_EDGE('',*,*,#2804,.F.);
#3990=ORIENTED_EDGE('',*,*,#2805,.T.);
#3991=ORIENTED_EDGE('',*,*,#2805,.F.);
#3992=ORIENTED_EDGE('',*,*,#2806,.F.);
#3993=ORIENTED_EDGE('',*,*,#2807,.T.);
#3994=ORIENTED_EDGE('',*,*,#2797,.T.);
#3995=ORIENTED_EDGE('',*,*,#2807,.F.);
#3996=ORIENTED_EDGE('',*,*,#2808,.F.);
#3997=ORIENTED_EDGE('',*,*,#2809,.T.);
#3998=ORIENTED_EDGE('',*,*,#2800,.T.);
#3999=ORIENTED_EDGE('',*,*,#2809,.F.);
#4000=ORIENTED_EDGE('',*,*,#2810,.F.);
#4001=ORIENTED_EDGE('',*,*,#2803,.T.);
#4002=ORIENTED_EDGE('',*,*,#2802,.T.);
#4003=ORIENTED_EDGE('',*,*,#2804,.T.);
#4004=ORIENTED_EDGE('',*,*,#2811,.F.);
#4005=ORIENTED_EDGE('',*,*,#2812,.F.);
#4006=ORIENTED_EDGE('',*,*,#2813,.T.);
#4007=ORIENTED_EDGE('',*,*,#2813,.F.);
#4008=ORIENTED_EDGE('',*,*,#2814,.F.);
#4009=ORIENTED_EDGE('',*,*,#2815,.T.);
#4010=ORIENTED_EDGE('',*,*,#2806,.T.);
#4011=ORIENTED_EDGE('',*,*,#2815,.F.);
#4012=ORIENTED_EDGE('',*,*,#2816,.F.);
#4013=ORIENTED_EDGE('',*,*,#2817,.T.);
#4014=ORIENTED_EDGE('',*,*,#2808,.T.);
#4015=ORIENTED_EDGE('',*,*,#2817,.F.);
#4016=ORIENTED_EDGE('',*,*,#2818,.F.);
#4017=ORIENTED_EDGE('',*,*,#2811,.T.);
#4018=ORIENTED_EDGE('',*,*,#2810,.T.);
#4019=ORIENTED_EDGE('',*,*,#2812,.T.);
#4020=ORIENTED_EDGE('',*,*,#2819,.F.);
#4021=ORIENTED_EDGE('',*,*,#2820,.F.);
#4022=ORIENTED_EDGE('',*,*,#2821,.T.);
#4023=ORIENTED_EDGE('',*,*,#2821,.F.);
#4024=ORIENTED_EDGE('',*,*,#2822,.F.);
#4025=ORIENTED_EDGE('',*,*,#2823,.T.);
#4026=ORIENTED_EDGE('',*,*,#2814,.T.);
#4027=ORIENTED_EDGE('',*,*,#2823,.F.);
#4028=ORIENTED_EDGE('',*,*,#2824,.F.);
#4029=ORIENTED_EDGE('',*,*,#2825,.T.);
#4030=ORIENTED_EDGE('',*,*,#2816,.T.);
#4031=ORIENTED_EDGE('',*,*,#2825,.F.);
#4032=ORIENTED_EDGE('',*,*,#2826,.F.);
#4033=ORIENTED_EDGE('',*,*,#2819,.T.);
#4034=ORIENTED_EDGE('',*,*,#2818,.T.);
#4035=ORIENTED_EDGE('',*,*,#2820,.T.);
#4036=ORIENTED_EDGE('',*,*,#2827,.F.);
#4037=ORIENTED_EDGE('',*,*,#2828,.F.);
#4038=ORIENTED_EDGE('',*,*,#2829,.T.);
#4039=ORIENTED_EDGE('',*,*,#2829,.F.);
#4040=ORIENTED_EDGE('',*,*,#2830,.F.);
#4041=ORIENTED_EDGE('',*,*,#2831,.T.);
#4042=ORIENTED_EDGE('',*,*,#2822,.T.);
#4043=ORIENTED_EDGE('',*,*,#2831,.F.);
#4044=ORIENTED_EDGE('',*,*,#2832,.F.);
#4045=ORIENTED_EDGE('',*,*,#2833,.T.);
#4046=ORIENTED_EDGE('',*,*,#2824,.T.);
#4047=ORIENTED_EDGE('',*,*,#2833,.F.);
#4048=ORIENTED_EDGE('',*,*,#2834,.F.);
#4049=ORIENTED_EDGE('',*,*,#2827,.T.);
#4050=ORIENTED_EDGE('',*,*,#2826,.T.);
#4051=ORIENTED_EDGE('',*,*,#2828,.T.);
#4052=ORIENTED_EDGE('',*,*,#2835,.F.);
#4053=ORIENTED_EDGE('',*,*,#2836,.F.);
#4054=ORIENTED_EDGE('',*,*,#2837,.T.);
#4055=ORIENTED_EDGE('',*,*,#2837,.F.);
#4056=ORIENTED_EDGE('',*,*,#2838,.F.);
#4057=ORIENTED_EDGE('',*,*,#2839,.T.);
#4058=ORIENTED_EDGE('',*,*,#2830,.T.);
#4059=ORIENTED_EDGE('',*,*,#2839,.F.);
#4060=ORIENTED_EDGE('',*,*,#2840,.F.);
#4061=ORIENTED_EDGE('',*,*,#2841,.T.);
#4062=ORIENTED_EDGE('',*,*,#2832,.T.);
#4063=ORIENTED_EDGE('',*,*,#2841,.F.);
#4064=ORIENTED_EDGE('',*,*,#2842,.F.);
#4065=ORIENTED_EDGE('',*,*,#2835,.T.);
#4066=ORIENTED_EDGE('',*,*,#2834,.T.);
#4067=ORIENTED_EDGE('',*,*,#2843,.F.);
#4068=ORIENTED_EDGE('',*,*,#2844,.T.);
#4069=ORIENTED_EDGE('',*,*,#2845,.T.);
#4070=ORIENTED_EDGE('',*,*,#2836,.T.);
#4071=ORIENTED_EDGE('',*,*,#2845,.F.);
#4072=ORIENTED_EDGE('',*,*,#2846,.T.);
#4073=ORIENTED_EDGE('',*,*,#2847,.T.);
#4074=ORIENTED_EDGE('',*,*,#2838,.T.);
#4075=ORIENTED_EDGE('',*,*,#2847,.F.);
#4076=ORIENTED_EDGE('',*,*,#2848,.T.);
#4077=ORIENTED_EDGE('',*,*,#2849,.T.);
#4078=ORIENTED_EDGE('',*,*,#2840,.T.);
#4079=ORIENTED_EDGE('',*,*,#2849,.F.);
#4080=ORIENTED_EDGE('',*,*,#2850,.T.);
#4081=ORIENTED_EDGE('',*,*,#2843,.T.);
#4082=ORIENTED_EDGE('',*,*,#2842,.T.);
#4083=ORIENTED_EDGE('',*,*,#2851,.T.);
#4084=ORIENTED_EDGE('',*,*,#2852,.T.);
#4085=ORIENTED_EDGE('',*,*,#2853,.T.);
#4086=ORIENTED_EDGE('',*,*,#2854,.T.);
#4087=ORIENTED_EDGE('',*,*,#2855,.T.);
#4088=ORIENTED_EDGE('',*,*,#2856,.T.);
#4089=ORIENTED_EDGE('',*,*,#2857,.T.);
#4090=ORIENTED_EDGE('',*,*,#2858,.T.);
#4091=ORIENTED_EDGE('',*,*,#2859,.F.);
#4092=ORIENTED_EDGE('',*,*,#2854,.F.);
#4093=ORIENTED_EDGE('',*,*,#2860,.F.);
#4094=ORIENTED_EDGE('',*,*,#2799,.F.);
#4095=ORIENTED_EDGE('',*,*,#2860,.T.);
#4096=ORIENTED_EDGE('',*,*,#2853,.F.);
#4097=ORIENTED_EDGE('',*,*,#2861,.F.);
#4098=ORIENTED_EDGE('',*,*,#2796,.F.);
#4099=ORIENTED_EDGE('',*,*,#2859,.T.);
#4100=ORIENTED_EDGE('',*,*,#2801,.F.);
#4101=ORIENTED_EDGE('',*,*,#2862,.F.);
#4102=ORIENTED_EDGE('',*,*,#2851,.F.);
#4103=ORIENTED_EDGE('',*,*,#2861,.T.);
#4104=ORIENTED_EDGE('',*,*,#2852,.F.);
#4105=ORIENTED_EDGE('',*,*,#2862,.T.);
#4106=ORIENTED_EDGE('',*,*,#2792,.F.);
#4107=ORIENTED_EDGE('',*,*,#2863,.F.);
#4108=ORIENTED_EDGE('',*,*,#2844,.F.);
#4109=ORIENTED_EDGE('',*,*,#2864,.F.);
#4110=ORIENTED_EDGE('',*,*,#2858,.F.);
#4111=ORIENTED_EDGE('',*,*,#2864,.T.);
#4112=ORIENTED_EDGE('',*,*,#2850,.F.);
#4113=ORIENTED_EDGE('',*,*,#2865,.F.);
#4114=ORIENTED_EDGE('',*,*,#2855,.F.);
#4115=ORIENTED_EDGE('',*,*,#2863,.T.);
#4116=ORIENTED_EDGE('',*,*,#2857,.F.);
#4117=ORIENTED_EDGE('',*,*,#2866,.F.);
#4118=ORIENTED_EDGE('',*,*,#2846,.F.);
#4119=ORIENTED_EDGE('',*,*,#2865,.T.);
#4120=ORIENTED_EDGE('',*,*,#2848,.F.);
#4121=ORIENTED_EDGE('',*,*,#2866,.T.);
#4122=ORIENTED_EDGE('',*,*,#2856,.F.);
#4123=ORIENTED_EDGE('',*,*,#2867,.T.);
#4124=ORIENTED_EDGE('',*,*,#2868,.T.);
#4125=ORIENTED_EDGE('',*,*,#2869,.F.);
#4126=ORIENTED_EDGE('',*,*,#2870,.F.);
#4127=ORIENTED_EDGE('',*,*,#2871,.T.);
#4128=ORIENTED_EDGE('',*,*,#2870,.T.);
#4129=ORIENTED_EDGE('',*,*,#2872,.F.);
#4130=ORIENTED_EDGE('',*,*,#2873,.F.);
#4131=ORIENTED_EDGE('',*,*,#2874,.T.);
#4132=ORIENTED_EDGE('',*,*,#2873,.T.);
#4133=ORIENTED_EDGE('',*,*,#2875,.F.);
#4134=ORIENTED_EDGE('',*,*,#2876,.F.);
#4135=ORIENTED_EDGE('',*,*,#2877,.T.);
#4136=ORIENTED_EDGE('',*,*,#2876,.T.);
#4137=ORIENTED_EDGE('',*,*,#2878,.F.);
#4138=ORIENTED_EDGE('',*,*,#2868,.F.);
#4139=ORIENTED_EDGE('',*,*,#2878,.T.);
#4140=ORIENTED_EDGE('',*,*,#2875,.T.);
#4141=ORIENTED_EDGE('',*,*,#2872,.T.);
#4142=ORIENTED_EDGE('',*,*,#2869,.T.);
#4143=ORIENTED_EDGE('',*,*,#2877,.F.);
#4144=ORIENTED_EDGE('',*,*,#2867,.F.);
#4145=ORIENTED_EDGE('',*,*,#2871,.F.);
#4146=ORIENTED_EDGE('',*,*,#2874,.F.);
#4147=PLANE('',#4760);
#4148=PLANE('',#4761);
#4149=PLANE('',#4762);
#4150=PLANE('',#4763);
#4151=PLANE('',#4764);
#4152=PLANE('',#4765);
#4153=PLANE('',#4766);
#4154=PLANE('',#4771);
#4155=PLANE('',#4774);
#4156=PLANE('',#4775);
#4157=PLANE('',#4776);
#4158=PLANE('',#4777);
#4159=PLANE('',#4778);
#4160=PLANE('',#4783);
#4161=PLANE('',#4786);
#4162=PLANE('',#4787);
#4163=PLANE('',#4788);
#4164=PLANE('',#4789);
#4165=PLANE('',#4790);
#4166=PLANE('',#4795);
#4167=PLANE('',#4798);
#4168=PLANE('',#4799);
#4169=PLANE('',#4800);
#4170=PLANE('',#4801);
#4171=PLANE('',#4802);
#4172=PLANE('',#4803);
#4173=PLANE('',#4804);
#4174=PLANE('',#4805);
#4175=PLANE('',#4806);
#4176=PLANE('',#4807);
#4177=PLANE('',#4808);
#4178=PLANE('',#4809);
#4179=PLANE('',#4810);
#4180=PLANE('',#4811);
#4181=PLANE('',#4812);
#4182=PLANE('',#4813);
#4183=PLANE('',#4817);
#4184=PLANE('',#4821);
#4185=PLANE('',#4822);
#4186=PLANE('',#4823);
#4187=PLANE('',#4824);
#4188=PLANE('',#4825);
#4189=PLANE('',#4829);
#4190=PLANE('',#4833);
#4191=PLANE('',#4834);
#4192=PLANE('',#4835);
#4193=PLANE('',#4836);
#4194=PLANE('',#4837);
#4195=PLANE('',#4841);
#4196=PLANE('',#4845);
#4197=PLANE('',#4846);
#4198=PLANE('',#4847);
#4199=PLANE('',#4848);
#4200=PLANE('',#4849);
#4201=PLANE('',#4850);
#4202=PLANE('',#4851);
#4203=PLANE('',#4852);
#4204=PLANE('',#4853);
#4205=PLANE('',#4854);
#4206=PLANE('',#4855);
#4207=PLANE('',#4856);
#4208=PLANE('',#4857);
#4209=PLANE('',#4858);
#4210=PLANE('',#4859);
#4211=PLANE('',#4860);
#4212=PLANE('',#4861);
#4213=PLANE('',#4862);
#4214=PLANE('',#4863);
#4215=PLANE('',#4867);
#4216=PLANE('',#4868);
#4217=PLANE('',#4869);
#4218=PLANE('',#4870);
#4219=PLANE('',#4871);
#4220=PLANE('',#4872);
#4221=PLANE('',#4873);
#4222=PLANE('',#4874);
#4223=PLANE('',#4875);
#4224=PLANE('',#4876);
#4225=PLANE('',#4877);
#4226=PLANE('',#4878);
#4227=PLANE('',#4879);
#4228=PLANE('',#4880);
#4229=PLANE('',#4881);
#4230=PLANE('',#4882);
#4231=PLANE('',#4883);
#4232=PLANE('',#4884);
#4233=PLANE('',#4885);
#4234=PLANE('',#4886);
#4235=PLANE('',#4887);
#4236=PLANE('',#4888);
#4237=PLANE('',#4889);
#4238=PLANE('',#4890);
#4239=PLANE('',#4891);
#4240=PLANE('',#4892);
#4241=PLANE('',#4893);
#4242=PLANE('',#4894);
#4243=PLANE('',#4895);
#4244=PLANE('',#4896);
#4245=PLANE('',#4897);
#4246=PLANE('',#4898);
#4247=PLANE('',#4899);
#4248=PLANE('',#4900);
#4249=PLANE('',#4901);
#4250=PLANE('',#4902);
#4251=PLANE('',#4903);
#4252=PLANE('',#4904);
#4253=PLANE('',#4905);
#4254=PLANE('',#4906);
#4255=PLANE('',#4907);
#4256=PLANE('',#4908);
#4257=PLANE('',#4909);
#4258=PLANE('',#4910);
#4259=PLANE('',#4911);
#4260=PLANE('',#4912);
#4261=PLANE('',#4913);
#4262=PLANE('',#4914);
#4263=PLANE('',#4916);
#4264=PLANE('',#4917);
#4265=PLANE('',#4918);
#4266=PLANE('',#4920);
#4267=PLANE('',#4921);
#4268=PLANE('',#4922);
#4269=PLANE('',#4924);
#4270=PLANE('',#4925);
#4271=PLANE('',#4926);
#4272=PLANE('',#4927);
#4273=PLANE('',#4928);
#4274=PLANE('',#4929);
#4275=PLANE('',#4930);
#4276=PLANE('',#4931);
#4277=PLANE('',#4932);
#4278=PLANE('',#4933);
#4279=PLANE('',#4934);
#4280=PLANE('',#4935);
#4281=PLANE('',#4936);
#4282=PLANE('',#4937);
#4283=PLANE('',#4938);
#4284=PLANE('',#4939);
#4285=PLANE('',#4940);
#4286=PLANE('',#4941);
#4287=PLANE('',#4942);
#4288=PLANE('',#4943);
#4289=PLANE('',#4944);
#4290=PLANE('',#4945);
#4291=PLANE('',#4946);
#4292=PLANE('',#4947);
#4293=PLANE('',#4948);
#4294=PLANE('',#4949);
#4295=PLANE('',#4950);
#4296=PLANE('',#4954);
#4297=PLANE('',#4958);
#4298=PLANE('',#4959);
#4299=PLANE('',#4960);
#4300=PLANE('',#4961);
#4301=PLANE('',#4962);
#4302=PLANE('',#4966);
#4303=PLANE('',#4970);
#4304=PLANE('',#4971);
#4305=PLANE('',#4972);
#4306=PLANE('',#4973);
#4307=PLANE('',#4974);
#4308=PLANE('',#4978);
#4309=PLANE('',#4982);
#4310=PLANE('',#4983);
#4311=PLANE('',#4984);
#4312=PLANE('',#4985);
#4313=PLANE('',#4986);
#4314=PLANE('',#4987);
#4315=PLANE('',#4988);
#4316=PLANE('',#4989);
#4317=PLANE('',#4990);
#4318=PLANE('',#4991);
#4319=PLANE('',#4992);
#4320=PLANE('',#4993);
#4321=PLANE('',#4994);
#4322=PLANE('',#4995);
#4323=PLANE('',#4996);
#4324=PLANE('',#4997);
#4325=PLANE('',#4998);
#4326=PLANE('',#4999);
#4327=PLANE('',#5000);
#4328=PLANE('',#5004);
#4329=PLANE('',#5008);
#4330=PLANE('',#5009);
#4331=PLANE('',#5010);
#4332=PLANE('',#5011);
#4333=PLANE('',#5012);
#4334=PLANE('',#5016);
#4335=PLANE('',#5020);
#4336=PLANE('',#5021);
#4337=PLANE('',#5022);
#4338=PLANE('',#5023);
#4339=PLANE('',#5024);
#4340=PLANE('',#5028);
#4341=PLANE('',#5032);
#4342=PLANE('',#5033);
#4343=PLANE('',#5034);
#4344=PLANE('',#5035);
#4345=PLANE('',#5036);
#4346=PLANE('',#5037);
#4347=PLANE('',#5038);
#4348=PLANE('',#5039);
#4349=PLANE('',#5040);
#4350=PLANE('',#5041);
#4351=PLANE('',#5042);
#4352=PLANE('',#5043);
#4353=PLANE('',#5044);
#4354=PLANE('',#5045);
#4355=PLANE('',#5046);
#4356=PLANE('',#5047);
#4357=PLANE('',#5048);
#4358=PLANE('',#5049);
#4359=PLANE('',#5050);
#4360=PLANE('',#5054);
#4361=PLANE('',#5058);
#4362=PLANE('',#5059);
#4363=PLANE('',#5060);
#4364=PLANE('',#5061);
#4365=PLANE('',#5062);
#4366=PLANE('',#5066);
#4367=PLANE('',#5070);
#4368=PLANE('',#5071);
#4369=PLANE('',#5072);
#4370=PLANE('',#5073);
#4371=PLANE('',#5074);
#4372=PLANE('',#5078);
#4373=PLANE('',#5082);
#4374=PLANE('',#5083);
#4375=PLANE('',#5084);
#4376=PLANE('',#5085);
#4377=PLANE('',#5086);
#4378=PLANE('',#5087);
#4379=PLANE('',#5088);
#4380=PLANE('',#5089);
#4381=PLANE('',#5090);
#4382=PLANE('',#5091);
#4383=PLANE('',#5092);
#4384=PLANE('',#5093);
#4385=PLANE('',#5094);
#4386=PLANE('',#5095);
#4387=PLANE('',#5096);
#4388=PLANE('',#5099);
#4389=PLANE('',#5100);
#4390=PLANE('',#5101);
#4391=PLANE('',#5102);
#4392=PLANE('',#5103);
#4393=PLANE('',#5104);
#4394=ADVANCED_FACE('',(#166),#4147,.T.);
#4395=ADVANCED_FACE('',(#167),#4148,.F.);
#4396=ADVANCED_FACE('',(#168),#4149,.F.);
#4397=ADVANCED_FACE('',(#169),#4150,.F.);
#4398=ADVANCED_FACE('',(#170),#4151,.F.);
#4399=ADVANCED_FACE('',(#171),#4152,.F.);
#4400=ADVANCED_FACE('',(#172),#4153,.F.);
#4401=ADVANCED_FACE('',(#173),#70,.F.);
#4402=ADVANCED_FACE('',(#174),#4154,.F.);
#4403=ADVANCED_FACE('',(#175),#71,.T.);
#4404=ADVANCED_FACE('',(#176),#4155,.F.);
#4405=ADVANCED_FACE('',(#177),#4156,.F.);
#4406=ADVANCED_FACE('',(#178),#4157,.F.);
#4407=ADVANCED_FACE('',(#179),#4158,.F.);
#4408=ADVANCED_FACE('',(#180),#4159,.F.);
#4409=ADVANCED_FACE('',(#181),#72,.T.);
#4410=ADVANCED_FACE('',(#182),#4160,.F.);
#4411=ADVANCED_FACE('',(#183),#73,.F.);
#4412=ADVANCED_FACE('',(#184),#4161,.F.);
#4413=ADVANCED_FACE('',(#185),#4162,.F.);
#4414=ADVANCED_FACE('',(#186),#4163,.F.);
#4415=ADVANCED_FACE('',(#187),#4164,.F.);
#4416=ADVANCED_FACE('',(#188),#4165,.F.);
#4417=ADVANCED_FACE('',(#189),#74,.F.);
#4418=ADVANCED_FACE('',(#190),#4166,.F.);
#4419=ADVANCED_FACE('',(#191),#75,.T.);
#4420=ADVANCED_FACE('',(#192),#4167,.F.);
#4421=ADVANCED_FACE('',(#193),#4168,.F.);
#4422=ADVANCED_FACE('',(#194),#4169,.F.);
#4423=ADVANCED_FACE('',(#195),#4170,.F.);
#4424=ADVANCED_FACE('',(#196),#4171,.F.);
#4425=ADVANCED_FACE('',(#197),#4172,.F.);
#4426=ADVANCED_FACE('',(#198),#4173,.F.);
#4427=ADVANCED_FACE('',(#199),#4174,.F.);
#4428=ADVANCED_FACE('',(#200),#4175,.T.);
#4429=ADVANCED_FACE('',(#201),#4176,.T.);
#4430=ADVANCED_FACE('',(#202),#4177,.T.);
#4431=ADVANCED_FACE('',(#203),#4178,.T.);
#4432=ADVANCED_FACE('',(#204),#4179,.F.);
#4433=ADVANCED_FACE('',(#205),#4180,.F.);
#4434=ADVANCED_FACE('',(#206),#4181,.F.);
#4435=ADVANCED_FACE('',(#207),#4182,.F.);
#4436=ADVANCED_FACE('',(#208),#76,.T.);
#4437=ADVANCED_FACE('',(#209),#4183,.F.);
#4438=ADVANCED_FACE('',(#210),#77,.F.);
#4439=ADVANCED_FACE('',(#211),#4184,.F.);
#4440=ADVANCED_FACE('',(#212),#4185,.F.);
#4441=ADVANCED_FACE('',(#213),#4186,.F.);
#4442=ADVANCED_FACE('',(#214),#4187,.F.);
#4443=ADVANCED_FACE('',(#215),#4188,.F.);
#4444=ADVANCED_FACE('',(#216),#78,.F.);
#4445=ADVANCED_FACE('',(#217),#4189,.F.);
#4446=ADVANCED_FACE('',(#218),#79,.T.);
#4447=ADVANCED_FACE('',(#219),#4190,.F.);
#4448=ADVANCED_FACE('',(#220),#4191,.F.);
#4449=ADVANCED_FACE('',(#221),#4192,.F.);
#4450=ADVANCED_FACE('',(#222),#4193,.F.);
#4451=ADVANCED_FACE('',(#223),#4194,.F.);
#4452=ADVANCED_FACE('',(#224),#80,.T.);
#4453=ADVANCED_FACE('',(#225),#4195,.F.);
#4454=ADVANCED_FACE('',(#226),#81,.F.);
#4455=ADVANCED_FACE('',(#227),#4196,.F.);
#4456=ADVANCED_FACE('',(#228),#4197,.F.);
#4457=ADVANCED_FACE('',(#229),#4198,.F.);
#4458=ADVANCED_FACE('',(#230),#4199,.F.);
#4459=ADVANCED_FACE('',(#231),#4200,.F.);
#4460=ADVANCED_FACE('',(#232),#4201,.F.);
#4461=ADVANCED_FACE('',(#233),#4202,.T.);
#4462=ADVANCED_FACE('',(#234),#4203,.F.);
#4463=ADVANCED_FACE('',(#235),#4204,.F.);
#4464=ADVANCED_FACE('',(#236),#4205,.F.);
#4465=ADVANCED_FACE('',(#237),#4206,.F.);
#4466=ADVANCED_FACE('',(#238),#4207,.T.);
#4467=ADVANCED_FACE('',(#239),#4208,.T.);
#4468=ADVANCED_FACE('',(#240),#4209,.T.);
#4469=ADVANCED_FACE('',(#241),#4210,.T.);
#4470=ADVANCED_FACE('',(#242),#4211,.F.);
#4471=ADVANCED_FACE('',(#243),#4212,.F.);
#4472=ADVANCED_FACE('',(#244),#4213,.F.);
#4473=ADVANCED_FACE('',(#245),#4214,.F.);
#4474=ADVANCED_FACE('',(#246),#82,.F.);
#4475=ADVANCED_FACE('',(#247),#4215,.F.);
#4476=ADVANCED_FACE('',(#248),#4216,.F.);
#4477=ADVANCED_FACE('',(#249,#43),#4217,.F.);
#4478=ADVANCED_FACE('',(#250),#4218,.F.);
#4479=ADVANCED_FACE('',(#251),#4219,.F.);
#4480=ADVANCED_FACE('',(#252),#4220,.F.);
#4481=ADVANCED_FACE('',(#253),#4221,.F.);
#4482=ADVANCED_FACE('',(#254),#4222,.F.);
#4483=ADVANCED_FACE('',(#255),#4223,.F.);
#4484=ADVANCED_FACE('',(#256),#4224,.F.);
#4485=ADVANCED_FACE('',(#257),#4225,.F.);
#4486=ADVANCED_FACE('',(#258,#44,#45,#46,#47,#48),#4226,.T.);
#4487=ADVANCED_FACE('',(#259),#4227,.F.);
#4488=ADVANCED_FACE('',(#260),#4228,.F.);
#4489=ADVANCED_FACE('',(#261),#4229,.F.);
#4490=ADVANCED_FACE('',(#262),#4230,.F.);
#4491=ADVANCED_FACE('',(#263),#4231,.F.);
#4492=ADVANCED_FACE('',(#264),#4232,.F.);
#4493=ADVANCED_FACE('',(#265),#4233,.F.);
#4494=ADVANCED_FACE('',(#266),#4234,.F.);
#4495=ADVANCED_FACE('',(#267),#4235,.F.);
#4496=ADVANCED_FACE('',(#268,#49),#4236,.F.);
#4497=ADVANCED_FACE('',(#269),#4237,.F.);
#4498=ADVANCED_FACE('',(#270),#4238,.F.);
#4499=ADVANCED_FACE('',(#271),#4239,.F.);
#4500=ADVANCED_FACE('',(#272),#4240,.F.);
#4501=ADVANCED_FACE('',(#273,#50),#4241,.F.);
#4502=ADVANCED_FACE('',(#274),#4242,.F.);
#4503=ADVANCED_FACE('',(#275),#4243,.F.);
#4504=ADVANCED_FACE('',(#276),#4244,.F.);
#4505=ADVANCED_FACE('',(#277),#4245,.F.);
#4506=ADVANCED_FACE('',(#278),#4246,.F.);
#4507=ADVANCED_FACE('',(#279),#4247,.T.);
#4508=ADVANCED_FACE('',(#280),#4248,.T.);
#4509=ADVANCED_FACE('',(#281),#4249,.T.);
#4510=ADVANCED_FACE('',(#282),#4250,.T.);
#4511=ADVANCED_FACE('',(#283),#4251,.F.);
#4512=ADVANCED_FACE('',(#284),#4252,.F.);
#4513=ADVANCED_FACE('',(#285),#4253,.F.);
#4514=ADVANCED_FACE('',(#286),#4254,.F.);
#4515=ADVANCED_FACE('',(#287),#4255,.F.);
#4516=ADVANCED_FACE('',(#288),#4256,.F.);
#4517=ADVANCED_FACE('',(#289),#4257,.F.);
#4518=ADVANCED_FACE('',(#290),#4258,.F.);
#4519=ADVANCED_FACE('',(#291),#4259,.F.);
#4520=ADVANCED_FACE('',(#292),#4260,.F.);
#4521=ADVANCED_FACE('',(#293,#51),#4261,.F.);
#4522=ADVANCED_FACE('',(#294),#4262,.F.);
#4523=ADVANCED_FACE('',(#295),#4263,.F.);
#4524=ADVANCED_FACE('',(#296),#4264,.F.);
#4525=ADVANCED_FACE('',(#297),#4265,.T.);
#4526=ADVANCED_FACE('',(#298),#4266,.F.);
#4527=ADVANCED_FACE('',(#299),#4267,.F.);
#4528=ADVANCED_FACE('',(#300),#4268,.F.);
#4529=ADVANCED_FACE('',(#301),#83,.F.);
#4530=ADVANCED_FACE('',(#302),#4269,.F.);
#4531=ADVANCED_FACE('',(#303,#52),#4270,.F.);
#4532=ADVANCED_FACE('',(#304,#53),#4271,.F.);
#4533=ADVANCED_FACE('',(#305),#4272,.F.);
#4534=ADVANCED_FACE('',(#306),#4273,.F.);
#4535=ADVANCED_FACE('',(#307,#54),#4274,.F.);
#4536=ADVANCED_FACE('',(#308),#4275,.F.);
#4537=ADVANCED_FACE('',(#309),#4276,.F.);
#4538=ADVANCED_FACE('',(#310,#55),#4277,.F.);
#4539=ADVANCED_FACE('',(#311),#4278,.F.);
#4540=ADVANCED_FACE('',(#312),#4279,.F.);
#4541=ADVANCED_FACE('',(#313),#4280,.F.);
#4542=ADVANCED_FACE('',(#314),#4281,.F.);
#4543=ADVANCED_FACE('',(#315),#4282,.F.);
#4544=ADVANCED_FACE('',(#316),#4283,.F.);
#4545=ADVANCED_FACE('',(#317),#4284,.F.);
#4546=ADVANCED_FACE('',(#318),#4285,.F.);
#4547=ADVANCED_FACE('',(#319),#4286,.F.);
#4548=ADVANCED_FACE('',(#320),#4287,.F.);
#4549=ADVANCED_FACE('',(#321),#4288,.F.);
#4550=ADVANCED_FACE('',(#322),#4289,.F.);
#4551=ADVANCED_FACE('',(#323),#4290,.F.);
#4552=ADVANCED_FACE('',(#324),#4291,.F.);
#4553=ADVANCED_FACE('',(#325),#4292,.F.);
#4554=ADVANCED_FACE('',(#326),#4293,.F.);
#4555=ADVANCED_FACE('',(#327),#4294,.F.);
#4556=ADVANCED_FACE('',(#328),#4295,.F.);
#4557=ADVANCED_FACE('',(#329),#84,.T.);
#4558=ADVANCED_FACE('',(#330),#4296,.F.);
#4559=ADVANCED_FACE('',(#331),#85,.F.);
#4560=ADVANCED_FACE('',(#332),#4297,.F.);
#4561=ADVANCED_FACE('',(#333),#4298,.F.);
#4562=ADVANCED_FACE('',(#334),#4299,.F.);
#4563=ADVANCED_FACE('',(#335),#4300,.F.);
#4564=ADVANCED_FACE('',(#336),#4301,.F.);
#4565=ADVANCED_FACE('',(#337),#86,.F.);
#4566=ADVANCED_FACE('',(#338),#4302,.F.);
#4567=ADVANCED_FACE('',(#339),#87,.T.);
#4568=ADVANCED_FACE('',(#340),#4303,.F.);
#4569=ADVANCED_FACE('',(#341),#4304,.F.);
#4570=ADVANCED_FACE('',(#342),#4305,.F.);
#4571=ADVANCED_FACE('',(#343),#4306,.F.);
#4572=ADVANCED_FACE('',(#344),#4307,.F.);
#4573=ADVANCED_FACE('',(#345),#88,.T.);
#4574=ADVANCED_FACE('',(#346),#4308,.F.);
#4575=ADVANCED_FACE('',(#347),#89,.F.);
#4576=ADVANCED_FACE('',(#348),#4309,.F.);
#4577=ADVANCED_FACE('',(#349),#4310,.F.);
#4578=ADVANCED_FACE('',(#350),#4311,.F.);
#4579=ADVANCED_FACE('',(#351),#4312,.F.);
#4580=ADVANCED_FACE('',(#352),#4313,.F.);
#4581=ADVANCED_FACE('',(#353),#4314,.F.);
#4582=ADVANCED_FACE('',(#354),#4315,.T.);
#4583=ADVANCED_FACE('',(#355),#4316,.F.);
#4584=ADVANCED_FACE('',(#356),#4317,.F.);
#4585=ADVANCED_FACE('',(#357),#4318,.F.);
#4586=ADVANCED_FACE('',(#358),#4319,.F.);
#4587=ADVANCED_FACE('',(#359),#4320,.T.);
#4588=ADVANCED_FACE('',(#360),#4321,.T.);
#4589=ADVANCED_FACE('',(#361),#4322,.T.);
#4590=ADVANCED_FACE('',(#362),#4323,.T.);
#4591=ADVANCED_FACE('',(#363),#4324,.F.);
#4592=ADVANCED_FACE('',(#364),#4325,.F.);
#4593=ADVANCED_FACE('',(#365),#4326,.F.);
#4594=ADVANCED_FACE('',(#366),#4327,.F.);
#4595=ADVANCED_FACE('',(#367),#90,.T.);
#4596=ADVANCED_FACE('',(#368),#4328,.F.);
#4597=ADVANCED_FACE('',(#369),#91,.F.);
#4598=ADVANCED_FACE('',(#370),#4329,.F.);
#4599=ADVANCED_FACE('',(#371),#4330,.F.);
#4600=ADVANCED_FACE('',(#372),#4331,.F.);
#4601=ADVANCED_FACE('',(#373),#4332,.F.);
#4602=ADVANCED_FACE('',(#374),#4333,.F.);
#4603=ADVANCED_FACE('',(#375),#92,.F.);
#4604=ADVANCED_FACE('',(#376),#4334,.F.);
#4605=ADVANCED_FACE('',(#377),#93,.T.);
#4606=ADVANCED_FACE('',(#378),#4335,.F.);
#4607=ADVANCED_FACE('',(#379),#4336,.F.);
#4608=ADVANCED_FACE('',(#380),#4337,.F.);
#4609=ADVANCED_FACE('',(#381),#4338,.F.);
#4610=ADVANCED_FACE('',(#382),#4339,.F.);
#4611=ADVANCED_FACE('',(#383),#94,.T.);
#4612=ADVANCED_FACE('',(#384),#4340,.F.);
#4613=ADVANCED_FACE('',(#385),#95,.F.);
#4614=ADVANCED_FACE('',(#386),#4341,.F.);
#4615=ADVANCED_FACE('',(#387),#4342,.F.);
#4616=ADVANCED_FACE('',(#388),#4343,.F.);
#4617=ADVANCED_FACE('',(#389),#4344,.F.);
#4618=ADVANCED_FACE('',(#390),#4345,.F.);
#4619=ADVANCED_FACE('',(#391),#4346,.F.);
#4620=ADVANCED_FACE('',(#392),#4347,.T.);
#4621=ADVANCED_FACE('',(#393),#4348,.F.);
#4622=ADVANCED_FACE('',(#394),#4349,.F.);
#4623=ADVANCED_FACE('',(#395),#4350,.F.);
#4624=ADVANCED_FACE('',(#396),#4351,.F.);
#4625=ADVANCED_FACE('',(#397),#4352,.T.);
#4626=ADVANCED_FACE('',(#398),#4353,.T.);
#4627=ADVANCED_FACE('',(#399),#4354,.T.);
#4628=ADVANCED_FACE('',(#400),#4355,.T.);
#4629=ADVANCED_FACE('',(#401),#4356,.F.);
#4630=ADVANCED_FACE('',(#402),#4357,.F.);
#4631=ADVANCED_FACE('',(#403),#4358,.F.);
#4632=ADVANCED_FACE('',(#404),#4359,.F.);
#4633=ADVANCED_FACE('',(#405),#96,.T.);
#4634=ADVANCED_FACE('',(#406),#4360,.F.);
#4635=ADVANCED_FACE('',(#407),#97,.F.);
#4636=ADVANCED_FACE('',(#408),#4361,.F.);
#4637=ADVANCED_FACE('',(#409),#4362,.F.);
#4638=ADVANCED_FACE('',(#410),#4363,.F.);
#4639=ADVANCED_FACE('',(#411),#4364,.F.);
#4640=ADVANCED_FACE('',(#412),#4365,.F.);
#4641=ADVANCED_FACE('',(#413),#98,.F.);
#4642=ADVANCED_FACE('',(#414),#4366,.F.);
#4643=ADVANCED_FACE('',(#415),#99,.T.);
#4644=ADVANCED_FACE('',(#416),#4367,.F.);
#4645=ADVANCED_FACE('',(#417),#4368,.F.);
#4646=ADVANCED_FACE('',(#418),#4369,.F.);
#4647=ADVANCED_FACE('',(#419),#4370,.F.);
#4648=ADVANCED_FACE('',(#420),#4371,.F.);
#4649=ADVANCED_FACE('',(#421),#100,.T.);
#4650=ADVANCED_FACE('',(#422),#4372,.F.);
#4651=ADVANCED_FACE('',(#423),#101,.F.);
#4652=ADVANCED_FACE('',(#424),#4373,.F.);
#4653=ADVANCED_FACE('',(#425),#4374,.F.);
#4654=ADVANCED_FACE('',(#426),#4375,.F.);
#4655=ADVANCED_FACE('',(#427),#4376,.F.);
#4656=ADVANCED_FACE('',(#428),#4377,.F.);
#4657=ADVANCED_FACE('',(#429),#4378,.F.);
#4658=ADVANCED_FACE('',(#430),#4379,.T.);
#4659=ADVANCED_FACE('',(#431),#4380,.F.);
#4660=ADVANCED_FACE('',(#432),#4381,.F.);
#4661=ADVANCED_FACE('',(#433),#4382,.F.);
#4662=ADVANCED_FACE('',(#434),#4383,.F.);
#4663=ADVANCED_FACE('',(#435),#4384,.T.);
#4664=ADVANCED_FACE('',(#436),#4385,.T.);
#4665=ADVANCED_FACE('',(#437),#4386,.T.);
#4666=ADVANCED_FACE('',(#438),#4387,.T.);
#4667=ADVANCED_FACE('',(#439),#4388,.T.);
#4668=ADVANCED_FACE('',(#440),#4389,.T.);
#4669=ADVANCED_FACE('',(#441),#4390,.T.);
#4670=ADVANCED_FACE('',(#442),#4391,.T.);
#4671=ADVANCED_FACE('',(#443),#4392,.T.);
#4672=ADVANCED_FACE('',(#444),#4393,.F.);
#4673=CLOSED_SHELL('',(#4394,#4395,#4396,#4397,#4398,#4399,#4400,#4401,
#4402,#4403,#4404,#4405,#4406,#4407,#4408,#4409,#4410,#4411,#4412,#4413,
#4414,#4415,#4416,#4417,#4418,#4419,#4420,#4421,#4422,#4423,#4424,#4425,
#4426,#4427,#4428,#4429,#4430,#4431));
#4674=CLOSED_SHELL('',(#4432,#4433,#4434,#4435,#4436,#4437,#4438,#4439,
#4440,#4441,#4442,#4443,#4444,#4445,#4446,#4447,#4448,#4449,#4450,#4451,
#4452,#4453,#4454,#4455,#4456,#4457,#4458,#4459,#4460,#4461,#4462,#4463,
#4464,#4465,#4466,#4467,#4468,#4469));
#4675=CLOSED_SHELL('',(#4470,#4471,#4472,#4473,#4474,#4475,#4476,#4477,
#4478,#4479,#4480,#4481,#4482,#4483,#4484,#4485,#4486,#4487,#4488,#4489,
#4490,#4491,#4492,#4493,#4494,#4495,#4496,#4497,#4498,#4499,#4500,#4501,
#4502,#4503,#4504,#4505,#4506,#4507,#4508,#4509,#4510,#4511,#4512,#4513,
#4514,#4515,#4516,#4517,#4518,#4519,#4520,#4521,#4522,#4523,#4524,#4525,
#4526,#4527,#4528,#4529,#4530,#4531,#4532,#4533,#4534,#4535,#4536,#4537,
#4538,#4539,#4540,#4541,#4542,#4543,#4544,#4545,#4546,#4547,#4548,#4549,
#4550,#4551,#4552));
#4676=CLOSED_SHELL('',(#4553,#4554,#4555,#4556,#4557,#4558,#4559,#4560,
#4561,#4562,#4563,#4564,#4565,#4566,#4567,#4568,#4569,#4570,#4571,#4572,
#4573,#4574,#4575,#4576,#4577,#4578,#4579,#4580,#4581,#4582,#4583,#4584,
#4585,#4586,#4587,#4588,#4589,#4590));
#4677=CLOSED_SHELL('',(#4591,#4592,#4593,#4594,#4595,#4596,#4597,#4598,
#4599,#4600,#4601,#4602,#4603,#4604,#4605,#4606,#4607,#4608,#4609,#4610,
#4611,#4612,#4613,#4614,#4615,#4616,#4617,#4618,#4619,#4620,#4621,#4622,
#4623,#4624,#4625,#4626,#4627,#4628));
#4678=CLOSED_SHELL('',(#4629,#4630,#4631,#4632,#4633,#4634,#4635,#4636,
#4637,#4638,#4639,#4640,#4641,#4642,#4643,#4644,#4645,#4646,#4647,#4648,
#4649,#4650,#4651,#4652,#4653,#4654,#4655,#4656,#4657,#4658,#4659,#4660,
#4661,#4662,#4663,#4664,#4665,#4666));
#4679=CLOSED_SHELL('',(#4667,#4668,#4669,#4670,#4671,#4672));
#4680=DERIVED_UNIT_ELEMENT(#4685,1.);
#4681=DERIVED_UNIT_ELEMENT(#7692,-3.);
#4682=DERIVED_UNIT_ELEMENT(#4685,1.);
#4683=DERIVED_UNIT_ELEMENT(#7692,-3.);
#4684=DIMENSIONAL_EXPONENTS(0.,1.,0.,0.,0.,0.,0.);
#4685=(
CONVERSION_BASED_UNIT('gram',#4687)
MASS_UNIT()
NAMED_UNIT(#4684)
);
#4686=(
MASS_UNIT()
NAMED_UNIT(*)
SI_UNIT(.KILO.,.GRAM.)
);
#4687=MASS_MEASURE_WITH_UNIT(MASS_MEASURE(0.001),#4686);
#4688=DERIVED_UNIT((#4680,#4681));
#4689=DERIVED_UNIT((#4682,#4683));
#4690=MEASURE_REPRESENTATION_ITEM('density measure',
POSITIVE_RATIO_MEASURE(1.),#4688);
#4691=MEASURE_REPRESENTATION_ITEM('density measure',
POSITIVE_RATIO_MEASURE(1.),#4689);
#4692=PROPERTY_DEFINITION_REPRESENTATION(#4702,#4696);
#4693=PROPERTY_DEFINITION_REPRESENTATION(#4703,#4697);
#4694=PROPERTY_DEFINITION_REPRESENTATION(#4704,#4698);
#4695=PROPERTY_DEFINITION_REPRESENTATION(#4705,#4699);
#4696=REPRESENTATION('material name',(#4700),#7688);
#4697=REPRESENTATION('density',(#4690),#7688);
#4698=REPRESENTATION('material name',(#4701),#7689);
#4699=REPRESENTATION('density',(#4691),#7689);
#4700=DESCRIPTIVE_REPRESENTATION_ITEM('Generic','Generic');
#4701=DESCRIPTIVE_REPRESENTATION_ITEM('Generic','Generic');
#4702=PROPERTY_DEFINITION('material property','material name',#7717);
#4703=PROPERTY_DEFINITION('material property','density of part',#7717);
#4704=PROPERTY_DEFINITION('material property','material name',#7718);
#4705=PROPERTY_DEFINITION('material property','density of part',#7718);
#4706=PRESENTATION_STYLE_ASSIGNMENT((#4709));
#4707=PRESENTATION_STYLE_ASSIGNMENT((#4710));
#4708=PRESENTATION_STYLE_ASSIGNMENT((#4711));
#4709=SURFACE_STYLE_USAGE(.BOTH.,#4718);
#4710=SURFACE_STYLE_USAGE(.BOTH.,#4719);
#4711=SURFACE_STYLE_USAGE(.BOTH.,#4720);
#4712=SURFACE_STYLE_RENDERING_WITH_PROPERTIES($,#4730,(#4715));
#4713=SURFACE_STYLE_RENDERING_WITH_PROPERTIES($,#4731,(#4716));
#4714=SURFACE_STYLE_RENDERING_WITH_PROPERTIES($,#4732,(#4717));
#4715=SURFACE_STYLE_TRANSPARENT(0.);
#4716=SURFACE_STYLE_TRANSPARENT(0.);
#4717=SURFACE_STYLE_TRANSPARENT(0.);
#4718=SURFACE_SIDE_STYLE('',(#4721,#4712));
#4719=SURFACE_SIDE_STYLE('',(#4722,#4713));
#4720=SURFACE_SIDE_STYLE('',(#4723,#4714));
#4721=SURFACE_STYLE_FILL_AREA(#4724);
#4722=SURFACE_STYLE_FILL_AREA(#4725);
#4723=SURFACE_STYLE_FILL_AREA(#4726);
#4724=FILL_AREA_STYLE('',(#4727));
#4725=FILL_AREA_STYLE('',(#4728));
#4726=FILL_AREA_STYLE('',(#4729));
#4727=FILL_AREA_STYLE_COLOUR('',#4730);
#4728=FILL_AREA_STYLE_COLOUR('',#4731);
#4729=FILL_AREA_STYLE_COLOUR('',#4732);
#4730=COLOUR_RGB('',0.749019607843137,0.749019607843137,0.749019607843137);
#4731=COLOUR_RGB('',0.792156862745098,0.819607843137255,0.933333333333333);
#4732=COLOUR_RGB('',1.,1.,1.);
#4733=DATE_TIME_ROLE('creation_date');
#4734=DATE_TIME_ROLE('creation_date');
#4735=DATE_TIME_ROLE('creation_date');
#4736=DATE_TIME_ROLE('creation_date');
#4737=APPLIED_DATE_AND_TIME_ASSIGNMENT(#4741,#4733,(#7715));
#4738=APPLIED_DATE_AND_TIME_ASSIGNMENT(#4742,#4734,(#7716));
#4739=APPLIED_DATE_AND_TIME_ASSIGNMENT(#4743,#4735,(#7717));
#4740=APPLIED_DATE_AND_TIME_ASSIGNMENT(#4744,#4736,(#7718));
#4741=DATE_AND_TIME(#4745,#4749);
#4742=DATE_AND_TIME(#4746,#4750);
#4743=DATE_AND_TIME(#4747,#4751);
#4744=DATE_AND_TIME(#4748,#4752);
#4745=CALENDAR_DATE(2025,13,12);
#4746=CALENDAR_DATE(2021,17,10);
#4747=CALENDAR_DATE(2025,13,12);
#4748=CALENDAR_DATE(2025,13,12);
#4749=LOCAL_TIME(0,0,0.,#4753);
#4750=LOCAL_TIME(19,38,40.,#4754);
#4751=LOCAL_TIME(0,0,0.,#4755);
#4752=LOCAL_TIME(0,0,0.,#4756);
#4753=COORDINATED_UNIVERSAL_TIME_OFFSET(0,0,.BEHIND.);
#4754=COORDINATED_UNIVERSAL_TIME_OFFSET(0,0,.BEHIND.);
#4755=COORDINATED_UNIVERSAL_TIME_OFFSET(0,0,.BEHIND.);
#4756=COORDINATED_UNIVERSAL_TIME_OFFSET(0,0,.BEHIND.);
#4757=AXIS2_PLACEMENT_3D('',#6389,#5111,#5112);
#4758=AXIS2_PLACEMENT_3D('',#6390,#5113,#5114);
#4759=AXIS2_PLACEMENT_3D('',#6391,#5115,#5116);
#4760=AXIS2_PLACEMENT_3D('',#6392,#5117,#5118);
#4761=AXIS2_PLACEMENT_3D('',#6401,#5123,#5124);
#4762=AXIS2_PLACEMENT_3D('',#6410,#5129,#5130);
#4763=AXIS2_PLACEMENT_3D('',#6419,#5135,#5136);
#4764=AXIS2_PLACEMENT_3D('',#6425,#5140,#5141);
#4765=AXIS2_PLACEMENT_3D('',#6431,#5145,#5146);
#4766=AXIS2_PLACEMENT_3D('',#6434,#5149,#5150);
#4767=AXIS2_PLACEMENT_3D('',#6436,#5151,#5152);
#4768=AXIS2_PLACEMENT_3D('',#6439,#5154,#5155);
#4769=AXIS2_PLACEMENT_3D('',#6440,#5156,#5157);
#4770=AXIS2_PLACEMENT_3D('',#6442,#5158,#5159);
#4771=AXIS2_PLACEMENT_3D('',#6444,#5161,#5162);
#4772=AXIS2_PLACEMENT_3D('',#6446,#5163,#5164);
#4773=AXIS2_PLACEMENT_3D('',#6448,#5166,#5167);
#4774=AXIS2_PLACEMENT_3D('',#6450,#5169,#5170);
#4775=AXIS2_PLACEMENT_3D('',#6456,#5174,#5175);
#4776=AXIS2_PLACEMENT_3D('',#6460,#5178,#5179);
#4777=AXIS2_PLACEMENT_3D('',#6464,#5182,#5183);
#4778=AXIS2_PLACEMENT_3D('',#6466,#5185,#5186);
#4779=AXIS2_PLACEMENT_3D('',#6468,#5187,#5188);
#4780=AXIS2_PLACEMENT_3D('',#6471,#5190,#5191);
#4781=AXIS2_PLACEMENT_3D('',#6472,#5192,#5193);
#4782=AXIS2_PLACEMENT_3D('',#6474,#5194,#5195);
#4783=AXIS2_PLACEMENT_3D('',#6476,#5197,#5198);
#4784=AXIS2_PLACEMENT_3D('',#6478,#5199,#5200);
#4785=AXIS2_PLACEMENT_3D('',#6480,#5202,#5203);
#4786=AXIS2_PLACEMENT_3D('',#6482,#5205,#5206);
#4787=AXIS2_PLACEMENT_3D('',#6488,#5210,#5211);
#4788=AXIS2_PLACEMENT_3D('',#6492,#5214,#5215);
#4789=AXIS2_PLACEMENT_3D('',#6496,#5218,#5219);
#4790=AXIS2_PLACEMENT_3D('',#6498,#5221,#5222);
#4791=AXIS2_PLACEMENT_3D('',#6500,#5223,#5224);
#4792=AXIS2_PLACEMENT_3D('',#6503,#5226,#5227);
#4793=AXIS2_PLACEMENT_3D('',#6504,#5228,#5229);
#4794=AXIS2_PLACEMENT_3D('',#6506,#5230,#5231);
#4795=AXIS2_PLACEMENT_3D('',#6508,#5233,#5234);
#4796=AXIS2_PLACEMENT_3D('',#6510,#5235,#5236);
#4797=AXIS2_PLACEMENT_3D('',#6512,#5238,#5239);
#4798=AXIS2_PLACEMENT_3D('',#6514,#5241,#5242);
#4799=AXIS2_PLACEMENT_3D('',#6520,#5246,#5247);
#4800=AXIS2_PLACEMENT_3D('',#6524,#5250,#5251);
#4801=AXIS2_PLACEMENT_3D('',#6528,#5254,#5255);
#4802=AXIS2_PLACEMENT_3D('',#6530,#5257,#5258);
#4803=AXIS2_PLACEMENT_3D('',#6533,#5261,#5262);
#4804=AXIS2_PLACEMENT_3D('',#6535,#5264,#5265);
#4805=AXIS2_PLACEMENT_3D('',#6537,#5267,#5268);
#4806=AXIS2_PLACEMENT_3D('',#6538,#5269,#5270);
#4807=AXIS2_PLACEMENT_3D('',#6541,#5273,#5274);
#4808=AXIS2_PLACEMENT_3D('',#6543,#5276,#5277);
#4809=AXIS2_PLACEMENT_3D('',#6545,#5279,#5280);
#4810=AXIS2_PLACEMENT_3D('',#6546,#5281,#5282);
#4811=AXIS2_PLACEMENT_3D('',#6555,#5287,#5288);
#4812=AXIS2_PLACEMENT_3D('',#6561,#5292,#5293);
#4813=AXIS2_PLACEMENT_3D('',#6567,#5297,#5298);
#4814=AXIS2_PLACEMENT_3D('',#6570,#5301,#5302);
#4815=AXIS2_PLACEMENT_3D('',#6572,#5303,#5304);
#4816=AXIS2_PLACEMENT_3D('',#6575,#5306,#5307);
#4817=AXIS2_PLACEMENT_3D('',#6576,#5308,#5309);
#4818=AXIS2_PLACEMENT_3D('',#6579,#5311,#5312);
#4819=AXIS2_PLACEMENT_3D('',#6580,#5313,#5314);
#4820=AXIS2_PLACEMENT_3D('',#6583,#5316,#5317);
#4821=AXIS2_PLACEMENT_3D('',#6584,#5318,#5319);
#4822=AXIS2_PLACEMENT_3D('',#6586,#5321,#5322);
#4823=AXIS2_PLACEMENT_3D('',#6592,#5326,#5327);
#4824=AXIS2_PLACEMENT_3D('',#6596,#5330,#5331);
#4825=AXIS2_PLACEMENT_3D('',#6600,#5334,#5335);
#4826=AXIS2_PLACEMENT_3D('',#6602,#5337,#5338);
#4827=AXIS2_PLACEMENT_3D('',#6604,#5339,#5340);
#4828=AXIS2_PLACEMENT_3D('',#6607,#5342,#5343);
#4829=AXIS2_PLACEMENT_3D('',#6608,#5344,#5345);
#4830=AXIS2_PLACEMENT_3D('',#6611,#5347,#5348);
#4831=AXIS2_PLACEMENT_3D('',#6612,#5349,#5350);
#4832=AXIS2_PLACEMENT_3D('',#6615,#5352,#5353);
#4833=AXIS2_PLACEMENT_3D('',#6616,#5354,#5355);
#4834=AXIS2_PLACEMENT_3D('',#6618,#5357,#5358);
#4835=AXIS2_PLACEMENT_3D('',#6624,#5362,#5363);
#4836=AXIS2_PLACEMENT_3D('',#6628,#5366,#5367);
#4837=AXIS2_PLACEMENT_3D('',#6632,#5370,#5371);
#4838=AXIS2_PLACEMENT_3D('',#6634,#5373,#5374);
#4839=AXIS2_PLACEMENT_3D('',#6636,#5375,#5376);
#4840=AXIS2_PLACEMENT_3D('',#6639,#5378,#5379);
#4841=AXIS2_PLACEMENT_3D('',#6640,#5380,#5381);
#4842=AXIS2_PLACEMENT_3D('',#6643,#5383,#5384);
#4843=AXIS2_PLACEMENT_3D('',#6644,#5385,#5386);
#4844=AXIS2_PLACEMENT_3D('',#6647,#5388,#5389);
#4845=AXIS2_PLACEMENT_3D('',#6648,#5390,#5391);
#4846=AXIS2_PLACEMENT_3D('',#6650,#5393,#5394);
#4847=AXIS2_PLACEMENT_3D('',#6656,#5398,#5399);
#4848=AXIS2_PLACEMENT_3D('',#6660,#5402,#5403);
#4849=AXIS2_PLACEMENT_3D('',#6664,#5406,#5407);
#4850=AXIS2_PLACEMENT_3D('',#6666,#5409,#5410);
#4851=AXIS2_PLACEMENT_3D('',#6675,#5415,#5416);
#4852=AXIS2_PLACEMENT_3D('',#6684,#5421,#5422);
#4853=AXIS2_PLACEMENT_3D('',#6687,#5425,#5426);
#4854=AXIS2_PLACEMENT_3D('',#6689,#5428,#5429);
#4855=AXIS2_PLACEMENT_3D('',#6691,#5431,#5432);
#4856=AXIS2_PLACEMENT_3D('',#6692,#5433,#5434);
#4857=AXIS2_PLACEMENT_3D('',#6695,#5437,#5438);
#4858=AXIS2_PLACEMENT_3D('',#6697,#5440,#5441);
#4859=AXIS2_PLACEMENT_3D('',#6699,#5443,#5444);
#4860=AXIS2_PLACEMENT_3D('',#6700,#5445,#5446);
#4861=AXIS2_PLACEMENT_3D('',#6709,#5451,#5452);
#4862=AXIS2_PLACEMENT_3D('',#6718,#5457,#5458);
#4863=AXIS2_PLACEMENT_3D('',#6727,#5463,#5464);
#4864=AXIS2_PLACEMENT_3D('',#6736,#5469,#5470);
#4865=AXIS2_PLACEMENT_3D('',#6741,#5472,#5473);
#4866=AXIS2_PLACEMENT_3D('',#6744,#5475,#5476);
#4867=AXIS2_PLACEMENT_3D('',#6745,#5477,#5478);
#4868=AXIS2_PLACEMENT_3D('',#6751,#5482,#5483);
#4869=AXIS2_PLACEMENT_3D('',#6756,#5487,#5488);
#4870=AXIS2_PLACEMENT_3D('',#6770,#5496,#5497);
#4871=AXIS2_PLACEMENT_3D('',#6779,#5502,#5503);
#4872=AXIS2_PLACEMENT_3D('',#6785,#5507,#5508);
#4873=AXIS2_PLACEMENT_3D('',#6791,#5512,#5513);
#4874=AXIS2_PLACEMENT_3D('',#6794,#5516,#5517);
#4875=AXIS2_PLACEMENT_3D('',#6802,#5522,#5523);
#4876=AXIS2_PLACEMENT_3D('',#6842,#5545,#5546);
#4877=AXIS2_PLACEMENT_3D('',#6848,#5550,#5551);
#4878=AXIS2_PLACEMENT_3D('',#6852,#5554,#5555);
#4879=AXIS2_PLACEMENT_3D('',#6896,#5578,#5579);
#4880=AXIS2_PLACEMENT_3D('',#6900,#5582,#5583);
#4881=AXIS2_PLACEMENT_3D('',#6904,#5586,#5587);
#4882=AXIS2_PLACEMENT_3D('',#6913,#5593,#5594);
#4883=AXIS2_PLACEMENT_3D('',#6917,#5597,#5598);
#4884=AXIS2_PLACEMENT_3D('',#6919,#5600,#5601);
#4885=AXIS2_PLACEMENT_3D('',#6925,#5605,#5606);
#4886=AXIS2_PLACEMENT_3D('',#6929,#5609,#5610);
#4887=AXIS2_PLACEMENT_3D('',#6933,#5613,#5614);
#4888=AXIS2_PLACEMENT_3D('',#6935,#5616,#5617);
#4889=AXIS2_PLACEMENT_3D('',#6957,#5629,#5630);
#4890=AXIS2_PLACEMENT_3D('',#6963,#5634,#5635);
#4891=AXIS2_PLACEMENT_3D('',#6969,#5639,#5640);
#4892=AXIS2_PLACEMENT_3D('',#6975,#5644,#5645);
#4893=AXIS2_PLACEMENT_3D('',#6979,#5648,#5649);
#4894=AXIS2_PLACEMENT_3D('',#6983,#5652,#5653);
#4895=AXIS2_PLACEMENT_3D('',#6987,#5656,#5657);
#4896=AXIS2_PLACEMENT_3D('',#6991,#5660,#5661);
#4897=AXIS2_PLACEMENT_3D('',#6995,#5664,#5665);
#4898=AXIS2_PLACEMENT_3D('',#6999,#5668,#5669);
#4899=AXIS2_PLACEMENT_3D('',#7024,#5684,#5685);
#4900=AXIS2_PLACEMENT_3D('',#7030,#5689,#5690);
#4901=AXIS2_PLACEMENT_3D('',#7034,#5693,#5694);
#4902=AXIS2_PLACEMENT_3D('',#7038,#5697,#5698);
#4903=AXIS2_PLACEMENT_3D('',#7040,#5700,#5701);
#4904=AXIS2_PLACEMENT_3D('',#7044,#5704,#5705);
#4905=AXIS2_PLACEMENT_3D('',#7053,#5710,#5711);
#4906=AXIS2_PLACEMENT_3D('',#7059,#5715,#5716);
#4907=AXIS2_PLACEMENT_3D('',#7068,#5721,#5722);
#4908=AXIS2_PLACEMENT_3D('',#7071,#5725,#5726);
#4909=AXIS2_PLACEMENT_3D('',#7077,#5730,#5731);
#4910=AXIS2_PLACEMENT_3D('',#7082,#5735,#5736);
#4911=AXIS2_PLACEMENT_3D('',#7086,#5739,#5740);
#4912=AXIS2_PLACEMENT_3D('',#7088,#5742,#5743);
#4913=AXIS2_PLACEMENT_3D('',#7091,#5746,#5747);
#4914=AXIS2_PLACEMENT_3D('',#7093,#5749,#5750);
#4915=AXIS2_PLACEMENT_3D('',#7097,#5752,#5753);
#4916=AXIS2_PLACEMENT_3D('',#7099,#5755,#5756);
#4917=AXIS2_PLACEMENT_3D('',#7102,#5759,#5760);
#4918=AXIS2_PLACEMENT_3D('',#7104,#5762,#5763);
#4919=AXIS2_PLACEMENT_3D('',#7108,#5765,#5766);
#4920=AXIS2_PLACEMENT_3D('',#7113,#5770,#5771);
#4921=AXIS2_PLACEMENT_3D('',#7114,#5772,#5773);
#4922=AXIS2_PLACEMENT_3D('',#7116,#5775,#5776);
#4923=AXIS2_PLACEMENT_3D('',#7118,#5778,#5779);
#4924=AXIS2_PLACEMENT_3D('',#7120,#5781,#5782);
#4925=AXIS2_PLACEMENT_3D('',#7121,#5783,#5784);
#4926=AXIS2_PLACEMENT_3D('',#7122,#5785,#5786);
#4927=AXIS2_PLACEMENT_3D('',#7133,#5793,#5794);
#4928=AXIS2_PLACEMENT_3D('',#7134,#5795,#5796);
#4929=AXIS2_PLACEMENT_3D('',#7135,#5797,#5798);
#4930=AXIS2_PLACEMENT_3D('',#7146,#5805,#5806);
#4931=AXIS2_PLACEMENT_3D('',#7147,#5807,#5808);
#4932=AXIS2_PLACEMENT_3D('',#7148,#5809,#5810);
#4933=AXIS2_PLACEMENT_3D('',#7159,#5817,#5818);
#4934=AXIS2_PLACEMENT_3D('',#7160,#5819,#5820);
#4935=AXIS2_PLACEMENT_3D('',#7161,#5821,#5822);
#4936=AXIS2_PLACEMENT_3D('',#7164,#5825,#5826);
#4937=AXIS2_PLACEMENT_3D('',#7166,#5828,#5829);
#4938=AXIS2_PLACEMENT_3D('',#7168,#5831,#5832);
#4939=AXIS2_PLACEMENT_3D('',#7169,#5833,#5834);
#4940=AXIS2_PLACEMENT_3D('',#7172,#5837,#5838);
#4941=AXIS2_PLACEMENT_3D('',#7174,#5840,#5841);
#4942=AXIS2_PLACEMENT_3D('',#7176,#5843,#5844);
#4943=AXIS2_PLACEMENT_3D('',#7177,#5845,#5846);
#4944=AXIS2_PLACEMENT_3D('',#7180,#5849,#5850);
#4945=AXIS2_PLACEMENT_3D('',#7182,#5852,#5853);
#4946=AXIS2_PLACEMENT_3D('',#7184,#5855,#5856);
#4947=AXIS2_PLACEMENT_3D('',#7185,#5857,#5858);
#4948=AXIS2_PLACEMENT_3D('',#7194,#5863,#5864);
#4949=AXIS2_PLACEMENT_3D('',#7200,#5868,#5869);
#4950=AXIS2_PLACEMENT_3D('',#7206,#5873,#5874);
#4951=AXIS2_PLACEMENT_3D('',#7209,#5877,#5878);
#4952=AXIS2_PLACEMENT_3D('',#7211,#5879,#5880);
#4953=AXIS2_PLACEMENT_3D('',#7214,#5882,#5883);
#4954=AXIS2_PLACEMENT_3D('',#7215,#5884,#5885);
#4955=AXIS2_PLACEMENT_3D('',#7218,#5887,#5888);
#4956=AXIS2_PLACEMENT_3D('',#7219,#5889,#5890);
#4957=AXIS2_PLACEMENT_3D('',#7222,#5892,#5893);
#4958=AXIS2_PLACEMENT_3D('',#7223,#5894,#5895);
#4959=AXIS2_PLACEMENT_3D('',#7225,#5897,#5898);
#4960=AXIS2_PLACEMENT_3D('',#7231,#5902,#5903);
#4961=AXIS2_PLACEMENT_3D('',#7235,#5906,#5907);
#4962=AXIS2_PLACEMENT_3D('',#7239,#5910,#5911);
#4963=AXIS2_PLACEMENT_3D('',#7241,#5913,#5914);
#4964=AXIS2_PLACEMENT_3D('',#7243,#5915,#5916);
#4965=AXIS2_PLACEMENT_3D('',#7246,#5918,#5919);
#4966=AXIS2_PLACEMENT_3D('',#7247,#5920,#5921);
#4967=AXIS2_PLACEMENT_3D('',#7250,#5923,#5924);
#4968=AXIS2_PLACEMENT_3D('',#7251,#5925,#5926);
#4969=AXIS2_PLACEMENT_3D('',#7254,#5928,#5929);
#4970=AXIS2_PLACEMENT_3D('',#7255,#5930,#5931);
#4971=AXIS2_PLACEMENT_3D('',#7257,#5933,#5934);
#4972=AXIS2_PLACEMENT_3D('',#7263,#5938,#5939);
#4973=AXIS2_PLACEMENT_3D('',#7267,#5942,#5943);
#4974=AXIS2_PLACEMENT_3D('',#7271,#5946,#5947);
#4975=AXIS2_PLACEMENT_3D('',#7273,#5949,#5950);
#4976=AXIS2_PLACEMENT_3D('',#7275,#5951,#5952);
#4977=AXIS2_PLACEMENT_3D('',#7278,#5954,#5955);
#4978=AXIS2_PLACEMENT_3D('',#7279,#5956,#5957);
#4979=AXIS2_PLACEMENT_3D('',#7282,#5959,#5960);
#4980=AXIS2_PLACEMENT_3D('',#7283,#5961,#5962);
#4981=AXIS2_PLACEMENT_3D('',#7286,#5964,#5965);
#4982=AXIS2_PLACEMENT_3D('',#7287,#5966,#5967);
#4983=AXIS2_PLACEMENT_3D('',#7289,#5969,#5970);
#4984=AXIS2_PLACEMENT_3D('',#7295,#5974,#5975);
#4985=AXIS2_PLACEMENT_3D('',#7299,#5978,#5979);
#4986=AXIS2_PLACEMENT_3D('',#7303,#5982,#5983);
#4987=AXIS2_PLACEMENT_3D('',#7305,#5985,#5986);
#4988=AXIS2_PLACEMENT_3D('',#7314,#5991,#5992);
#4989=AXIS2_PLACEMENT_3D('',#7323,#5997,#5998);
#4990=AXIS2_PLACEMENT_3D('',#7326,#6001,#6002);
#4991=AXIS2_PLACEMENT_3D('',#7328,#6004,#6005);
#4992=AXIS2_PLACEMENT_3D('',#7330,#6007,#6008);
#4993=AXIS2_PLACEMENT_3D('',#7331,#6009,#6010);
#4994=AXIS2_PLACEMENT_3D('',#7334,#6013,#6014);
#4995=AXIS2_PLACEMENT_3D('',#7336,#6016,#6017);
#4996=AXIS2_PLACEMENT_3D('',#7338,#6019,#6020);
#4997=AXIS2_PLACEMENT_3D('',#7339,#6021,#6022);
#4998=AXIS2_PLACEMENT_3D('',#7348,#6027,#6028);
#4999=AXIS2_PLACEMENT_3D('',#7354,#6032,#6033);
#5000=AXIS2_PLACEMENT_3D('',#7360,#6037,#6038);
#5001=AXIS2_PLACEMENT_3D('',#7363,#6041,#6042);
#5002=AXIS2_PLACEMENT_3D('',#7365,#6043,#6044);
#5003=AXIS2_PLACEMENT_3D('',#7368,#6046,#6047);
#5004=AXIS2_PLACEMENT_3D('',#7369,#6048,#6049);
#5005=AXIS2_PLACEMENT_3D('',#7372,#6051,#6052);
#5006=AXIS2_PLACEMENT_3D('',#7373,#6053,#6054);
#5007=AXIS2_PLACEMENT_3D('',#7376,#6056,#6057);
#5008=AXIS2_PLACEMENT_3D('',#7377,#6058,#6059);
#5009=AXIS2_PLACEMENT_3D('',#7379,#6061,#6062);
#5010=AXIS2_PLACEMENT_3D('',#7385,#6066,#6067);
#5011=AXIS2_PLACEMENT_3D('',#7389,#6070,#6071);
#5012=AXIS2_PLACEMENT_3D('',#7393,#6074,#6075);
#5013=AXIS2_PLACEMENT_3D('',#7395,#6077,#6078);
#5014=AXIS2_PLACEMENT_3D('',#7397,#6079,#6080);
#5015=AXIS2_PLACEMENT_3D('',#7400,#6082,#6083);
#5016=AXIS2_PLACEMENT_3D('',#7401,#6084,#6085);
#5017=AXIS2_PLACEMENT_3D('',#7404,#6087,#6088);
#5018=AXIS2_PLACEMENT_3D('',#7405,#6089,#6090);
#5019=AXIS2_PLACEMENT_3D('',#7408,#6092,#6093);
#5020=AXIS2_PLACEMENT_3D('',#7409,#6094,#6095);
#5021=AXIS2_PLACEMENT_3D('',#7411,#6097,#6098);
#5022=AXIS2_PLACEMENT_3D('',#7417,#6102,#6103);
#5023=AXIS2_PLACEMENT_3D('',#7421,#6106,#6107);
#5024=AXIS2_PLACEMENT_3D('',#7425,#6110,#6111);
#5025=AXIS2_PLACEMENT_3D('',#7427,#6113,#6114);
#5026=AXIS2_PLACEMENT_3D('',#7429,#6115,#6116);
#5027=AXIS2_PLACEMENT_3D('',#7432,#6118,#6119);
#5028=AXIS2_PLACEMENT_3D('',#7433,#6120,#6121);
#5029=AXIS2_PLACEMENT_3D('',#7436,#6123,#6124);
#5030=AXIS2_PLACEMENT_3D('',#7437,#6125,#6126);
#5031=AXIS2_PLACEMENT_3D('',#7440,#6128,#6129);
#5032=AXIS2_PLACEMENT_3D('',#7441,#6130,#6131);
#5033=AXIS2_PLACEMENT_3D('',#7443,#6133,#6134);
#5034=AXIS2_PLACEMENT_3D('',#7449,#6138,#6139);
#5035=AXIS2_PLACEMENT_3D('',#7453,#6142,#6143);
#5036=AXIS2_PLACEMENT_3D('',#7457,#6146,#6147);
#5037=AXIS2_PLACEMENT_3D('',#7459,#6149,#6150);
#5038=AXIS2_PLACEMENT_3D('',#7468,#6155,#6156);
#5039=AXIS2_PLACEMENT_3D('',#7477,#6161,#6162);
#5040=AXIS2_PLACEMENT_3D('',#7480,#6165,#6166);
#5041=AXIS2_PLACEMENT_3D('',#7482,#6168,#6169);
#5042=AXIS2_PLACEMENT_3D('',#7484,#6171,#6172);
#5043=AXIS2_PLACEMENT_3D('',#7485,#6173,#6174);
#5044=AXIS2_PLACEMENT_3D('',#7488,#6177,#6178);
#5045=AXIS2_PLACEMENT_3D('',#7490,#6180,#6181);
#5046=AXIS2_PLACEMENT_3D('',#7492,#6183,#6184);
#5047=AXIS2_PLACEMENT_3D('',#7493,#6185,#6186);
#5048=AXIS2_PLACEMENT_3D('',#7502,#6191,#6192);
#5049=AXIS2_PLACEMENT_3D('',#7508,#6196,#6197);
#5050=AXIS2_PLACEMENT_3D('',#7514,#6201,#6202);
#5051=AXIS2_PLACEMENT_3D('',#7517,#6205,#6206);
#5052=AXIS2_PLACEMENT_3D('',#7519,#6207,#6208);
#5053=AXIS2_PLACEMENT_3D('',#7522,#6210,#6211);
#5054=AXIS2_PLACEMENT_3D('',#7523,#6212,#6213);
#5055=AXIS2_PLACEMENT_3D('',#7526,#6215,#6216);
#5056=AXIS2_PLACEMENT_3D('',#7527,#6217,#6218);
#5057=AXIS2_PLACEMENT_3D('',#7530,#6220,#6221);
#5058=AXIS2_PLACEMENT_3D('',#7531,#6222,#6223);
#5059=AXIS2_PLACEMENT_3D('',#7533,#6225,#6226);
#5060=AXIS2_PLACEMENT_3D('',#7539,#6230,#6231);
#5061=AXIS2_PLACEMENT_3D('',#7543,#6234,#6235);
#5062=AXIS2_PLACEMENT_3D('',#7547,#6238,#6239);
#5063=AXIS2_PLACEMENT_3D('',#7549,#6241,#6242);
#5064=AXIS2_PLACEMENT_3D('',#7551,#6243,#6244);
#5065=AXIS2_PLACEMENT_3D('',#7554,#6246,#6247);
#5066=AXIS2_PLACEMENT_3D('',#7555,#6248,#6249);
#5067=AXIS2_PLACEMENT_3D('',#7558,#6251,#6252);
#5068=AXIS2_PLACEMENT_3D('',#7559,#6253,#6254);
#5069=AXIS2_PLACEMENT_3D('',#7562,#6256,#6257);
#5070=AXIS2_PLACEMENT_3D('',#7563,#6258,#6259);
#5071=AXIS2_PLACEMENT_3D('',#7565,#6261,#6262);
#5072=AXIS2_PLACEMENT_3D('',#7571,#6266,#6267);
#5073=AXIS2_PLACEMENT_3D('',#7575,#6270,#6271);
#5074=AXIS2_PLACEMENT_3D('',#7579,#6274,#6275);
#5075=AXIS2_PLACEMENT_3D('',#7581,#6277,#6278);
#5076=AXIS2_PLACEMENT_3D('',#7583,#6279,#6280);
#5077=AXIS2_PLACEMENT_3D('',#7586,#6282,#6283);
#5078=AXIS2_PLACEMENT_3D('',#7587,#6284,#6285);
#5079=AXIS2_PLACEMENT_3D('',#7590,#6287,#6288);
#5080=AXIS2_PLACEMENT_3D('',#7591,#6289,#6290);
#5081=AXIS2_PLACEMENT_3D('',#7594,#6292,#6293);
#5082=AXIS2_PLACEMENT_3D('',#7595,#6294,#6295);
#5083=AXIS2_PLACEMENT_3D('',#7597,#6297,#6298);
#5084=AXIS2_PLACEMENT_3D('',#7603,#6302,#6303);
#5085=AXIS2_PLACEMENT_3D('',#7607,#6306,#6307);
#5086=AXIS2_PLACEMENT_3D('',#7611,#6310,#6311);
#5087=AXIS2_PLACEMENT_3D('',#7613,#6313,#6314);
#5088=AXIS2_PLACEMENT_3D('',#7622,#6319,#6320);
#5089=AXIS2_PLACEMENT_3D('',#7631,#6325,#6326);
#5090=AXIS2_PLACEMENT_3D('',#7634,#6329,#6330);
#5091=AXIS2_PLACEMENT_3D('',#7636,#6332,#6333);
#5092=AXIS2_PLACEMENT_3D('',#7638,#6335,#6336);
#5093=AXIS2_PLACEMENT_3D('',#7639,#6337,#6338);
#5094=AXIS2_PLACEMENT_3D('',#7642,#6341,#6342);
#5095=AXIS2_PLACEMENT_3D('',#7644,#6344,#6345);
#5096=AXIS2_PLACEMENT_3D('',#7646,#6347,#6348);
#5097=AXIS2_PLACEMENT_3D('',#7647,#6349,#6350);
#5098=AXIS2_PLACEMENT_3D('',#7648,#6351,#6352);
#5099=AXIS2_PLACEMENT_3D('',#7649,#6353,#6354);
#5100=AXIS2_PLACEMENT_3D('',#7658,#6359,#6360);
#5101=AXIS2_PLACEMENT_3D('',#7664,#6364,#6365);
#5102=AXIS2_PLACEMENT_3D('',#7670,#6369,#6370);
#5103=AXIS2_PLACEMENT_3D('',#7673,#6373,#6374);
#5104=AXIS2_PLACEMENT_3D('',#7674,#6375,#6376);
#5105=AXIS2_PLACEMENT_3D('',#7675,#6377,#6378);
#5106=AXIS2_PLACEMENT_3D('',#7676,#6379,#6380);
#5107=AXIS2_PLACEMENT_3D('',#7677,#6381,#6382);
#5108=AXIS2_PLACEMENT_3D('',#7678,#6383,#6384);
#5109=AXIS2_PLACEMENT_3D('',#7679,#6385,#6386);
#5110=AXIS2_PLACEMENT_3D('',#7680,#6387,#6388);
#5111=DIRECTION('axis',(0.,0.,1.));
#5112=DIRECTION('refdir',(1.,0.,0.));
#5113=DIRECTION('axis',(0.,0.,1.));
#5114=DIRECTION('refdir',(1.,0.,0.));
#5115=DIRECTION('axis',(0.,0.,1.));
#5116=DIRECTION('refdir',(1.,0.,0.));
#5117=DIRECTION('center_axis',(0.,1.,0.));
#5118=DIRECTION('ref_axis',(0.,0.,1.));
#5119=DIRECTION('',(0.,0.,-1.));
#5120=DIRECTION('',(-1.,0.,0.));
#5121=DIRECTION('',(-2.16840434497101E-16,0.,1.));
#5122=DIRECTION('',(1.,0.,-2.16840434497101E-16));
#5123=DIRECTION('center_axis',(0.,1.,0.));
#5124=DIRECTION('ref_axis',(0.,0.,1.));
#5125=DIRECTION('',(0.,0.,1.));
#5126=DIRECTION('',(-1.,0.,2.16840434497101E-16));
#5127=DIRECTION('',(2.16840434497101E-16,0.,-1.));
#5128=DIRECTION('',(1.,0.,0.));
#5129=DIRECTION('center_axis',(1.,0.,0.));
#5130=DIRECTION('ref_axis',(0.,0.,1.));
#5131=DIRECTION('',(0.,-1.,-1.19819447984833E-16));
#5132=DIRECTION('',(0.,0.,-1.));
#5133=DIRECTION('',(0.,-1.,-1.19819447984833E-16));
#5134=DIRECTION('',(0.,0.,1.));
#5135=DIRECTION('center_axis',(2.16840434497101E-16,-1.19819447984833E-16,
1.));
#5136=DIRECTION('ref_axis',(-1.,0.,2.16840434497101E-16));
#5137=DIRECTION('',(0.,-1.,-1.19819447984833E-16));
#5138=DIRECTION('',(1.,0.,-2.16840434497101E-16));
#5139=DIRECTION('',(-1.,0.,2.16840434497101E-16));
#5140=DIRECTION('center_axis',(-1.,2.59817011622339E-32,-2.16840434497101E-16));
#5141=DIRECTION('ref_axis',(2.16840434497101E-16,0.,-1.));
#5142=DIRECTION('',(0.,-1.,-1.19819447984833E-16));
#5143=DIRECTION('',(-2.16840434497101E-16,0.,1.));
#5144=DIRECTION('',(2.16840434497101E-16,0.,-1.));
#5145=DIRECTION('center_axis',(0.,1.19819447984833E-16,-1.));
#5146=DIRECTION('ref_axis',(0.,1.,1.19819447984833E-16));
#5147=DIRECTION('',(-1.,0.,0.));
#5148=DIRECTION('',(1.,0.,0.));
#5149=DIRECTION('center_axis',(1.,0.,0.));
#5150=DIRECTION('ref_axis',(0.,0.,1.));
#5151=DIRECTION('center_axis',(1.,0.,0.));
#5152=DIRECTION('ref_axis',(0.,-1.73472347597754E-14,1.));
#5153=DIRECTION('',(0.,0.447213595499961,-0.894427190999914));
#5154=DIRECTION('center_axis',(1.,0.,0.));
#5155=DIRECTION('ref_axis',(0.,-1.57702134179716E-15,1.));
#5156=DIRECTION('center_axis',(-1.,0.,0.));
#5157=DIRECTION('ref_axis',(0.,0.,-1.));
#5158=DIRECTION('center_axis',(1.,0.,0.));
#5159=DIRECTION('ref_axis',(0.,-1.73472347597754E-14,1.));
#5160=DIRECTION('',(1.,9.69739903612224E-17,-1.93947980722443E-16));
#5161=DIRECTION('center_axis',(-1.,0.,0.));
#5162=DIRECTION('ref_axis',(0.,0.,-1.));
#5163=DIRECTION('center_axis',(1.,0.,0.));
#5164=DIRECTION('ref_axis',(0.,-1.57702134179716E-15,1.));
#5165=DIRECTION('',(-2.16840434497101E-16,-0.447213595499961,0.894427190999914));
#5166=DIRECTION('center_axis',(-1.,0.,0.));
#5167=DIRECTION('ref_axis',(0.,0.,-1.));
#5168=DIRECTION('',(-1.,0.,0.));
#5169=DIRECTION('center_axis',(1.,0.,0.));
#5170=DIRECTION('ref_axis',(0.,0.,1.));
#5171=DIRECTION('',(0.,-0.894427190999916,-0.447213595499958));
#5172=DIRECTION('',(0.,0.447213595499958,-0.894427190999916));
#5173=DIRECTION('',(0.,-0.894427190999916,-0.447213595499958));
#5174=DIRECTION('center_axis',(2.16840434497101E-16,-0.447213595499958,
0.894427190999916));
#5175=DIRECTION('ref_axis',(0.,-0.894427190999916,-0.447213595499958));
#5176=DIRECTION('',(0.,-0.894427190999916,-0.447213595499958));
#5177=DIRECTION('',(1.,9.69739903612216E-17,-1.93947980722443E-16));
#5178=DIRECTION('center_axis',(-1.,9.69739903612216E-17,-1.93947980722443E-16));
#5179=DIRECTION('ref_axis',(1.93947980722443E-16,0.,-1.));
#5180=DIRECTION('',(0.,-0.894427190999916,-0.447213595499958));
#5181=DIRECTION('',(-2.16840434497101E-16,-0.447213595499958,0.894427190999916));
#5182=DIRECTION('center_axis',(0.,0.447213595499958,-0.894427190999916));
#5183=DIRECTION('ref_axis',(0.,0.894427190999916,0.447213595499958));
#5184=DIRECTION('',(-1.,0.,0.));
#5185=DIRECTION('center_axis',(1.,0.,0.));
#5186=DIRECTION('ref_axis',(0.,0.,1.));
#5187=DIRECTION('center_axis',(-1.,0.,0.));
#5188=DIRECTION('ref_axis',(0.,0.447213595499961,-0.894427190999914));
#5189=DIRECTION('',(0.,-0.132163720091023,-0.991227900682634));
#5190=DIRECTION('center_axis',(-1.,0.,0.));
#5191=DIRECTION('ref_axis',(0.,0.447213595499974,-0.894427190999908));
#5192=DIRECTION('center_axis',(1.,0.,0.));
#5193=DIRECTION('ref_axis',(0.,0.164792901387062,-0.986328190640637));
#5194=DIRECTION('center_axis',(-1.,0.,0.));
#5195=DIRECTION('ref_axis',(0.,0.447213595499961,-0.894427190999914));
#5196=DIRECTION('',(1.,-2.86584384892907E-17,-2.14938288669672E-16));
#5197=DIRECTION('center_axis',(-1.,0.,0.));
#5198=DIRECTION('ref_axis',(0.,0.,-1.));
#5199=DIRECTION('center_axis',(-1.,0.,0.));
#5200=DIRECTION('ref_axis',(0.,0.447213595499974,-0.894427190999908));
#5201=DIRECTION('',(-2.16840434497101E-16,0.132163720091023,0.991227900682634));
#5202=DIRECTION('center_axis',(1.,0.,0.));
#5203=DIRECTION('ref_axis',(0.,0.164792901387075,-0.986328190640635));
#5204=DIRECTION('',(-1.,0.,0.));
#5205=DIRECTION('center_axis',(1.,0.,0.));
#5206=DIRECTION('ref_axis',(0.,0.,1.));
#5207=DIRECTION('',(0.,-0.991227900682635,0.132163720091018));
#5208=DIRECTION('',(0.,-0.132163720091018,-0.991227900682635));
#5209=DIRECTION('',(0.,-0.991227900682635,0.132163720091018));
#5210=DIRECTION('center_axis',(2.16840434497101E-16,0.132163720091018,0.991227900682635));
#5211=DIRECTION('ref_axis',(0.,-0.991227900682635,0.132163720091018));
#5212=DIRECTION('',(0.,-0.991227900682635,0.132163720091018));
#5213=DIRECTION('',(1.,-2.86584384892897E-17,-2.14938288669672E-16));
#5214=DIRECTION('center_axis',(-1.,-2.86584384892896E-17,-2.14938288669672E-16));
#5215=DIRECTION('ref_axis',(2.14938288669672E-16,0.,-1.));
#5216=DIRECTION('',(0.,-0.991227900682635,0.132163720091018));
#5217=DIRECTION('',(-2.16840434497101E-16,0.132163720091018,0.991227900682635));
#5218=DIRECTION('center_axis',(0.,-0.132163720091018,-0.991227900682635));
#5219=DIRECTION('ref_axis',(0.,0.991227900682635,-0.132163720091018));
#5220=DIRECTION('',(-1.,0.,0.));
#5221=DIRECTION('center_axis',(1.,0.,0.));
#5222=DIRECTION('ref_axis',(0.,0.,1.));
#5223=DIRECTION('center_axis',(1.,0.,0.));
#5224=DIRECTION('ref_axis',(0.,0.132163720091024,0.991227900682634));
#5225=DIRECTION('',(0.,0.,-1.));
#5226=DIRECTION('center_axis',(1.,0.,0.));
#5227=DIRECTION('ref_axis',(0.,0.132163720091023,0.991227900682634));
#5228=DIRECTION('center_axis',(-1.,0.,0.));
#5229=DIRECTION('ref_axis',(0.,0.,-1.));
#5230=DIRECTION('center_axis',(1.,0.,0.));
#5231=DIRECTION('ref_axis',(0.,0.132163720091024,0.991227900682634));
#5232=DIRECTION('',(1.,0.,-2.16840434497101E-16));
#5233=DIRECTION('center_axis',(-1.,0.,0.));
#5234=DIRECTION('ref_axis',(0.,0.,-1.));
#5235=DIRECTION('center_axis',(1.,0.,0.));
#5236=DIRECTION('ref_axis',(0.,0.132163720091023,0.991227900682634));
#5237=DIRECTION('',(-2.16840434497101E-16,0.,1.));
#5238=DIRECTION('center_axis',(-1.,0.,0.));
#5239=DIRECTION('ref_axis',(0.,0.,-1.));
#5240=DIRECTION('',(-1.,0.,0.));
#5241=DIRECTION('center_axis',(1.,0.,0.));
#5242=DIRECTION('ref_axis',(0.,0.,1.));
#5243=DIRECTION('',(0.,-1.,-3.31868787385155E-16));
#5244=DIRECTION('',(0.,-1.,-3.31868787385155E-16));
#5245=DIRECTION('',(0.,0.,-1.));
#5246=DIRECTION('center_axis',(2.16840434497101E-16,-3.31868787385155E-16,
1.));
#5247=DIRECTION('ref_axis',(0.,-1.,-3.31868787385155E-16));
#5248=DIRECTION('',(0.,-1.,-3.31868787385155E-16));
#5249=DIRECTION('',(1.,0.,-2.16840434497101E-16));
#5250=DIRECTION('center_axis',(-1.,7.19625720526231E-32,-2.16840434497101E-16));
#5251=DIRECTION('ref_axis',(2.16840434497101E-16,0.,-1.));
#5252=DIRECTION('',(0.,-1.,-3.31868787385155E-16));
#5253=DIRECTION('',(-2.16840434497101E-16,0.,1.));
#5254=DIRECTION('center_axis',(0.,3.31868787385155E-16,-1.));
#5255=DIRECTION('ref_axis',(0.,1.,3.31868787385155E-16));
#5256=DIRECTION('',(-1.,0.,0.));
#5257=DIRECTION('center_axis',(2.03763356184936E-16,0.342020143325667,0.939692620785909));
#5258=DIRECTION('ref_axis',(1.,-1.23259516440783E-32,-2.16840434497101E-16));
#5259=DIRECTION('',(-0.323615577118183,0.88912649071599,-0.323615577118183));
#5260=DIRECTION('',(-0.323615577118183,-0.88912649071599,0.323615577118183));
#5261=DIRECTION('center_axis',(-0.939692620785909,0.342020143325666,-2.03763356184936E-16));
#5262=DIRECTION('ref_axis',(-2.16840434497101E-16,0.,1.));
#5263=DIRECTION('',(-0.323615577118183,-0.88912649071599,-0.323615577118183));
#5264=DIRECTION('center_axis',(0.939692620785909,0.342020143325667,0.));
#5265=DIRECTION('ref_axis',(0.,0.,-1.));
#5266=DIRECTION('',(-0.323615577118183,0.88912649071599,0.323615577118183));
#5267=DIRECTION('center_axis',(0.,0.342020143325667,-0.939692620785909));
#5268=DIRECTION('ref_axis',(-1.,0.,0.));
#5269=DIRECTION('center_axis',(0.,0.342020143325667,0.939692620785909));
#5270=DIRECTION('ref_axis',(1.,0.,0.));
#5271=DIRECTION('',(-0.323615577118183,0.88912649071599,-0.323615577118183));
#5272=DIRECTION('',(-0.323615577118183,-0.88912649071599,0.323615577118183));
#5273=DIRECTION('center_axis',(-0.939692620785909,0.342020143325667,0.));
#5274=DIRECTION('ref_axis',(0.,0.,1.));
#5275=DIRECTION('',(-0.323615577118183,-0.88912649071599,-0.323615577118183));
#5276=DIRECTION('center_axis',(0.939692620785909,0.342020143325666,2.03763356184936E-16));
#5277=DIRECTION('ref_axis',(2.16840434497101E-16,0.,-1.));
#5278=DIRECTION('',(-0.323615577118183,0.88912649071599,0.323615577118183));
#5279=DIRECTION('center_axis',(-2.03763356184936E-16,0.342020143325667,
-0.939692620785909));
#5280=DIRECTION('ref_axis',(-1.,0.,2.16840434497101E-16));
#5281=DIRECTION('center_axis',(0.,3.31868787385155E-16,-1.));
#5282=DIRECTION('ref_axis',(0.,1.,3.31868787385155E-16));
#5283=DIRECTION('',(0.,-1.,-3.31868787385155E-16));
#5284=DIRECTION('',(1.,0.,0.));
#5285=DIRECTION('',(0.,-1.,-3.31868787385155E-16));
#5286=DIRECTION('',(1.,0.,0.));
#5287=DIRECTION('center_axis',(1.,7.19625720526231E-32,-2.16840434497101E-16));
#5288=DIRECTION('ref_axis',(-2.16840434497101E-16,0.,-1.));
#5289=DIRECTION('',(0.,-1.,-3.31868787385155E-16));
#5290=DIRECTION('',(2.16840434497101E-16,0.,1.));
#5291=DIRECTION('',(2.16840434497101E-16,0.,1.));
#5292=DIRECTION('center_axis',(-2.16840434497101E-16,-3.31868787385155E-16,
1.));
#5293=DIRECTION('ref_axis',(0.,-1.,-3.31868787385155E-16));
#5294=DIRECTION('',(0.,-1.,-3.31868787385155E-16));
#5295=DIRECTION('',(-1.,0.,-2.16840434497101E-16));
#5296=DIRECTION('',(-1.,0.,-2.16840434497101E-16));
#5297=DIRECTION('center_axis',(-1.,0.,0.));
#5298=DIRECTION('ref_axis',(0.,0.,1.));
#5299=DIRECTION('',(0.,0.,-1.));
#5300=DIRECTION('',(0.,0.,-1.));
#5301=DIRECTION('center_axis',(1.,0.,0.));
#5302=DIRECTION('ref_axis',(0.,0.,-1.));
#5303=DIRECTION('center_axis',(1.,0.,0.));
#5304=DIRECTION('ref_axis',(0.,0.132163720091023,0.991227900682634));
#5305=DIRECTION('',(1.,0.,0.));
#5306=DIRECTION('center_axis',(1.,0.,0.));
#5307=DIRECTION('ref_axis',(0.,0.132163720091023,0.991227900682634));
#5308=DIRECTION('center_axis',(1.,0.,0.));
#5309=DIRECTION('ref_axis',(0.,0.,-1.));
#5310=DIRECTION('',(2.16840434497101E-16,0.132163720091018,0.991227900682635));
#5311=DIRECTION('center_axis',(1.,0.,0.));
#5312=DIRECTION('ref_axis',(0.,0.132163720091024,0.991227900682634));
#5313=DIRECTION('center_axis',(1.,0.,0.));
#5314=DIRECTION('ref_axis',(0.,0.,-1.));
#5315=DIRECTION('',(-1.,-2.86584384892897E-17,-2.14938288669672E-16));
#5316=DIRECTION('center_axis',(1.,0.,0.));
#5317=DIRECTION('ref_axis',(0.,0.132163720091024,0.991227900682634));
#5318=DIRECTION('center_axis',(-1.,0.,0.));
#5319=DIRECTION('ref_axis',(0.,0.,1.));
#5320=DIRECTION('',(0.,-0.132163720091018,-0.991227900682635));
#5321=DIRECTION('center_axis',(0.,-0.132163720091018,-0.991227900682635));
#5322=DIRECTION('ref_axis',(0.,0.991227900682635,-0.132163720091018));
#5323=DIRECTION('',(0.,-0.991227900682635,0.132163720091018));
#5324=DIRECTION('',(1.,0.,0.));
#5325=DIRECTION('',(0.,-0.991227900682635,0.132163720091018));
#5326=DIRECTION('center_axis',(1.,-2.86584384892896E-17,-2.14938288669672E-16));
#5327=DIRECTION('ref_axis',(-2.14938288669672E-16,0.,-1.));
#5328=DIRECTION('',(2.16840434497101E-16,0.132163720091023,0.991227900682634));
#5329=DIRECTION('',(0.,-0.991227900682635,0.132163720091018));
#5330=DIRECTION('center_axis',(-2.16840434497101E-16,0.132163720091018,
0.991227900682635));
#5331=DIRECTION('ref_axis',(0.,-0.991227900682635,0.132163720091018));
#5332=DIRECTION('',(-1.,-2.86584384892907E-17,-2.14938288669672E-16));
#5333=DIRECTION('',(0.,-0.991227900682635,0.132163720091018));
#5334=DIRECTION('center_axis',(-1.,0.,0.));
#5335=DIRECTION('ref_axis',(0.,0.,1.));
#5336=DIRECTION('',(0.,-0.132163720091023,-0.991227900682634));
#5337=DIRECTION('center_axis',(-1.,0.,0.));
#5338=DIRECTION('ref_axis',(0.,0.164792901387074,-0.986328190640636));
#5339=DIRECTION('center_axis',(-1.,0.,0.));
#5340=DIRECTION('ref_axis',(0.,0.447213595499974,-0.894427190999908));
#5341=DIRECTION('',(1.,0.,0.));
#5342=DIRECTION('center_axis',(-1.,0.,0.));
#5343=DIRECTION('ref_axis',(0.,0.447213595499974,-0.894427190999908));
#5344=DIRECTION('center_axis',(1.,0.,0.));
#5345=DIRECTION('ref_axis',(0.,0.,-1.));
#5346=DIRECTION('',(2.16840434497101E-16,-0.447213595499958,0.894427190999916));
#5347=DIRECTION('center_axis',(-1.,0.,0.));
#5348=DIRECTION('ref_axis',(0.,0.447213595499961,-0.894427190999914));
#5349=DIRECTION('center_axis',(-1.,0.,0.));
#5350=DIRECTION('ref_axis',(0.,0.164792901387062,-0.986328190640638));
#5351=DIRECTION('',(-1.,9.69739903612216E-17,-1.93947980722443E-16));
#5352=DIRECTION('center_axis',(-1.,0.,0.));
#5353=DIRECTION('ref_axis',(0.,0.447213595499961,-0.894427190999914));
#5354=DIRECTION('center_axis',(-1.,0.,0.));
#5355=DIRECTION('ref_axis',(0.,0.,1.));
#5356=DIRECTION('',(0.,0.447213595499958,-0.894427190999916));
#5357=DIRECTION('center_axis',(0.,0.447213595499958,-0.894427190999916));
#5358=DIRECTION('ref_axis',(0.,0.894427190999916,0.447213595499958));
#5359=DIRECTION('',(0.,-0.894427190999916,-0.447213595499958));
#5360=DIRECTION('',(1.,0.,0.));
#5361=DIRECTION('',(0.,-0.894427190999916,-0.447213595499958));
#5362=DIRECTION('center_axis',(1.,9.69739903612216E-17,-1.93947980722443E-16));
#5363=DIRECTION('ref_axis',(-1.93947980722443E-16,0.,-1.));
#5364=DIRECTION('',(2.16840434497101E-16,-0.447213595499961,0.894427190999914));
#5365=DIRECTION('',(0.,-0.894427190999916,-0.447213595499958));
#5366=DIRECTION('center_axis',(-2.16840434497101E-16,-0.447213595499958,
0.894427190999916));
#5367=DIRECTION('ref_axis',(0.,-0.894427190999916,-0.447213595499958));
#5368=DIRECTION('',(-1.,9.69739903612224E-17,-1.93947980722443E-16));
#5369=DIRECTION('',(0.,-0.894427190999916,-0.447213595499958));
#5370=DIRECTION('center_axis',(-1.,0.,0.));
#5371=DIRECTION('ref_axis',(0.,0.,1.));
#5372=DIRECTION('',(0.,0.447213595499961,-0.894427190999914));
#5373=DIRECTION('center_axis',(1.,0.,0.));
#5374=DIRECTION('ref_axis',(0.,0.,-1.));
#5375=DIRECTION('center_axis',(1.,0.,0.));
#5376=DIRECTION('ref_axis',(0.,-1.57702134179716E-15,1.));
#5377=DIRECTION('',(1.,0.,0.));
#5378=DIRECTION('center_axis',(1.,0.,0.));
#5379=DIRECTION('ref_axis',(0.,-1.57702134179716E-15,1.));
#5380=DIRECTION('center_axis',(1.,0.,0.));
#5381=DIRECTION('ref_axis',(0.,0.,-1.));
#5382=DIRECTION('',(2.16840434497101E-16,0.,1.));
#5383=DIRECTION('center_axis',(1.,0.,0.));
#5384=DIRECTION('ref_axis',(0.,-1.73472347597754E-14,1.));
#5385=DIRECTION('center_axis',(1.,0.,0.));
#5386=DIRECTION('ref_axis',(0.,0.,-1.));
#5387=DIRECTION('',(-1.,0.,-2.16840434497101E-16));
#5388=DIRECTION('center_axis',(1.,0.,0.));
#5389=DIRECTION('ref_axis',(0.,-1.73472347597754E-14,1.));
#5390=DIRECTION('center_axis',(-1.,0.,0.));
#5391=DIRECTION('ref_axis',(0.,0.,1.));
#5392=DIRECTION('',(0.,0.,-1.));
#5393=DIRECTION('center_axis',(0.,1.19819447984833E-16,-1.));
#5394=DIRECTION('ref_axis',(0.,1.,1.19819447984833E-16));
#5395=DIRECTION('',(0.,-1.,-1.19819447984833E-16));
#5396=DIRECTION('',(-1.,0.,0.));
#5397=DIRECTION('',(0.,-1.,-1.19819447984833E-16));
#5398=DIRECTION('center_axis',(1.,2.59817011622339E-32,-2.16840434497101E-16));
#5399=DIRECTION('ref_axis',(-2.16840434497101E-16,0.,-1.));
#5400=DIRECTION('',(-2.16840434497101E-16,0.,-1.));
#5401=DIRECTION('',(0.,-1.,-1.19819447984833E-16));
#5402=DIRECTION('center_axis',(-2.16840434497101E-16,-1.19819447984833E-16,
1.));
#5403=DIRECTION('ref_axis',(1.,0.,2.16840434497101E-16));
#5404=DIRECTION('',(1.,0.,2.16840434497101E-16));
#5405=DIRECTION('',(0.,-1.,-1.19819447984833E-16));
#5406=DIRECTION('center_axis',(-1.,0.,0.));
#5407=DIRECTION('ref_axis',(0.,0.,1.));
#5408=DIRECTION('',(0.,0.,1.));
#5409=DIRECTION('center_axis',(0.,1.,0.));
#5410=DIRECTION('ref_axis',(0.,0.,1.));
#5411=DIRECTION('',(0.,0.,1.));
#5412=DIRECTION('',(-1.,0.,0.));
#5413=DIRECTION('',(-2.16840434497101E-16,0.,-1.));
#5414=DIRECTION('',(1.,0.,2.16840434497101E-16));
#5415=DIRECTION('center_axis',(0.,1.,0.));
#5416=DIRECTION('ref_axis',(0.,0.,1.));
#5417=DIRECTION('',(0.,0.,-1.));
#5418=DIRECTION('',(-1.,0.,-2.16840434497101E-16));
#5419=DIRECTION('',(2.16840434497101E-16,0.,1.));
#5420=DIRECTION('',(1.,0.,0.));
#5421=DIRECTION('center_axis',(-2.03763356184936E-16,0.342020143325667,
0.939692620785909));
#5422=DIRECTION('ref_axis',(-1.,-1.23259516440783E-32,-2.16840434497101E-16));
#5423=DIRECTION('',(0.323615577118183,0.88912649071599,-0.323615577118183));
#5424=DIRECTION('',(0.323615577118183,-0.88912649071599,0.323615577118183));
#5425=DIRECTION('center_axis',(0.939692620785909,0.342020143325666,-2.03763356184936E-16));
#5426=DIRECTION('ref_axis',(2.16840434497101E-16,0.,1.));
#5427=DIRECTION('',(0.323615577118183,-0.88912649071599,-0.323615577118183));
#5428=DIRECTION('center_axis',(-0.939692620785909,0.342020143325667,0.));
#5429=DIRECTION('ref_axis',(0.,0.,-1.));
#5430=DIRECTION('',(0.323615577118183,0.88912649071599,0.323615577118183));
#5431=DIRECTION('center_axis',(0.,0.342020143325667,-0.939692620785909));
#5432=DIRECTION('ref_axis',(1.,0.,0.));
#5433=DIRECTION('center_axis',(0.,0.342020143325667,0.939692620785909));
#5434=DIRECTION('ref_axis',(-1.,0.,0.));
#5435=DIRECTION('',(0.323615577118183,0.88912649071599,-0.323615577118183));
#5436=DIRECTION('',(0.323615577118183,-0.88912649071599,0.323615577118183));
#5437=DIRECTION('center_axis',(0.939692620785909,0.342020143325667,0.));
#5438=DIRECTION('ref_axis',(0.,0.,1.));
#5439=DIRECTION('',(0.323615577118183,-0.88912649071599,-0.323615577118183));
#5440=DIRECTION('center_axis',(-0.939692620785909,0.342020143325666,2.03763356184936E-16));
#5441=DIRECTION('ref_axis',(-2.16840434497101E-16,0.,-1.));
#5442=DIRECTION('',(0.323615577118183,0.88912649071599,0.323615577118183));
#5443=DIRECTION('center_axis',(2.03763356184936E-16,0.342020143325667,-0.939692620785909));
#5444=DIRECTION('ref_axis',(1.,0.,2.16840434497101E-16));
#5445=DIRECTION('center_axis',(0.,1.,1.92747052886312E-16));
#5446=DIRECTION('ref_axis',(0.,-1.92747052886312E-16,1.));
#5447=DIRECTION('',(-1.,0.,0.));
#5448=DIRECTION('',(0.,0.,1.));
#5449=DIRECTION('',(-1.,0.,0.));
#5450=DIRECTION('',(0.,0.,1.));
#5451=DIRECTION('center_axis',(0.,1.,1.92747052886312E-16));
#5452=DIRECTION('ref_axis',(0.,-1.92747052886312E-16,1.));
#5453=DIRECTION('',(-1.,0.,0.));
#5454=DIRECTION('',(0.,0.,1.));
#5455=DIRECTION('',(-1.,0.,0.));
#5456=DIRECTION('',(0.,0.,1.));
#5457=DIRECTION('center_axis',(0.,1.,1.92747052886312E-16));
#5458=DIRECTION('ref_axis',(0.,-1.92747052886312E-16,1.));
#5459=DIRECTION('',(-1.,0.,0.));
#5460=DIRECTION('',(0.,0.,1.));
#5461=DIRECTION('',(-1.,0.,0.));
#5462=DIRECTION('',(0.,0.,1.));
#5463=DIRECTION('center_axis',(9.99973967402203E-17,-0.707106781186546,
0.707106781186549));
#5464=DIRECTION('ref_axis',(1.,4.93038065763132E-32,-1.41417674672022E-16));
#5465=DIRECTION('',(-0.577350269189626,0.577350269189627,0.577350269189625));
#5466=DIRECTION('',(-1.,-4.47665255787606E-32,1.41417674672022E-16));
#5467=DIRECTION('',(0.,0.707106781186549,0.707106781186546));
#5468=DIRECTION('',(1.,4.47665255787606E-32,-1.41417674672022E-16));
#5469=DIRECTION('center_axis',(-1.,0.,0.));
#5470=DIRECTION('ref_axis',(0.,0.,1.));
#5471=DIRECTION('',(-1.,0.,0.));
#5472=DIRECTION('center_axis',(1.,2.5228584323483E-32,-1.23908819712629E-16));
#5473=DIRECTION('ref_axis',(1.23908819712629E-16,3.12604410654332E-48,1.));
#5474=DIRECTION('',(-1.,0.,0.));
#5475=DIRECTION('center_axis',(-1.,0.,0.));
#5476=DIRECTION('ref_axis',(0.,0.,-1.));
#5477=DIRECTION('center_axis',(-0.707106781186548,-0.707106781186547,-1.36221688322652E-16));
#5478=DIRECTION('ref_axis',(-1.23908819712629E-16,3.16555378827885E-16,
-1.));
#5479=DIRECTION('',(0.707106781186547,-0.707106781186548,0.));
#5480=DIRECTION('',(-1.23908819712629E-16,3.16555378827885E-16,-1.));
#5481=DIRECTION('',(1.23908819712629E-16,-3.16555378827885E-16,1.));
#5482=DIRECTION('center_axis',(0.,0.,1.));
#5483=DIRECTION('ref_axis',(1.,0.,0.));
#5484=DIRECTION('',(-1.,0.,0.));
#5485=DIRECTION('',(2.5228584323483E-32,-1.,0.));
#5486=DIRECTION('',(0.,1.,0.));
#5487=DIRECTION('center_axis',(1.41417674672022E-16,-2.03606041781315E-16,
1.));
#5488=DIRECTION('ref_axis',(0.,-1.,-2.03606041781315E-16));
#5489=DIRECTION('',(0.,1.,2.03606041781315E-16));
#5490=DIRECTION('',(0.,1.,2.03606041781315E-16));
#5491=DIRECTION('',(1.,0.,-1.41417674672022E-16));
#5492=DIRECTION('',(1.,0.,-1.41417674672022E-16));
#5493=DIRECTION('',(-4.33680868994202E-16,1.,2.03606041781315E-16));
#5494=DIRECTION('',(-1.,0.,1.41417674672022E-16));
#5495=DIRECTION('',(1.0842021724855E-16,-1.,-2.03606041781315E-16));
#5496=DIRECTION('center_axis',(-2.16840434497101E-16,0.,-1.));
#5497=DIRECTION('ref_axis',(-1.,0.,2.16840434497101E-16));
#5498=DIRECTION('',(-1.,-1.86910902987892E-32,2.16840434497101E-16));
#5499=DIRECTION('',(0.,-1.,0.));
#5500=DIRECTION('',(-1.,2.71050543121376E-16,2.16840434497101E-16));
#5501=DIRECTION('',(0.,-1.,0.));
#5502=DIRECTION('center_axis',(-1.,0.,0.));
#5503=DIRECTION('ref_axis',(0.,0.,1.));
#5504=DIRECTION('',(0.,-2.47817639425258E-16,1.));
#5505=DIRECTION('',(0.,-1.,0.));
#5506=DIRECTION('',(0.,0.,1.));
#5507=DIRECTION('center_axis',(0.,0.,1.));
#5508=DIRECTION('ref_axis',(1.,0.,0.));
#5509=DIRECTION('',(1.,-3.50457943102297E-32,0.));
#5510=DIRECTION('',(0.,-1.,0.));
#5511=DIRECTION('',(1.,-2.71050543121376E-16,0.));
#5512=DIRECTION('center_axis',(1.,0.,2.16840434497101E-16));
#5513=DIRECTION('ref_axis',(2.16840434497101E-16,0.,-1.));
#5514=DIRECTION('',(2.16840434497101E-16,2.47817639425258E-16,-1.));
#5515=DIRECTION('',(2.16840434497101E-16,-5.87747175411144E-32,-1.));
#5516=DIRECTION('center_axis',(0.,0.,-1.));
#5517=DIRECTION('ref_axis',(-1.,0.,0.));
#5518=DIRECTION('',(-2.5228584323483E-32,1.,0.));
#5519=DIRECTION('',(-0.707106781186549,0.707106781186546,0.));
#5520=DIRECTION('',(-1.,0.,0.));
#5521=DIRECTION('',(0.,-1.,0.));
#5522=DIRECTION('center_axis',(0.,0.,1.));
#5523=DIRECTION('ref_axis',(1.,0.,0.));
#5524=DIRECTION('',(0.,1.,0.));
#5525=DIRECTION('',(-1.,0.,0.));
#5526=DIRECTION('',(0.,-1.,0.));
#5527=DIRECTION('',(0.,1.,0.));
#5528=DIRECTION('',(-1.,0.,0.));
#5529=DIRECTION('',(0.,-1.,0.));
#5530=DIRECTION('',(-1.,0.,0.));
#5531=DIRECTION('',(-1.35525271560688E-16,1.,0.));
#5532=DIRECTION('',(-1.,2.71050543121376E-16,0.));
#5533=DIRECTION('',(0.,-1.,0.));
#5534=DIRECTION('',(-1.,0.,0.));
#5535=DIRECTION('',(0.,1.,0.));
#5536=DIRECTION('',(-1.,0.,0.));
#5537=DIRECTION('',(0.,1.,0.));
#5538=DIRECTION('',(-1.,0.,0.));
#5539=DIRECTION('',(0.,1.,0.));
#5540=DIRECTION('',(-1.,-2.71050543121376E-16,0.));
#5541=DIRECTION('',(-1.35525271560688E-16,-1.,0.));
#5542=DIRECTION('',(0.,1.,0.));
#5543=DIRECTION('',(-1.,0.,0.));
#5544=DIRECTION('',(0.,-1.,0.));
#5545=DIRECTION('center_axis',(0.,-1.,-3.16555378827885E-16));
#5546=DIRECTION('ref_axis',(0.,3.16555378827885E-16,-1.));
#5547=DIRECTION('',(0.,0.,1.));
#5548=DIRECTION('',(0.,-3.16555378827885E-16,1.));
#5549=DIRECTION('',(-1.,0.,0.));
#5550=DIRECTION('center_axis',(-1.,0.,0.));
#5551=DIRECTION('ref_axis',(0.,0.,1.));
#5552=DIRECTION('',(0.,-1.,0.));
#5553=DIRECTION('',(0.,0.,1.));
#5554=DIRECTION('center_axis',(3.50457943102297E-32,1.,2.47817639425258E-16));
#5555=DIRECTION('ref_axis',(0.,-2.47817639425258E-16,1.));
#5556=DIRECTION('',(1.,0.,0.));
#5557=DIRECTION('',(0.,0.,1.));
#5558=DIRECTION('',(1.,0.,-1.41417674672022E-16));
#5559=DIRECTION('',(-1.23908819712629E-16,2.47817639425258E-16,-1.));
#5560=DIRECTION('',(-1.,0.,1.41417674672022E-16));
#5561=DIRECTION('',(1.23908819712629E-16,-2.47817639425258E-16,1.));
#5562=DIRECTION('',(-1.,3.50457943102297E-32,0.));
#5563=DIRECTION('',(-2.16840434497101E-16,2.47817639425258E-16,-1.));
#5564=DIRECTION('',(1.,-8.87826789192486E-32,2.16840434497101E-16));
#5565=DIRECTION('',(0.,-2.47817639425258E-16,1.));
#5566=DIRECTION('',(-1.,0.,0.));
#5567=DIRECTION('',(0.,4.33680868994202E-16,-1.));
#5568=DIRECTION('',(1.,0.,0.));
#5569=DIRECTION('',(0.,-4.33680868994202E-16,1.));
#5570=DIRECTION('',(-1.,0.,0.));
#5571=DIRECTION('',(0.,4.33680868994202E-16,-1.));
#5572=DIRECTION('',(1.,0.,0.));
#5573=DIRECTION('',(0.,-4.33680868994202E-16,1.));
#5574=DIRECTION('',(-1.,0.,0.));
#5575=DIRECTION('',(0.,4.33680868994202E-16,-1.));
#5576=DIRECTION('',(1.,0.,0.));
#5577=DIRECTION('',(0.,-4.33680868994202E-16,1.));
#5578=DIRECTION('center_axis',(-1.,-2.5228584323483E-32,1.23908819712629E-16));
#5579=DIRECTION('ref_axis',(1.23908819712629E-16,0.,1.));
#5580=DIRECTION('',(0.,1.,2.03606041781315E-16));
#5581=DIRECTION('',(1.23908819712629E-16,-2.03606041781315E-16,1.));
#5582=DIRECTION('center_axis',(-0.707106781186546,-0.707106781186549,-5.63544461664988E-17));
#5583=DIRECTION('ref_axis',(1.23908819712629E-16,-2.03606041781315E-16,
1.));
#5584=DIRECTION('',(0.577350269189627,-0.577350269189624,0.577350269189626));
#5585=DIRECTION('',(-1.23908819712629E-16,2.03606041781315E-16,-1.));
#5586=DIRECTION('center_axis',(0.,-1.,-2.03606041781315E-16));
#5587=DIRECTION('ref_axis',(0.,2.03606041781315E-16,-1.));
#5588=DIRECTION('',(1.,2.87934929778882E-32,-1.41417674672022E-16));
#5589=DIRECTION('',(1.23908819712629E-16,-2.03606041781315E-16,1.));
#5590=DIRECTION('',(-1.,0.,0.));
#5591=DIRECTION('',(0.,-2.03606041781315E-16,1.));
#5592=DIRECTION('',(0.,-2.03606041781315E-16,1.));
#5593=DIRECTION('center_axis',(-1.41417674672022E-16,2.03606041781315E-16,
-1.));
#5594=DIRECTION('ref_axis',(0.,1.,2.03606041781315E-16));
#5595=DIRECTION('',(0.,1.,2.03606041781315E-16));
#5596=DIRECTION('',(-1.,-2.87934929778882E-32,1.41417674672022E-16));
#5597=DIRECTION('center_axis',(-9.99973967402198E-17,-0.707106781186549,
-0.707106781186546));
#5598=DIRECTION('ref_axis',(-1.,-2.46519032881566E-32,1.41417674672022E-16));
#5599=DIRECTION('',(-0.577350269189626,-0.577350269189624,0.577350269189627));
#5600=DIRECTION('center_axis',(1.,1.0842021724855E-16,0.));
#5601=DIRECTION('ref_axis',(-1.0842021724855E-16,1.,0.));
#5602=DIRECTION('',(0.,0.,1.));
#5603=DIRECTION('',(-1.0842021724855E-16,1.,0.));
#5604=DIRECTION('',(0.,0.,1.));
#5605=DIRECTION('center_axis',(0.,1.,0.));
#5606=DIRECTION('ref_axis',(0.,0.,1.));
#5607=DIRECTION('',(-1.,0.,0.));
#5608=DIRECTION('',(0.,0.,1.));
#5609=DIRECTION('center_axis',(-1.,-4.33680868994202E-16,0.));
#5610=DIRECTION('ref_axis',(4.33680868994202E-16,-1.,0.));
#5611=DIRECTION('',(4.33680868994202E-16,-1.,0.));
#5612=DIRECTION('',(0.,0.,1.));
#5613=DIRECTION('center_axis',(0.,-1.,0.));
#5614=DIRECTION('ref_axis',(0.,0.,-1.));
#5615=DIRECTION('',(1.,0.,0.));
#5616=DIRECTION('center_axis',(0.,-9.40739412134928E-17,-1.));
#5617=DIRECTION('ref_axis',(0.,1.,-9.40739412134928E-17));
#5618=DIRECTION('',(-1.,0.,0.));
#5619=DIRECTION('',(0.,-1.,9.40739412134928E-17));
#5620=DIRECTION('',(-1.,0.,0.));
#5621=DIRECTION('',(0.,1.,0.));
#5622=DIRECTION('',(-1.,0.,0.));
#5623=DIRECTION('',(4.33680868994202E-16,1.,0.));
#5624=DIRECTION('',(1.,0.,0.));
#5625=DIRECTION('',(-1.08420217248551E-16,-1.,0.));
#5626=DIRECTION('',(-1.,0.,0.));
#5627=DIRECTION('',(0.,1.,0.));
#5628=DIRECTION('',(0.,-1.,9.40739412134928E-17));
#5629=DIRECTION('center_axis',(0.,1.,0.));
#5630=DIRECTION('ref_axis',(0.,0.,1.));
#5631=DIRECTION('',(-1.,0.,0.));
#5632=DIRECTION('',(0.,0.,-1.));
#5633=DIRECTION('',(0.,0.,-1.));
#5634=DIRECTION('center_axis',(0.,3.87215061601966E-16,-1.));
#5635=DIRECTION('ref_axis',(0.,1.,3.87215061601966E-16));
#5636=DIRECTION('',(-1.,0.,0.));
#5637=DIRECTION('',(0.,-1.,-3.87215061601966E-16));
#5638=DIRECTION('',(0.,-1.,-3.87215061601966E-16));
#5639=DIRECTION('center_axis',(0.,1.,1.92747052886312E-16));
#5640=DIRECTION('ref_axis',(0.,-1.92747052886312E-16,1.));
#5641=DIRECTION('',(0.,0.,1.));
#5642=DIRECTION('',(-1.,0.,0.));
#5643=DIRECTION('',(0.,0.,1.));
#5644=DIRECTION('center_axis',(1.,1.35525271560688E-16,0.));
#5645=DIRECTION('ref_axis',(-1.35525271560688E-16,1.,0.));
#5646=DIRECTION('',(-1.35525271560688E-16,1.,0.));
#5647=DIRECTION('',(0.,0.,1.));
#5648=DIRECTION('center_axis',(2.71050543121376E-16,1.,0.));
#5649=DIRECTION('ref_axis',(-1.,2.71050543121376E-16,0.));
#5650=DIRECTION('',(-1.,2.71050543121376E-16,0.));
#5651=DIRECTION('',(0.,0.,1.));
#5652=DIRECTION('center_axis',(-1.,0.,0.));
#5653=DIRECTION('ref_axis',(0.,0.,1.));
#5654=DIRECTION('',(0.,-1.,0.));
#5655=DIRECTION('',(0.,0.,1.));
#5656=DIRECTION('center_axis',(0.,1.,1.92747052886312E-16));
#5657=DIRECTION('ref_axis',(0.,-1.92747052886312E-16,1.));
#5658=DIRECTION('',(-1.,0.,0.));
#5659=DIRECTION('',(0.,1.92747052886312E-16,-1.));
#5660=DIRECTION('center_axis',(1.,0.,0.));
#5661=DIRECTION('ref_axis',(0.,0.,-1.));
#5662=DIRECTION('',(0.,-1.,0.));
#5663=DIRECTION('',(0.,0.,1.));
#5664=DIRECTION('center_axis',(0.,-1.,0.));
#5665=DIRECTION('ref_axis',(0.,0.,-1.));
#5666=DIRECTION('',(-1.,0.,0.));
#5667=DIRECTION('',(0.,0.,1.));
#5668=DIRECTION('center_axis',(0.,0.,-1.));
#5669=DIRECTION('ref_axis',(-1.,0.,0.));
#5670=DIRECTION('',(-1.,0.,0.));
#5671=DIRECTION('',(0.,1.,0.));
#5672=DIRECTION('',(0.,-1.,0.));
#5673=DIRECTION('',(-1.,0.,0.));
#5674=DIRECTION('',(0.,1.,0.));
#5675=DIRECTION('',(-1.35525271560688E-16,-1.,0.));
#5676=DIRECTION('',(-1.,-2.71050543121376E-16,0.));
#5677=DIRECTION('',(0.,1.,0.));
#5678=DIRECTION('',(-1.,0.,0.));
#5679=DIRECTION('',(0.,-1.,0.));
#5680=DIRECTION('',(0.,-1.,0.));
#5681=DIRECTION('',(-1.,0.,0.));
#5682=DIRECTION('',(0.,1.,0.));
#5683=DIRECTION('',(0.,-1.,0.));
#5684=DIRECTION('center_axis',(-2.16840434497101E-16,0.,1.));
#5685=DIRECTION('ref_axis',(1.,0.,2.16840434497101E-16));
#5686=DIRECTION('',(1.,2.71050543121376E-16,2.16840434497101E-16));
#5687=DIRECTION('',(0.,-1.,0.));
#5688=DIRECTION('',(0.,-1.,0.));
#5689=DIRECTION('center_axis',(-1.,0.,0.));
#5690=DIRECTION('ref_axis',(0.,0.,1.));
#5691=DIRECTION('',(0.,0.,1.));
#5692=DIRECTION('',(0.,-1.,0.));
#5693=DIRECTION('center_axis',(0.,0.,-1.));
#5694=DIRECTION('ref_axis',(-1.,0.,0.));
#5695=DIRECTION('',(-1.,-2.71050543121376E-16,0.));
#5696=DIRECTION('',(0.,-1.,0.));
#5697=DIRECTION('center_axis',(1.,0.,-2.16840434497101E-16));
#5698=DIRECTION('ref_axis',(-2.16840434497101E-16,0.,-1.));
#5699=DIRECTION('',(-2.16840434497101E-16,-5.87747175411144E-32,-1.));
#5700=DIRECTION('center_axis',(0.707106781186546,-0.707106781186549,-2.31587979501741E-16));
#5701=DIRECTION('ref_axis',(-1.23908819712629E-16,2.03606041781315E-16,
-1.));
#5702=DIRECTION('',(-0.707106781186549,-0.707106781186546,0.));
#5703=DIRECTION('',(-1.23908819712629E-16,2.03606041781315E-16,-1.));
#5704=DIRECTION('center_axis',(0.707106781186546,-0.70710678118655,-3.11455221657895E-16));
#5705=DIRECTION('ref_axis',(-1.23908819712629E-16,3.16555378827885E-16,
-1.));
#5706=DIRECTION('',(0.577350269189628,0.577350269189624,0.577350269189626));
#5707=DIRECTION('',(1.23908819712629E-16,-3.16555378827885E-16,1.));
#5708=DIRECTION('',(0.70710678118655,0.707106781186546,0.));
#5709=DIRECTION('',(-1.23908819712629E-16,3.16555378827885E-16,-1.));
#5710=DIRECTION('center_axis',(9.99973967402199E-17,-0.707106781186549,
0.707106781186546));
#5711=DIRECTION('ref_axis',(1.,4.93038065763132E-32,-1.41417674672022E-16));
#5712=DIRECTION('',(0.,-0.707106781186546,-0.707106781186549));
#5713=DIRECTION('',(-1.,-4.47665255787606E-32,1.41417674672022E-16));
#5714=DIRECTION('',(1.,4.47665255787606E-32,-1.41417674672022E-16));
#5715=DIRECTION('center_axis',(0.,0.,-1.));
#5716=DIRECTION('ref_axis',(-1.,0.,0.));
#5717=DIRECTION('',(0.,-1.,0.));
#5718=DIRECTION('',(1.,0.,0.));
#5719=DIRECTION('',(0.,1.,0.));
#5720=DIRECTION('',(-1.,0.,0.));
#5721=DIRECTION('center_axis',(1.,0.,0.));
#5722=DIRECTION('ref_axis',(0.,0.,-1.));
#5723=DIRECTION('',(0.,0.,1.));
#5724=DIRECTION('',(0.,0.,1.));
#5725=DIRECTION('center_axis',(0.,1.,0.));
#5726=DIRECTION('ref_axis',(0.,0.,1.));
#5727=DIRECTION('',(0.,0.,1.));
#5728=DIRECTION('',(1.,0.,-1.41417674672022E-16));
#5729=DIRECTION('',(0.,0.,1.));
#5730=DIRECTION('center_axis',(-1.,1.08420217248551E-16,0.));
#5731=DIRECTION('ref_axis',(-1.08420217248551E-16,-1.,0.));
#5732=DIRECTION('',(1.08420217248551E-16,1.,2.03606041781315E-16));
#5733=DIRECTION('',(0.,0.,1.));
#5734=DIRECTION('',(0.,0.,1.));
#5735=DIRECTION('center_axis',(0.,-1.,0.));
#5736=DIRECTION('ref_axis',(0.,0.,-1.));
#5737=DIRECTION('',(-1.,0.,1.41417674672022E-16));
#5738=DIRECTION('',(0.,0.,1.));
#5739=DIRECTION('center_axis',(1.,-4.33680868994202E-16,0.));
#5740=DIRECTION('ref_axis',(4.33680868994202E-16,1.,0.));
#5741=DIRECTION('',(-4.33680868994202E-16,-1.,-2.03606041781315E-16));
#5742=DIRECTION('center_axis',(1.,0.,0.));
#5743=DIRECTION('ref_axis',(0.,0.,-1.));
#5744=DIRECTION('',(0.,0.,1.));
#5745=DIRECTION('',(0.,-1.,-2.03606041781315E-16));
#5746=DIRECTION('center_axis',(1.41417674672022E-16,-2.03606041781315E-16,
1.));
#5747=DIRECTION('ref_axis',(0.,-1.,-2.03606041781315E-16));
#5748=DIRECTION('',(0.,1.,2.03606041781315E-16));
#5749=DIRECTION('center_axis',(1.,2.5228584323483E-32,-1.23908819712629E-16));
#5750=DIRECTION('ref_axis',(-1.23908819712629E-16,0.,-1.));
#5751=DIRECTION('',(-2.5228584323483E-32,1.,0.));
#5752=DIRECTION('center_axis',(-1.,-2.5228584323483E-32,1.23908819712629E-16));
#5753=DIRECTION('ref_axis',(-1.23908819712629E-16,-3.12604410654332E-48,
-1.));
#5754=DIRECTION('',(2.5228584323483E-32,-1.,0.));
#5755=DIRECTION('center_axis',(1.,0.,0.));
#5756=DIRECTION('ref_axis',(0.,0.,-1.));
#5757=DIRECTION('',(0.,0.,1.));
#5758=DIRECTION('',(0.,0.,1.));
#5759=DIRECTION('center_axis',(-1.,1.35525271560688E-16,0.));
#5760=DIRECTION('ref_axis',(-1.35525271560688E-16,-1.,0.));
#5761=DIRECTION('',(0.,0.,1.));
#5762=DIRECTION('center_axis',(1.,0.,0.));
#5763=DIRECTION('ref_axis',(0.,0.,-1.));
#5764=DIRECTION('',(0.,-1.,0.));
#5765=DIRECTION('center_axis',(-1.,0.,0.));
#5766=DIRECTION('ref_axis',(0.,0.,-1.));
#5767=DIRECTION('',(0.,1.,0.));
#5768=DIRECTION('',(0.,-3.16555378827885E-16,1.));
#5769=DIRECTION('',(0.,1.92747052886312E-16,-1.));
#5770=DIRECTION('center_axis',(0.,1.,1.92747052886312E-16));
#5771=DIRECTION('ref_axis',(0.,-1.92747052886312E-16,1.));
#5772=DIRECTION('center_axis',(0.,-1.,-3.16555378827885E-16));
#5773=DIRECTION('ref_axis',(0.,3.16555378827885E-16,-1.));
#5774=DIRECTION('',(-1.,0.,0.));
#5775=DIRECTION('center_axis',(0.,0.,1.));
#5776=DIRECTION('ref_axis',(1.,0.,0.));
#5777=DIRECTION('',(-1.,0.,0.));
#5778=DIRECTION('center_axis',(-1.,0.,0.));
#5779=DIRECTION('ref_axis',(0.,0.,1.));
#5780=DIRECTION('',(-1.,0.,0.));
#5781=DIRECTION('center_axis',(0.,0.,-1.));
#5782=DIRECTION('ref_axis',(-1.,0.,0.));
#5783=DIRECTION('center_axis',(-2.71050543121376E-16,1.,0.));
#5784=DIRECTION('ref_axis',(-1.,-2.71050543121376E-16,0.));
#5785=DIRECTION('center_axis',(0.,1.,0.));
#5786=DIRECTION('ref_axis',(0.,0.,1.));
#5787=DIRECTION('',(0.,0.,1.));
#5788=DIRECTION('',(0.,0.,1.));
#5789=DIRECTION('',(-1.51986905310525E-47,0.,-1.));
#5790=DIRECTION('',(-1.,0.,0.));
#5791=DIRECTION('',(1.51986905310525E-47,0.,1.));
#5792=DIRECTION('',(1.,0.,0.));
#5793=DIRECTION('center_axis',(1.,0.,0.));
#5794=DIRECTION('ref_axis',(0.,0.,-1.));
#5795=DIRECTION('center_axis',(-1.,0.,0.));
#5796=DIRECTION('ref_axis',(0.,0.,1.));
#5797=DIRECTION('center_axis',(0.,1.,0.));
#5798=DIRECTION('ref_axis',(0.,0.,1.));
#5799=DIRECTION('',(0.,0.,1.));
#5800=DIRECTION('',(0.,0.,1.));
#5801=DIRECTION('',(-1.51986905310525E-47,0.,-1.));
#5802=DIRECTION('',(-1.,0.,0.));
#5803=DIRECTION('',(1.51986905310525E-47,0.,1.));
#5804=DIRECTION('',(1.,0.,0.));
#5805=DIRECTION('center_axis',(1.,0.,0.));
#5806=DIRECTION('ref_axis',(0.,0.,-1.));
#5807=DIRECTION('center_axis',(-1.,0.,0.));
#5808=DIRECTION('ref_axis',(0.,0.,1.));
#5809=DIRECTION('center_axis',(0.,1.,0.));
#5810=DIRECTION('ref_axis',(0.,0.,1.));
#5811=DIRECTION('',(0.,0.,1.));
#5812=DIRECTION('',(0.,0.,1.));
#5813=DIRECTION('',(-1.51986905310525E-47,0.,-1.));
#5814=DIRECTION('',(-1.,0.,0.));
#5815=DIRECTION('',(1.51986905310525E-47,0.,1.));
#5816=DIRECTION('',(1.,0.,0.));
#5817=DIRECTION('center_axis',(1.,0.,0.));
#5818=DIRECTION('ref_axis',(0.,0.,-1.));
#5819=DIRECTION('center_axis',(-1.,0.,0.));
#5820=DIRECTION('ref_axis',(0.,0.,1.));
#5821=DIRECTION('center_axis',(0.,2.47817639425258E-16,-1.));
#5822=DIRECTION('ref_axis',(0.,1.,2.47817639425258E-16));
#5823=DIRECTION('',(3.50457943102297E-32,1.,2.47817639425258E-16));
#5824=DIRECTION('',(3.50457943102297E-32,1.,2.47817639425258E-16));
#5825=DIRECTION('center_axis',(1.,-3.50457943102297E-32,-1.51986905310525E-47));
#5826=DIRECTION('ref_axis',(3.50457943102297E-32,1.,0.));
#5827=DIRECTION('',(3.50457943102297E-32,1.,2.47817639425258E-16));
#5828=DIRECTION('center_axis',(0.,-2.47817639425258E-16,1.));
#5829=DIRECTION('ref_axis',(0.,-1.,-2.47817639425258E-16));
#5830=DIRECTION('',(3.50457943102297E-32,1.,2.47817639425258E-16));
#5831=DIRECTION('center_axis',(-1.,3.50457943102297E-32,1.51986905310525E-47));
#5832=DIRECTION('ref_axis',(-3.50457943102297E-32,-1.,0.));
#5833=DIRECTION('center_axis',(0.,2.47817639425258E-16,-1.));
#5834=DIRECTION('ref_axis',(0.,1.,2.47817639425258E-16));
#5835=DIRECTION('',(3.50457943102297E-32,1.,2.47817639425258E-16));
#5836=DIRECTION('',(3.50457943102297E-32,1.,2.47817639425258E-16));
#5837=DIRECTION('center_axis',(1.,-3.50457943102297E-32,-1.51986905310525E-47));
#5838=DIRECTION('ref_axis',(3.50457943102297E-32,1.,0.));
#5839=DIRECTION('',(3.50457943102297E-32,1.,2.47817639425258E-16));
#5840=DIRECTION('center_axis',(0.,-2.47817639425258E-16,1.));
#5841=DIRECTION('ref_axis',(0.,-1.,-2.47817639425258E-16));
#5842=DIRECTION('',(3.50457943102297E-32,1.,2.47817639425258E-16));
#5843=DIRECTION('center_axis',(-1.,3.50457943102297E-32,1.51986905310525E-47));
#5844=DIRECTION('ref_axis',(-3.50457943102297E-32,-1.,0.));
#5845=DIRECTION('center_axis',(0.,2.47817639425258E-16,-1.));
#5846=DIRECTION('ref_axis',(0.,1.,2.47817639425258E-16));
#5847=DIRECTION('',(3.50457943102297E-32,1.,2.47817639425258E-16));
#5848=DIRECTION('',(3.50457943102297E-32,1.,2.47817639425258E-16));
#5849=DIRECTION('center_axis',(1.,-3.50457943102297E-32,-1.51986905310525E-47));
#5850=DIRECTION('ref_axis',(3.50457943102297E-32,1.,0.));
#5851=DIRECTION('',(3.50457943102297E-32,1.,2.47817639425258E-16));
#5852=DIRECTION('center_axis',(0.,-2.47817639425258E-16,1.));
#5853=DIRECTION('ref_axis',(0.,-1.,-2.47817639425258E-16));
#5854=DIRECTION('',(3.50457943102297E-32,1.,2.47817639425258E-16));
#5855=DIRECTION('center_axis',(-1.,3.50457943102297E-32,1.51986905310525E-47));
#5856=DIRECTION('ref_axis',(-3.50457943102297E-32,-1.,0.));
#5857=DIRECTION('center_axis',(6.98296267768627E-15,3.31868787385155E-16,
1.));
#5858=DIRECTION('ref_axis',(-2.31742735619954E-30,1.,-3.31868787385155E-16));
#5859=DIRECTION('',(2.31742735619954E-30,-1.,3.31868787385155E-16));
#5860=DIRECTION('',(-1.,0.,6.98296267768627E-15));
#5861=DIRECTION('',(2.31742735619954E-30,-1.,3.31868787385155E-16));
#5862=DIRECTION('',(-1.,0.,6.98296267768627E-15));
#5863=DIRECTION('center_axis',(-1.,7.19625720526231E-32,7.19980311218337E-15));
#5864=DIRECTION('ref_axis',(7.19980311218337E-15,0.,1.));
#5865=DIRECTION('',(2.31742735619954E-30,-1.,3.31868787385155E-16));
#5866=DIRECTION('',(-7.19980311218337E-15,0.,-1.));
#5867=DIRECTION('',(-7.19980311218337E-15,0.,-1.));
#5868=DIRECTION('center_axis',(-6.76612224318917E-15,-3.31868787385155E-16,
-1.));
#5869=DIRECTION('ref_axis',(2.31742735619954E-30,-1.,3.31868787385155E-16));
#5870=DIRECTION('',(2.31742735619954E-30,-1.,3.31868787385155E-16));
#5871=DIRECTION('',(1.,0.,-6.76612224318917E-15));
#5872=DIRECTION('',(1.,0.,-6.76612224318917E-15));
#5873=DIRECTION('center_axis',(1.,0.,-6.98296267768627E-15));
#5874=DIRECTION('ref_axis',(-6.98296267768627E-15,0.,-1.));
#5875=DIRECTION('',(6.98296267768627E-15,0.,1.));
#5876=DIRECTION('',(6.98296267768627E-15,0.,1.));
#5877=DIRECTION('center_axis',(-1.,0.,6.98296267768627E-15));
#5878=DIRECTION('ref_axis',(6.98296267768627E-15,0.,1.));
#5879=DIRECTION('center_axis',(-1.,0.,6.98296267768627E-15));
#5880=DIRECTION('ref_axis',(-6.92170743554814E-15,0.132163720091023,-0.991227900682634));
#5881=DIRECTION('',(-1.,0.,6.98296267768627E-15));
#5882=DIRECTION('center_axis',(-1.,0.,6.98296267768627E-15));
#5883=DIRECTION('ref_axis',(-6.92170743554814E-15,0.132163720091023,-0.991227900682634));
#5884=DIRECTION('center_axis',(-1.,0.,6.98296267768627E-15));
#5885=DIRECTION('ref_axis',(6.98296267768627E-15,0.,1.));
#5886=DIRECTION('',(-7.13854787004525E-15,0.132163720091018,-0.991227900682635));
#5887=DIRECTION('center_axis',(-1.,0.,6.98296267768627E-15));
#5888=DIRECTION('ref_axis',(-6.92170743554814E-15,0.132163720091024,-0.991227900682634));
#5889=DIRECTION('center_axis',(-1.,0.,6.98296267768627E-15));
#5890=DIRECTION('ref_axis',(6.98296267768627E-15,0.,1.));
#5891=DIRECTION('',(1.,-2.86584384892897E-17,-6.76802438901659E-15));
#5892=DIRECTION('center_axis',(-1.,0.,6.98296267768627E-15));
#5893=DIRECTION('ref_axis',(-6.92170743554814E-15,0.132163720091024,-0.991227900682634));
#5894=DIRECTION('center_axis',(1.,0.,-6.98296267768627E-15));
#5895=DIRECTION('ref_axis',(-6.98296267768627E-15,0.,-1.));
#5896=DIRECTION('',(6.92170743554815E-15,-0.132163720091018,0.991227900682635));
#5897=DIRECTION('center_axis',(6.92170743554815E-15,-0.132163720091018,
0.991227900682635));
#5898=DIRECTION('ref_axis',(9.22894324739753E-16,0.991227900682635,0.132163720091018));
#5899=DIRECTION('',(-9.22894324739753E-16,-0.991227900682635,-0.132163720091018));
#5900=DIRECTION('',(-1.,0.,6.98296267768627E-15));
#5901=DIRECTION('',(-9.22894324739753E-16,-0.991227900682635,-0.132163720091018));
#5902=DIRECTION('center_axis',(-1.,-2.86584384892896E-17,7.19790096635594E-15));
#5903=DIRECTION('ref_axis',(7.19790096635594E-15,0.,1.));
#5904=DIRECTION('',(-7.13854787004525E-15,0.132163720091023,-0.991227900682634));
#5905=DIRECTION('',(-9.22894324739753E-16,-0.991227900682635,-0.132163720091018));
#5906=DIRECTION('center_axis',(-6.70486700105105E-15,0.132163720091018,
-0.991227900682635));
#5907=DIRECTION('ref_axis',(-9.22894324739753E-16,-0.991227900682635,-0.132163720091018));
#5908=DIRECTION('',(1.,-2.86584384892907E-17,-6.76802438901659E-15));
#5909=DIRECTION('',(-9.22894324739753E-16,-0.991227900682635,-0.132163720091018));
#5910=DIRECTION('center_axis',(1.,0.,-6.98296267768627E-15));
#5911=DIRECTION('ref_axis',(-6.98296267768627E-15,0.,-1.));
#5912=DIRECTION('',(6.92170743554814E-15,-0.132163720091023,0.991227900682634));
#5913=DIRECTION('center_axis',(1.,0.,-6.98296267768627E-15));
#5914=DIRECTION('ref_axis',(6.88749294319338E-15,0.16479290138708,0.986328190640634));
#5915=DIRECTION('center_axis',(1.,0.,-6.98296267768627E-15));
#5916=DIRECTION('ref_axis',(6.24575169266012E-15,0.447213595499974,0.894427190999908));
#5917=DIRECTION('',(-1.,0.,6.98296267768627E-15));
#5918=DIRECTION('center_axis',(1.,0.,-6.98296267768627E-15));
#5919=DIRECTION('ref_axis',(6.24575169266012E-15,0.447213595499974,0.894427190999908));
#5920=DIRECTION('center_axis',(-1.,0.,6.98296267768627E-15));
#5921=DIRECTION('ref_axis',(6.98296267768627E-15,0.,1.));
#5922=DIRECTION('',(-6.46259212715728E-15,-0.447213595499958,-0.894427190999916));
#5923=DIRECTION('center_axis',(1.,0.,-6.98296267768627E-15));
#5924=DIRECTION('ref_axis',(6.24575169266017E-15,0.447213595499961,0.894427190999914));
#5925=DIRECTION('center_axis',(1.,0.,-6.98296267768627E-15));
#5926=DIRECTION('ref_axis',(6.8874929431934E-15,0.164792901387064,0.986328190640637));
#5927=DIRECTION('',(1.,9.69739903612216E-17,-6.78901469696382E-15));
#5928=DIRECTION('center_axis',(1.,0.,-6.98296267768627E-15));
#5929=DIRECTION('ref_axis',(6.24575169266017E-15,0.447213595499961,0.894427190999914));
#5930=DIRECTION('center_axis',(1.,0.,-6.98296267768627E-15));
#5931=DIRECTION('ref_axis',(-6.98296267768627E-15,0.,-1.));
#5932=DIRECTION('',(6.24575169266018E-15,0.447213595499958,0.894427190999916));
#5933=DIRECTION('center_axis',(6.24575169266018E-15,0.447213595499958,0.894427190999916));
#5934=DIRECTION('ref_axis',(-3.12287584633009E-15,0.894427190999916,-0.447213595499958));
#5935=DIRECTION('',(3.12287584633009E-15,-0.894427190999916,0.447213595499958));
#5936=DIRECTION('',(-1.,0.,6.98296267768627E-15));
#5937=DIRECTION('',(3.12287584633009E-15,-0.894427190999916,0.447213595499958));
#5938=DIRECTION('center_axis',(-1.,9.69739903612216E-17,7.17691065840871E-15));
#5939=DIRECTION('ref_axis',(7.17691065840871E-15,0.,1.));
#5940=DIRECTION('',(-6.46259212715727E-15,-0.447213595499961,-0.894427190999914));
#5941=DIRECTION('',(3.12287584633009E-15,-0.894427190999916,0.447213595499958));
#5942=DIRECTION('center_axis',(-6.02891125816308E-15,-0.447213595499958,
-0.894427190999916));
#5943=DIRECTION('ref_axis',(3.12287584633009E-15,-0.894427190999916,0.447213595499958));
#5944=DIRECTION('',(1.,9.69739903612224E-17,-6.78901469696382E-15));
#5945=DIRECTION('',(3.12287584633009E-15,-0.894427190999916,0.447213595499958));
#5946=DIRECTION('center_axis',(1.,0.,-6.98296267768627E-15));
#5947=DIRECTION('ref_axis',(-6.98296267768627E-15,0.,-1.));
#5948=DIRECTION('',(6.24575169266017E-15,0.447213595499961,0.894427190999914));
#5949=DIRECTION('center_axis',(-1.,0.,6.98296267768627E-15));
#5950=DIRECTION('ref_axis',(6.98296267768627E-15,0.,1.));
#5951=DIRECTION('center_axis',(-1.,0.,6.98296267768627E-15));
#5952=DIRECTION('ref_axis',(-6.98296267768627E-15,-1.57702134179716E-15,
-1.));
#5953=DIRECTION('',(-1.,0.,6.98296267768627E-15));
#5954=DIRECTION('center_axis',(-1.,0.,6.98296267768627E-15));
#5955=DIRECTION('ref_axis',(-6.98296267768627E-15,-1.57702134179716E-15,
-1.));
#5956=DIRECTION('center_axis',(-1.,0.,6.98296267768627E-15));
#5957=DIRECTION('ref_axis',(6.98296267768627E-15,0.,1.));
#5958=DIRECTION('',(-7.19980311218337E-15,0.,-1.));
#5959=DIRECTION('center_axis',(-1.,0.,6.98296267768627E-15));
#5960=DIRECTION('ref_axis',(-6.98296267768627E-15,-1.73472347597754E-14,
-1.));
#5961=DIRECTION('center_axis',(-1.,0.,6.98296267768627E-15));
#5962=DIRECTION('ref_axis',(6.98296267768627E-15,0.,1.));
#5963=DIRECTION('',(1.,0.,-6.76612224318917E-15));
#5964=DIRECTION('center_axis',(-1.,0.,6.98296267768627E-15));
#5965=DIRECTION('ref_axis',(-6.98296267768627E-15,-1.73472347597754E-14,
-1.));
#5966=DIRECTION('center_axis',(1.,0.,-6.98296267768627E-15));
#5967=DIRECTION('ref_axis',(-6.98296267768627E-15,0.,-1.));
#5968=DIRECTION('',(6.98296267768627E-15,0.,1.));
#5969=DIRECTION('center_axis',(6.98296267768627E-15,1.19819447984833E-16,
1.));
#5970=DIRECTION('ref_axis',(-8.36694733339057E-31,1.,-1.19819447984833E-16));
#5971=DIRECTION('',(8.36694733339056E-31,-1.,1.19819447984833E-16));
#5972=DIRECTION('',(1.,0.,-6.98296267768627E-15));
#5973=DIRECTION('',(8.36694733339056E-31,-1.,1.19819447984833E-16));
#5974=DIRECTION('center_axis',(-1.,2.59817011622339E-32,7.19980311218337E-15));
#5975=DIRECTION('ref_axis',(7.19980311218337E-15,0.,1.));
#5976=DIRECTION('',(7.19980311218337E-15,0.,1.));
#5977=DIRECTION('',(8.36694733339056E-31,-1.,1.19819447984833E-16));
#5978=DIRECTION('center_axis',(-6.76612224318917E-15,-1.19819447984833E-16,
-1.));
#5979=DIRECTION('ref_axis',(-1.,0.,6.76612224318917E-15));
#5980=DIRECTION('',(-1.,0.,6.76612224318917E-15));
#5981=DIRECTION('',(8.36694733339056E-31,-1.,1.19819447984833E-16));
#5982=DIRECTION('center_axis',(1.,0.,-6.98296267768627E-15));
#5983=DIRECTION('ref_axis',(-6.98296267768627E-15,0.,-1.));
#5984=DIRECTION('',(-6.98296267768627E-15,0.,-1.));
#5985=DIRECTION('center_axis',(0.,1.,0.));
#5986=DIRECTION('ref_axis',(-6.98296267768627E-15,0.,-1.));
#5987=DIRECTION('',(-6.98296267768627E-15,0.,-1.));
#5988=DIRECTION('',(1.,0.,-6.98296267768627E-15));
#5989=DIRECTION('',(7.19980311218337E-15,0.,1.));
#5990=DIRECTION('',(-1.,0.,6.76612224318917E-15));
#5991=DIRECTION('center_axis',(0.,1.,0.));
#5992=DIRECTION('ref_axis',(-6.98296267768627E-15,0.,-1.));
#5993=DIRECTION('',(6.98296267768627E-15,0.,1.));
#5994=DIRECTION('',(1.,0.,-6.76612224318917E-15));
#5995=DIRECTION('',(-7.19980311218337E-15,0.,-1.));
#5996=DIRECTION('',(-1.,0.,6.98296267768627E-15));
#5997=DIRECTION('center_axis',(-6.35807514326026E-15,0.342020143325667,
-0.939692620785909));
#5998=DIRECTION('ref_axis',(1.,0.,-6.76612224318917E-15));
#5999=DIRECTION('',(-0.323615577118181,0.88912649071599,0.323615577118185));
#6000=DIRECTION('',(-0.323615577118185,-0.88912649071599,-0.323615577118181));
#6001=DIRECTION('center_axis',(-0.939692620785909,0.342020143325666,6.76560185563013E-15));
#6002=DIRECTION('ref_axis',(-7.19980311218337E-15,0.,-1.));
#6003=DIRECTION('',(-0.32361557711818,-0.88912649071599,0.323615577118185));
#6004=DIRECTION('center_axis',(0.939692620785909,0.342020143325667,-6.5618384994452E-15));
#6005=DIRECTION('ref_axis',(6.98296267768627E-15,3.94430452610506E-31,1.));
#6006=DIRECTION('',(-0.323615577118185,0.88912649071599,-0.323615577118181));
#6007=DIRECTION('center_axis',(6.5618384994452E-15,0.342020143325667,0.939692620785909));
#6008=DIRECTION('ref_axis',(-1.,3.94430452610506E-31,6.98296267768627E-15));
#6009=DIRECTION('center_axis',(-6.5618384994452E-15,0.342020143325667,-0.939692620785909));
#6010=DIRECTION('ref_axis',(1.,3.94430452610506E-31,-6.98296267768627E-15));
#6011=DIRECTION('',(-0.32361557711818,0.88912649071599,0.323615577118185));
#6012=DIRECTION('',(-0.323615577118185,-0.88912649071599,-0.323615577118181));
#6013=DIRECTION('center_axis',(-0.939692620785909,0.342020143325667,6.5618384994452E-15));
#6014=DIRECTION('ref_axis',(-6.98296267768627E-15,3.94430452610506E-31,
-1.));
#6015=DIRECTION('',(-0.323615577118181,-0.88912649071599,0.323615577118185));
#6016=DIRECTION('center_axis',(0.939692620785909,0.342020143325666,-6.76560185563013E-15));
#6017=DIRECTION('ref_axis',(7.19980311218337E-15,0.,1.));
#6018=DIRECTION('',(-0.323615577118185,0.88912649071599,-0.323615577118181));
#6019=DIRECTION('center_axis',(6.35807514326026E-15,0.342020143325667,0.939692620785909));
#6020=DIRECTION('ref_axis',(-1.,0.,6.76612224318917E-15));
#6021=DIRECTION('center_axis',(6.98296267768627E-15,3.31868787385155E-16,
1.));
#6022=DIRECTION('ref_axis',(-2.31742735619954E-30,1.,-3.31868787385155E-16));
#6023=DIRECTION('',(2.31742735619954E-30,-1.,3.31868787385155E-16));
#6024=DIRECTION('',(-1.,0.,6.98296267768627E-15));
#6025=DIRECTION('',(2.31742735619954E-30,-1.,3.31868787385155E-16));
#6026=DIRECTION('',(-1.,0.,6.98296267768627E-15));
#6027=DIRECTION('center_axis',(-1.,7.19625720526231E-32,7.19980311218337E-15));
#6028=DIRECTION('ref_axis',(7.19980311218337E-15,0.,1.));
#6029=DIRECTION('',(2.31742735619954E-30,-1.,3.31868787385155E-16));
#6030=DIRECTION('',(-7.19980311218337E-15,0.,-1.));
#6031=DIRECTION('',(-7.19980311218337E-15,0.,-1.));
#6032=DIRECTION('center_axis',(-6.76612224318917E-15,-3.31868787385155E-16,
-1.));
#6033=DIRECTION('ref_axis',(2.31742735619954E-30,-1.,3.31868787385155E-16));
#6034=DIRECTION('',(2.31742735619954E-30,-1.,3.31868787385155E-16));
#6035=DIRECTION('',(1.,0.,-6.76612224318917E-15));
#6036=DIRECTION('',(1.,0.,-6.76612224318917E-15));
#6037=DIRECTION('center_axis',(1.,0.,-6.98296267768627E-15));
#6038=DIRECTION('ref_axis',(-6.98296267768627E-15,0.,-1.));
#6039=DIRECTION('',(6.98296267768627E-15,0.,1.));
#6040=DIRECTION('',(6.98296267768627E-15,0.,1.));
#6041=DIRECTION('center_axis',(-1.,0.,6.98296267768627E-15));
#6042=DIRECTION('ref_axis',(6.98296267768627E-15,0.,1.));
#6043=DIRECTION('center_axis',(-1.,0.,6.98296267768627E-15));
#6044=DIRECTION('ref_axis',(-6.92170743554814E-15,0.132163720091023,-0.991227900682634));
#6045=DIRECTION('',(-1.,0.,6.98296267768627E-15));
#6046=DIRECTION('center_axis',(-1.,0.,6.98296267768627E-15));
#6047=DIRECTION('ref_axis',(-6.92170743554814E-15,0.132163720091023,-0.991227900682634));
#6048=DIRECTION('center_axis',(-1.,0.,6.98296267768627E-15));
#6049=DIRECTION('ref_axis',(6.98296267768627E-15,0.,1.));
#6050=DIRECTION('',(-7.13854787004525E-15,0.132163720091018,-0.991227900682635));
#6051=DIRECTION('center_axis',(-1.,0.,6.98296267768627E-15));
#6052=DIRECTION('ref_axis',(-6.92170743554814E-15,0.132163720091024,-0.991227900682634));
#6053=DIRECTION('center_axis',(-1.,0.,6.98296267768627E-15));
#6054=DIRECTION('ref_axis',(6.98296267768627E-15,0.,1.));
#6055=DIRECTION('',(1.,-2.86584384892897E-17,-6.76802438901659E-15));
#6056=DIRECTION('center_axis',(-1.,0.,6.98296267768627E-15));
#6057=DIRECTION('ref_axis',(-6.92170743554814E-15,0.132163720091024,-0.991227900682634));
#6058=DIRECTION('center_axis',(1.,0.,-6.98296267768627E-15));
#6059=DIRECTION('ref_axis',(-6.98296267768627E-15,0.,-1.));
#6060=DIRECTION('',(6.92170743554815E-15,-0.132163720091018,0.991227900682635));
#6061=DIRECTION('center_axis',(6.92170743554815E-15,-0.132163720091018,
0.991227900682635));
#6062=DIRECTION('ref_axis',(9.22894324739753E-16,0.991227900682635,0.132163720091018));
#6063=DIRECTION('',(-9.22894324739753E-16,-0.991227900682635,-0.132163720091018));
#6064=DIRECTION('',(-1.,0.,6.98296267768627E-15));
#6065=DIRECTION('',(-9.22894324739753E-16,-0.991227900682635,-0.132163720091018));
#6066=DIRECTION('center_axis',(-1.,-2.86584384892896E-17,7.19790096635594E-15));
#6067=DIRECTION('ref_axis',(7.19790096635594E-15,0.,1.));
#6068=DIRECTION('',(-7.13854787004525E-15,0.132163720091023,-0.991227900682634));
#6069=DIRECTION('',(-9.22894324739753E-16,-0.991227900682635,-0.132163720091018));
#6070=DIRECTION('center_axis',(-6.70486700105105E-15,0.132163720091018,
-0.991227900682635));
#6071=DIRECTION('ref_axis',(-9.22894324739753E-16,-0.991227900682635,-0.132163720091018));
#6072=DIRECTION('',(1.,-2.86584384892907E-17,-6.76802438901659E-15));
#6073=DIRECTION('',(-9.22894324739753E-16,-0.991227900682635,-0.132163720091018));
#6074=DIRECTION('center_axis',(1.,0.,-6.98296267768627E-15));
#6075=DIRECTION('ref_axis',(-6.98296267768627E-15,0.,-1.));
#6076=DIRECTION('',(6.92170743554814E-15,-0.132163720091023,0.991227900682634));
#6077=DIRECTION('center_axis',(1.,0.,-6.98296267768627E-15));
#6078=DIRECTION('ref_axis',(6.88749294319338E-15,0.16479290138708,0.986328190640634));
#6079=DIRECTION('center_axis',(1.,0.,-6.98296267768627E-15));
#6080=DIRECTION('ref_axis',(6.24575169266012E-15,0.447213595499974,0.894427190999908));
#6081=DIRECTION('',(-1.,0.,6.98296267768627E-15));
#6082=DIRECTION('center_axis',(1.,0.,-6.98296267768627E-15));
#6083=DIRECTION('ref_axis',(6.24575169266012E-15,0.447213595499974,0.894427190999908));
#6084=DIRECTION('center_axis',(-1.,0.,6.98296267768627E-15));
#6085=DIRECTION('ref_axis',(6.98296267768627E-15,0.,1.));
#6086=DIRECTION('',(-6.46259212715728E-15,-0.447213595499958,-0.894427190999916));
#6087=DIRECTION('center_axis',(1.,0.,-6.98296267768627E-15));
#6088=DIRECTION('ref_axis',(6.24575169266017E-15,0.447213595499961,0.894427190999914));
#6089=DIRECTION('center_axis',(1.,0.,-6.98296267768627E-15));
#6090=DIRECTION('ref_axis',(6.8874929431934E-15,0.164792901387064,0.986328190640637));
#6091=DIRECTION('',(1.,9.69739903612216E-17,-6.78901469696382E-15));
#6092=DIRECTION('center_axis',(1.,0.,-6.98296267768627E-15));
#6093=DIRECTION('ref_axis',(6.24575169266017E-15,0.447213595499961,0.894427190999914));
#6094=DIRECTION('center_axis',(1.,0.,-6.98296267768627E-15));
#6095=DIRECTION('ref_axis',(-6.98296267768627E-15,0.,-1.));
#6096=DIRECTION('',(6.24575169266018E-15,0.447213595499958,0.894427190999916));
#6097=DIRECTION('center_axis',(6.24575169266018E-15,0.447213595499958,0.894427190999916));
#6098=DIRECTION('ref_axis',(-3.12287584633009E-15,0.894427190999916,-0.447213595499958));
#6099=DIRECTION('',(3.12287584633009E-15,-0.894427190999916,0.447213595499958));
#6100=DIRECTION('',(-1.,0.,6.98296267768627E-15));
#6101=DIRECTION('',(3.12287584633009E-15,-0.894427190999916,0.447213595499958));
#6102=DIRECTION('center_axis',(-1.,9.69739903612216E-17,7.17691065840871E-15));
#6103=DIRECTION('ref_axis',(7.17691065840871E-15,0.,1.));
#6104=DIRECTION('',(-6.46259212715727E-15,-0.447213595499961,-0.894427190999914));
#6105=DIRECTION('',(3.12287584633009E-15,-0.894427190999916,0.447213595499958));
#6106=DIRECTION('center_axis',(-6.02891125816308E-15,-0.447213595499958,
-0.894427190999916));
#6107=DIRECTION('ref_axis',(3.12287584633009E-15,-0.894427190999916,0.447213595499958));
#6108=DIRECTION('',(1.,9.69739903612224E-17,-6.78901469696382E-15));
#6109=DIRECTION('',(3.12287584633009E-15,-0.894427190999916,0.447213595499958));
#6110=DIRECTION('center_axis',(1.,0.,-6.98296267768627E-15));
#6111=DIRECTION('ref_axis',(-6.98296267768627E-15,0.,-1.));
#6112=DIRECTION('',(6.24575169266017E-15,0.447213595499961,0.894427190999914));
#6113=DIRECTION('center_axis',(-1.,0.,6.98296267768627E-15));
#6114=DIRECTION('ref_axis',(6.98296267768627E-15,0.,1.));
#6115=DIRECTION('center_axis',(-1.,0.,6.98296267768627E-15));
#6116=DIRECTION('ref_axis',(-6.98296267768627E-15,-1.57702134179716E-15,
-1.));
#6117=DIRECTION('',(-1.,0.,6.98296267768627E-15));
#6118=DIRECTION('center_axis',(-1.,0.,6.98296267768627E-15));
#6119=DIRECTION('ref_axis',(-6.98296267768627E-15,-1.57702134179716E-15,
-1.));
#6120=DIRECTION('center_axis',(-1.,0.,6.98296267768627E-15));
#6121=DIRECTION('ref_axis',(6.98296267768627E-15,0.,1.));
#6122=DIRECTION('',(-7.19980311218337E-15,0.,-1.));
#6123=DIRECTION('center_axis',(-1.,0.,6.98296267768627E-15));
#6124=DIRECTION('ref_axis',(-6.98296267768627E-15,-1.73472347597754E-14,
-1.));
#6125=DIRECTION('center_axis',(-1.,0.,6.98296267768627E-15));
#6126=DIRECTION('ref_axis',(6.98296267768627E-15,0.,1.));
#6127=DIRECTION('',(1.,0.,-6.76612224318917E-15));
#6128=DIRECTION('center_axis',(-1.,0.,6.98296267768627E-15));
#6129=DIRECTION('ref_axis',(-6.98296267768627E-15,-1.73472347597754E-14,
-1.));
#6130=DIRECTION('center_axis',(1.,0.,-6.98296267768627E-15));
#6131=DIRECTION('ref_axis',(-6.98296267768627E-15,0.,-1.));
#6132=DIRECTION('',(6.98296267768627E-15,0.,1.));
#6133=DIRECTION('center_axis',(6.98296267768627E-15,1.19819447984833E-16,
1.));
#6134=DIRECTION('ref_axis',(-8.36694733339057E-31,1.,-1.19819447984833E-16));
#6135=DIRECTION('',(8.36694733339056E-31,-1.,1.19819447984833E-16));
#6136=DIRECTION('',(1.,0.,-6.98296267768627E-15));
#6137=DIRECTION('',(8.36694733339056E-31,-1.,1.19819447984833E-16));
#6138=DIRECTION('center_axis',(-1.,2.59817011622339E-32,7.19980311218337E-15));
#6139=DIRECTION('ref_axis',(7.19980311218337E-15,0.,1.));
#6140=DIRECTION('',(7.19980311218337E-15,0.,1.));
#6141=DIRECTION('',(8.36694733339056E-31,-1.,1.19819447984833E-16));
#6142=DIRECTION('center_axis',(-6.76612224318917E-15,-1.19819447984833E-16,
-1.));
#6143=DIRECTION('ref_axis',(-1.,0.,6.76612224318917E-15));
#6144=DIRECTION('',(-1.,0.,6.76612224318917E-15));
#6145=DIRECTION('',(8.36694733339056E-31,-1.,1.19819447984833E-16));
#6146=DIRECTION('center_axis',(1.,0.,-6.98296267768627E-15));
#6147=DIRECTION('ref_axis',(-6.98296267768627E-15,0.,-1.));
#6148=DIRECTION('',(-6.98296267768627E-15,0.,-1.));
#6149=DIRECTION('center_axis',(0.,1.,0.));
#6150=DIRECTION('ref_axis',(-6.98296267768627E-15,0.,-1.));
#6151=DIRECTION('',(-6.98296267768627E-15,0.,-1.));
#6152=DIRECTION('',(1.,0.,-6.98296267768627E-15));
#6153=DIRECTION('',(7.19980311218337E-15,0.,1.));
#6154=DIRECTION('',(-1.,0.,6.76612224318917E-15));
#6155=DIRECTION('center_axis',(0.,1.,0.));
#6156=DIRECTION('ref_axis',(-6.98296267768627E-15,0.,-1.));
#6157=DIRECTION('',(6.98296267768627E-15,0.,1.));
#6158=DIRECTION('',(1.,0.,-6.76612224318917E-15));
#6159=DIRECTION('',(-7.19980311218337E-15,0.,-1.));
#6160=DIRECTION('',(-1.,0.,6.98296267768627E-15));
#6161=DIRECTION('center_axis',(-6.35807514326026E-15,0.342020143325667,
-0.939692620785909));
#6162=DIRECTION('ref_axis',(1.,0.,-6.76612224318917E-15));
#6163=DIRECTION('',(-0.323615577118181,0.88912649071599,0.323615577118185));
#6164=DIRECTION('',(-0.323615577118185,-0.88912649071599,-0.323615577118181));
#6165=DIRECTION('center_axis',(-0.939692620785909,0.342020143325666,6.76560185563013E-15));
#6166=DIRECTION('ref_axis',(-7.19980311218337E-15,0.,-1.));
#6167=DIRECTION('',(-0.32361557711818,-0.88912649071599,0.323615577118185));
#6168=DIRECTION('center_axis',(0.939692620785909,0.342020143325667,-6.5618384994452E-15));
#6169=DIRECTION('ref_axis',(6.98296267768627E-15,3.94430452610506E-31,1.));
#6170=DIRECTION('',(-0.323615577118185,0.88912649071599,-0.323615577118181));
#6171=DIRECTION('center_axis',(6.5618384994452E-15,0.342020143325667,0.939692620785909));
#6172=DIRECTION('ref_axis',(-1.,3.94430452610506E-31,6.98296267768627E-15));
#6173=DIRECTION('center_axis',(-6.5618384994452E-15,0.342020143325667,-0.939692620785909));
#6174=DIRECTION('ref_axis',(1.,3.94430452610506E-31,-6.98296267768627E-15));
#6175=DIRECTION('',(-0.32361557711818,0.88912649071599,0.323615577118185));
#6176=DIRECTION('',(-0.323615577118185,-0.88912649071599,-0.323615577118181));
#6177=DIRECTION('center_axis',(-0.939692620785909,0.342020143325667,6.5618384994452E-15));
#6178=DIRECTION('ref_axis',(-6.98296267768627E-15,3.94430452610506E-31,
-1.));
#6179=DIRECTION('',(-0.323615577118181,-0.88912649071599,0.323615577118185));
#6180=DIRECTION('center_axis',(0.939692620785909,0.342020143325666,-6.76560185563013E-15));
#6181=DIRECTION('ref_axis',(7.19980311218337E-15,0.,1.));
#6182=DIRECTION('',(-0.323615577118185,0.88912649071599,-0.323615577118181));
#6183=DIRECTION('center_axis',(6.35807514326026E-15,0.342020143325667,0.939692620785909));
#6184=DIRECTION('ref_axis',(-1.,0.,6.76612224318917E-15));
#6185=DIRECTION('center_axis',(6.98296267768627E-15,3.31868787385155E-16,
1.));
#6186=DIRECTION('ref_axis',(-2.31742735619954E-30,1.,-3.31868787385155E-16));
#6187=DIRECTION('',(2.31742735619954E-30,-1.,3.31868787385155E-16));
#6188=DIRECTION('',(-1.,0.,6.98296267768627E-15));
#6189=DIRECTION('',(2.31742735619954E-30,-1.,3.31868787385155E-16));
#6190=DIRECTION('',(-1.,0.,6.98296267768627E-15));
#6191=DIRECTION('center_axis',(-1.,7.19625720526231E-32,7.19980311218337E-15));
#6192=DIRECTION('ref_axis',(7.19980311218337E-15,0.,1.));
#6193=DIRECTION('',(2.31742735619954E-30,-1.,3.31868787385155E-16));
#6194=DIRECTION('',(-7.19980311218337E-15,0.,-1.));
#6195=DIRECTION('',(-7.19980311218337E-15,0.,-1.));
#6196=DIRECTION('center_axis',(-6.76612224318917E-15,-3.31868787385155E-16,
-1.));
#6197=DIRECTION('ref_axis',(2.31742735619954E-30,-1.,3.31868787385155E-16));
#6198=DIRECTION('',(2.31742735619954E-30,-1.,3.31868787385155E-16));
#6199=DIRECTION('',(1.,0.,-6.76612224318917E-15));
#6200=DIRECTION('',(1.,0.,-6.76612224318917E-15));
#6201=DIRECTION('center_axis',(1.,0.,-6.98296267768627E-15));
#6202=DIRECTION('ref_axis',(-6.98296267768627E-15,0.,-1.));
#6203=DIRECTION('',(6.98296267768627E-15,0.,1.));
#6204=DIRECTION('',(6.98296267768627E-15,0.,1.));
#6205=DIRECTION('center_axis',(-1.,0.,6.98296267768627E-15));
#6206=DIRECTION('ref_axis',(6.98296267768627E-15,0.,1.));
#6207=DIRECTION('center_axis',(-1.,0.,6.98296267768627E-15));
#6208=DIRECTION('ref_axis',(-6.92170743554814E-15,0.132163720091023,-0.991227900682634));
#6209=DIRECTION('',(-1.,0.,6.98296267768627E-15));
#6210=DIRECTION('center_axis',(-1.,0.,6.98296267768627E-15));
#6211=DIRECTION('ref_axis',(-6.92170743554814E-15,0.132163720091023,-0.991227900682634));
#6212=DIRECTION('center_axis',(-1.,0.,6.98296267768627E-15));
#6213=DIRECTION('ref_axis',(6.98296267768627E-15,0.,1.));
#6214=DIRECTION('',(-7.13854787004525E-15,0.132163720091018,-0.991227900682635));
#6215=DIRECTION('center_axis',(-1.,0.,6.98296267768627E-15));
#6216=DIRECTION('ref_axis',(-6.92170743554814E-15,0.132163720091024,-0.991227900682634));
#6217=DIRECTION('center_axis',(-1.,0.,6.98296267768627E-15));
#6218=DIRECTION('ref_axis',(6.98296267768627E-15,0.,1.));
#6219=DIRECTION('',(1.,-2.86584384892897E-17,-6.76802438901659E-15));
#6220=DIRECTION('center_axis',(-1.,0.,6.98296267768627E-15));
#6221=DIRECTION('ref_axis',(-6.92170743554814E-15,0.132163720091024,-0.991227900682634));
#6222=DIRECTION('center_axis',(1.,0.,-6.98296267768627E-15));
#6223=DIRECTION('ref_axis',(-6.98296267768627E-15,0.,-1.));
#6224=DIRECTION('',(6.92170743554815E-15,-0.132163720091018,0.991227900682635));
#6225=DIRECTION('center_axis',(6.92170743554815E-15,-0.132163720091018,
0.991227900682635));
#6226=DIRECTION('ref_axis',(9.22894324739753E-16,0.991227900682635,0.132163720091018));
#6227=DIRECTION('',(-9.22894324739753E-16,-0.991227900682635,-0.132163720091018));
#6228=DIRECTION('',(-1.,0.,6.98296267768627E-15));
#6229=DIRECTION('',(-9.22894324739753E-16,-0.991227900682635,-0.132163720091018));
#6230=DIRECTION('center_axis',(-1.,-2.86584384892896E-17,7.19790096635594E-15));
#6231=DIRECTION('ref_axis',(7.19790096635594E-15,0.,1.));
#6232=DIRECTION('',(-7.13854787004525E-15,0.132163720091023,-0.991227900682634));
#6233=DIRECTION('',(-9.22894324739753E-16,-0.991227900682635,-0.132163720091018));
#6234=DIRECTION('center_axis',(-6.70486700105105E-15,0.132163720091018,
-0.991227900682635));
#6235=DIRECTION('ref_axis',(-9.22894324739753E-16,-0.991227900682635,-0.132163720091018));
#6236=DIRECTION('',(1.,-2.86584384892907E-17,-6.76802438901659E-15));
#6237=DIRECTION('',(-9.22894324739753E-16,-0.991227900682635,-0.132163720091018));
#6238=DIRECTION('center_axis',(1.,0.,-6.98296267768627E-15));
#6239=DIRECTION('ref_axis',(-6.98296267768627E-15,0.,-1.));
#6240=DIRECTION('',(6.92170743554814E-15,-0.132163720091023,0.991227900682634));
#6241=DIRECTION('center_axis',(1.,0.,-6.98296267768627E-15));
#6242=DIRECTION('ref_axis',(6.88749294319338E-15,0.16479290138708,0.986328190640634));
#6243=DIRECTION('center_axis',(1.,0.,-6.98296267768627E-15));
#6244=DIRECTION('ref_axis',(6.24575169266012E-15,0.447213595499974,0.894427190999908));
#6245=DIRECTION('',(-1.,0.,6.98296267768627E-15));
#6246=DIRECTION('center_axis',(1.,0.,-6.98296267768627E-15));
#6247=DIRECTION('ref_axis',(6.24575169266012E-15,0.447213595499974,0.894427190999908));
#6248=DIRECTION('center_axis',(-1.,0.,6.98296267768627E-15));
#6249=DIRECTION('ref_axis',(6.98296267768627E-15,0.,1.));
#6250=DIRECTION('',(-6.46259212715728E-15,-0.447213595499958,-0.894427190999916));
#6251=DIRECTION('center_axis',(1.,0.,-6.98296267768627E-15));
#6252=DIRECTION('ref_axis',(6.24575169266017E-15,0.447213595499961,0.894427190999914));
#6253=DIRECTION('center_axis',(1.,0.,-6.98296267768627E-15));
#6254=DIRECTION('ref_axis',(6.8874929431934E-15,0.164792901387064,0.986328190640637));
#6255=DIRECTION('',(1.,9.69739903612216E-17,-6.78901469696382E-15));
#6256=DIRECTION('center_axis',(1.,0.,-6.98296267768627E-15));
#6257=DIRECTION('ref_axis',(6.24575169266017E-15,0.447213595499961,0.894427190999914));
#6258=DIRECTION('center_axis',(1.,0.,-6.98296267768627E-15));
#6259=DIRECTION('ref_axis',(-6.98296267768627E-15,0.,-1.));
#6260=DIRECTION('',(6.24575169266018E-15,0.447213595499958,0.894427190999916));
#6261=DIRECTION('center_axis',(6.24575169266018E-15,0.447213595499958,0.894427190999916));
#6262=DIRECTION('ref_axis',(-3.12287584633009E-15,0.894427190999916,-0.447213595499958));
#6263=DIRECTION('',(3.12287584633009E-15,-0.894427190999916,0.447213595499958));
#6264=DIRECTION('',(-1.,0.,6.98296267768627E-15));
#6265=DIRECTION('',(3.12287584633009E-15,-0.894427190999916,0.447213595499958));
#6266=DIRECTION('center_axis',(-1.,9.69739903612216E-17,7.17691065840871E-15));
#6267=DIRECTION('ref_axis',(7.17691065840871E-15,0.,1.));
#6268=DIRECTION('',(-6.46259212715727E-15,-0.447213595499961,-0.894427190999914));
#6269=DIRECTION('',(3.12287584633009E-15,-0.894427190999916,0.447213595499958));
#6270=DIRECTION('center_axis',(-6.02891125816308E-15,-0.447213595499958,
-0.894427190999916));
#6271=DIRECTION('ref_axis',(3.12287584633009E-15,-0.894427190999916,0.447213595499958));
#6272=DIRECTION('',(1.,9.69739903612224E-17,-6.78901469696382E-15));
#6273=DIRECTION('',(3.12287584633009E-15,-0.894427190999916,0.447213595499958));
#6274=DIRECTION('center_axis',(1.,0.,-6.98296267768627E-15));
#6275=DIRECTION('ref_axis',(-6.98296267768627E-15,0.,-1.));
#6276=DIRECTION('',(6.24575169266017E-15,0.447213595499961,0.894427190999914));
#6277=DIRECTION('center_axis',(-1.,0.,6.98296267768627E-15));
#6278=DIRECTION('ref_axis',(6.98296267768627E-15,0.,1.));
#6279=DIRECTION('center_axis',(-1.,0.,6.98296267768627E-15));
#6280=DIRECTION('ref_axis',(-6.98296267768627E-15,-1.57702134179716E-15,
-1.));
#6281=DIRECTION('',(-1.,0.,6.98296267768627E-15));
#6282=DIRECTION('center_axis',(-1.,0.,6.98296267768627E-15));
#6283=DIRECTION('ref_axis',(-6.98296267768627E-15,-1.57702134179716E-15,
-1.));
#6284=DIRECTION('center_axis',(-1.,0.,6.98296267768627E-15));
#6285=DIRECTION('ref_axis',(6.98296267768627E-15,0.,1.));
#6286=DIRECTION('',(-7.19980311218337E-15,0.,-1.));
#6287=DIRECTION('center_axis',(-1.,0.,6.98296267768627E-15));
#6288=DIRECTION('ref_axis',(-6.98296267768627E-15,-1.73472347597754E-14,
-1.));
#6289=DIRECTION('center_axis',(-1.,0.,6.98296267768627E-15));
#6290=DIRECTION('ref_axis',(6.98296267768627E-15,0.,1.));
#6291=DIRECTION('',(1.,0.,-6.76612224318917E-15));
#6292=DIRECTION('center_axis',(-1.,0.,6.98296267768627E-15));
#6293=DIRECTION('ref_axis',(-6.98296267768627E-15,-1.73472347597754E-14,
-1.));
#6294=DIRECTION('center_axis',(1.,0.,-6.98296267768627E-15));
#6295=DIRECTION('ref_axis',(-6.98296267768627E-15,0.,-1.));
#6296=DIRECTION('',(6.98296267768627E-15,0.,1.));
#6297=DIRECTION('center_axis',(6.98296267768627E-15,1.19819447984833E-16,
1.));
#6298=DIRECTION('ref_axis',(-8.36694733339057E-31,1.,-1.19819447984833E-16));
#6299=DIRECTION('',(8.36694733339056E-31,-1.,1.19819447984833E-16));
#6300=DIRECTION('',(1.,0.,-6.98296267768627E-15));
#6301=DIRECTION('',(8.36694733339056E-31,-1.,1.19819447984833E-16));
#6302=DIRECTION('center_axis',(-1.,2.59817011622339E-32,7.19980311218337E-15));
#6303=DIRECTION('ref_axis',(7.19980311218337E-15,0.,1.));
#6304=DIRECTION('',(7.19980311218337E-15,0.,1.));
#6305=DIRECTION('',(8.36694733339056E-31,-1.,1.19819447984833E-16));
#6306=DIRECTION('center_axis',(-6.76612224318917E-15,-1.19819447984833E-16,
-1.));
#6307=DIRECTION('ref_axis',(-1.,0.,6.76612224318917E-15));
#6308=DIRECTION('',(-1.,0.,6.76612224318917E-15));
#6309=DIRECTION('',(8.36694733339056E-31,-1.,1.19819447984833E-16));
#6310=DIRECTION('center_axis',(1.,0.,-6.98296267768627E-15));
#6311=DIRECTION('ref_axis',(-6.98296267768627E-15,0.,-1.));
#6312=DIRECTION('',(-6.98296267768627E-15,0.,-1.));
#6313=DIRECTION('center_axis',(0.,1.,0.));
#6314=DIRECTION('ref_axis',(-6.98296267768627E-15,0.,-1.));
#6315=DIRECTION('',(-6.98296267768627E-15,0.,-1.));
#6316=DIRECTION('',(1.,0.,-6.98296267768627E-15));
#6317=DIRECTION('',(7.19980311218337E-15,0.,1.));
#6318=DIRECTION('',(-1.,0.,6.76612224318917E-15));
#6319=DIRECTION('center_axis',(0.,1.,0.));
#6320=DIRECTION('ref_axis',(-6.98296267768627E-15,0.,-1.));
#6321=DIRECTION('',(6.98296267768627E-15,0.,1.));
#6322=DIRECTION('',(1.,0.,-6.76612224318917E-15));
#6323=DIRECTION('',(-7.19980311218337E-15,0.,-1.));
#6324=DIRECTION('',(-1.,0.,6.98296267768627E-15));
#6325=DIRECTION('center_axis',(-6.35807514326026E-15,0.342020143325667,
-0.939692620785909));
#6326=DIRECTION('ref_axis',(1.,0.,-6.76612224318917E-15));
#6327=DIRECTION('',(-0.323615577118181,0.88912649071599,0.323615577118185));
#6328=DIRECTION('',(-0.323615577118185,-0.88912649071599,-0.323615577118181));
#6329=DIRECTION('center_axis',(-0.939692620785909,0.342020143325666,6.76560185563013E-15));
#6330=DIRECTION('ref_axis',(-7.19980311218337E-15,0.,-1.));
#6331=DIRECTION('',(-0.32361557711818,-0.88912649071599,0.323615577118185));
#6332=DIRECTION('center_axis',(0.939692620785909,0.342020143325667,-6.5618384994452E-15));
#6333=DIRECTION('ref_axis',(6.98296267768627E-15,3.94430452610506E-31,1.));
#6334=DIRECTION('',(-0.323615577118185,0.88912649071599,-0.323615577118181));
#6335=DIRECTION('center_axis',(6.5618384994452E-15,0.342020143325667,0.939692620785909));
#6336=DIRECTION('ref_axis',(-1.,3.94430452610506E-31,6.98296267768627E-15));
#6337=DIRECTION('center_axis',(-6.5618384994452E-15,0.342020143325667,-0.939692620785909));
#6338=DIRECTION('ref_axis',(1.,3.94430452610506E-31,-6.98296267768627E-15));
#6339=DIRECTION('',(-0.32361557711818,0.88912649071599,0.323615577118185));
#6340=DIRECTION('',(-0.323615577118185,-0.88912649071599,-0.323615577118181));
#6341=DIRECTION('center_axis',(-0.939692620785909,0.342020143325667,6.5618384994452E-15));
#6342=DIRECTION('ref_axis',(-6.98296267768627E-15,3.94430452610506E-31,
-1.));
#6343=DIRECTION('',(-0.323615577118181,-0.88912649071599,0.323615577118185));
#6344=DIRECTION('center_axis',(0.939692620785909,0.342020143325666,-6.76560185563013E-15));
#6345=DIRECTION('ref_axis',(7.19980311218337E-15,0.,1.));
#6346=DIRECTION('',(-0.323615577118185,0.88912649071599,-0.323615577118181));
#6347=DIRECTION('center_axis',(6.35807514326026E-15,0.342020143325667,0.939692620785909));
#6348=DIRECTION('ref_axis',(-1.,0.,6.76612224318917E-15));
#6349=DIRECTION('',(0.,0.,1.));
#6350=DIRECTION('',(1.,0.,0.));
#6351=DIRECTION('axis',(0.,0.,1.));
#6352=DIRECTION('refdir',(1.,0.,0.));
#6353=DIRECTION('center_axis',(0.,0.,1.));
#6354=DIRECTION('ref_axis',(1.,0.,0.));
#6355=DIRECTION('',(1.,0.,0.));
#6356=DIRECTION('',(0.,1.,0.));
#6357=DIRECTION('',(1.,0.,0.));
#6358=DIRECTION('',(0.,1.,0.));
#6359=DIRECTION('center_axis',(-1.,0.,0.));
#6360=DIRECTION('ref_axis',(0.,0.,1.));
#6361=DIRECTION('',(0.,0.,1.));
#6362=DIRECTION('',(0.,0.,1.));
#6363=DIRECTION('',(0.,1.,0.));
#6364=DIRECTION('center_axis',(0.,0.,-1.));
#6365=DIRECTION('ref_axis',(-1.,0.,0.));
#6366=DIRECTION('',(-1.,0.,0.));
#6367=DIRECTION('',(-1.,0.,0.));
#6368=DIRECTION('',(0.,1.,0.));
#6369=DIRECTION('center_axis',(1.,0.,0.));
#6370=DIRECTION('ref_axis',(0.,0.,-1.));
#6371=DIRECTION('',(0.,0.,-1.));
#6372=DIRECTION('',(0.,0.,-1.));
#6373=DIRECTION('center_axis',(0.,1.,0.));
#6374=DIRECTION('ref_axis',(0.,0.,1.));
#6375=DIRECTION('center_axis',(0.,1.,0.));
#6376=DIRECTION('ref_axis',(0.,0.,1.));
#6377=DIRECTION('',(0.,-1.,0.));
#6378=DIRECTION('',(1.,0.,0.));
#6379=DIRECTION('',(0.,-3.31868787385155E-16,1.));
#6380=DIRECTION('',(1.,0.,0.));
#6381=DIRECTION('',(3.01020918600391E-31,-4.38902590974277E-17,1.));
#6382=DIRECTION('',(1.,-3.88578058618805E-16,-3.18075710272746E-31));
#6383=DIRECTION('',(-2.24546478414692E-30,3.31868787385155E-16,1.));
#6384=DIRECTION('',(1.,0.,2.24546478414692E-30));
#6385=DIRECTION('',(-2.24546478414692E-30,3.31868787385155E-16,1.));
#6386=DIRECTION('',(1.,0.,2.24546478414692E-30));
#6387=DIRECTION('',(0.,-3.31868787385155E-16,1.));
#6388=DIRECTION('',(1.,0.,0.));
#6389=CARTESIAN_POINT('',(0.,0.,0.));
#6390=CARTESIAN_POINT('',(0.,0.,0.));
#6391=CARTESIAN_POINT('',(0.,0.,0.));
#6392=CARTESIAN_POINT('Origin',(0.,2.,-3.25260651745651E-16));
#6393=CARTESIAN_POINT('',(-1.14080892972014,2.,0.690808929720136));
#6394=CARTESIAN_POINT('',(-1.14080892972014,2.,0.409191070279859));
#6395=CARTESIAN_POINT('',(-1.14080892972014,2.,0.299999999999998));
#6396=CARTESIAN_POINT('',(-0.859191070279861,2.,0.690808929720136));
#6397=CARTESIAN_POINT('',(-1.25,2.,0.690808929720136));
#6398=CARTESIAN_POINT('',(-0.859191070279861,2.,0.409191070279859));
#6399=CARTESIAN_POINT('',(-0.859191070279861,2.,0.799999999999997));
#6400=CARTESIAN_POINT('',(-0.75,2.,0.409191070279859));
#6401=CARTESIAN_POINT('Origin',(0.,-6.4,0.));
#6402=CARTESIAN_POINT('',(-1.14080892972014,-6.4,0.409191070279859));
#6403=CARTESIAN_POINT('',(-1.14080892972014,-6.4,0.690808929720137));
#6404=CARTESIAN_POINT('',(-1.14080892972014,-6.4,0.));
#6405=CARTESIAN_POINT('',(-0.859191070279861,-6.4,0.409191070279859));
#6406=CARTESIAN_POINT('',(8.87291694718185E-17,-6.4,0.409191070279859));
#6407=CARTESIAN_POINT('',(-0.859191070279861,-6.4,0.690808929720137));
#6408=CARTESIAN_POINT('',(-0.859191070279861,-6.4,-1.86307364995514E-16));
#6409=CARTESIAN_POINT('',(0.,-6.4,0.690808929720137));
#6410=CARTESIAN_POINT('Origin',(-1.25,2.,0.799999999999997));
#6411=CARTESIAN_POINT('',(-1.25,1.7,0.299999999999998));
#6412=CARTESIAN_POINT('',(-1.25,-3.42917960675006,0.299999999999997));
#6413=CARTESIAN_POINT('',(-1.25,2.,0.299999999999998));
#6414=CARTESIAN_POINT('',(-1.25,-3.42917960675006,0.799999999999997));
#6415=CARTESIAN_POINT('',(-1.25,-3.42917960675006,0.799999999999997));
#6416=CARTESIAN_POINT('',(-1.25,1.7,0.799999999999997));
#6417=CARTESIAN_POINT('',(-1.25,2.,0.799999999999997));
#6418=CARTESIAN_POINT('',(-1.25,1.7,0.799999999999997));
#6419=CARTESIAN_POINT('Origin',(-1.25,2.,0.299999999999998));
#6420=CARTESIAN_POINT('',(-0.75,1.7,0.299999999999998));
#6421=CARTESIAN_POINT('',(-0.75,-3.42917960675006,0.299999999999997));
#6422=CARTESIAN_POINT('',(-0.75,2.,0.299999999999998));
#6423=CARTESIAN_POINT('',(-1.25,-3.42917960675006,0.299999999999997));
#6424=CARTESIAN_POINT('',(-1.25,1.7,0.299999999999998));
#6425=CARTESIAN_POINT('Origin',(-0.75,2.,0.799999999999997));
#6426=CARTESIAN_POINT('',(-0.75,1.7,0.799999999999997));
#6427=CARTESIAN_POINT('',(-0.75,-3.42917960675006,0.799999999999997));
#6428=CARTESIAN_POINT('',(-0.75,2.,0.799999999999997));
#6429=CARTESIAN_POINT('',(-0.75,-3.42917960675006,0.799999999999997));
#6430=CARTESIAN_POINT('',(-0.75,1.7,0.299999999999998));
#6431=CARTESIAN_POINT('Origin',(-1.25,2.,0.799999999999997));
#6432=CARTESIAN_POINT('',(-1.25,-3.42917960675006,0.799999999999997));
#6433=CARTESIAN_POINT('',(-0.75,1.7,0.799999999999997));
#6434=CARTESIAN_POINT('Origin',(-1.25,-3.42917960675006,0.799999999999978));
#6435=CARTESIAN_POINT('',(-1.25,-3.45154028652505,0.294721359549976));
#6436=CARTESIAN_POINT('Origin',(-1.25,-3.42917960675006,0.249999999999999));
#6437=CARTESIAN_POINT('',(-1.25,-3.67514708427503,0.741934955049933));
#6438=CARTESIAN_POINT('',(-1.25,-3.67514708427504,0.741934955049951));
#6439=CARTESIAN_POINT('Origin',(-1.25,-3.42917960675006,0.249999999999999));
#6440=CARTESIAN_POINT('Origin',(-1.,-3.42917960675006,0.249999999999999));
#6441=CARTESIAN_POINT('',(-0.75,-3.45154028652505,0.294721359549976));
#6442=CARTESIAN_POINT('Origin',(-0.75,-3.42917960675006,0.249999999999999));
#6443=CARTESIAN_POINT('',(-1.25,-3.45154028652506,0.294721359549994));
#6444=CARTESIAN_POINT('Origin',(-0.75,-3.42917960675006,0.799999999999978));
#6445=CARTESIAN_POINT('',(-0.75,-3.67514708427503,0.741934955049933));
#6446=CARTESIAN_POINT('Origin',(-0.75,-3.42917960675006,0.249999999999999));
#6447=CARTESIAN_POINT('',(-0.75,-3.67514708427504,0.741934955049951));
#6448=CARTESIAN_POINT('Origin',(-1.,-3.42917960675006,0.249999999999999));
#6449=CARTESIAN_POINT('',(-1.25,-3.67514708427504,0.741934955049951));
#6450=CARTESIAN_POINT('Origin',(-1.25,-3.67514708427504,0.741934955049952));
#6451=CARTESIAN_POINT('',(-1.25,-3.70575138186956,0.167615811877747));
#6452=CARTESIAN_POINT('',(-1.25,-3.45154028652506,0.294721359549993));
#6453=CARTESIAN_POINT('',(-1.25,-3.92935817961953,0.614829407377705));
#6454=CARTESIAN_POINT('',(-1.25,-3.92935817961953,0.614829407377705));
#6455=CARTESIAN_POINT('',(-1.25,-3.67514708427504,0.741934955049952));
#6456=CARTESIAN_POINT('Origin',(-1.25,-3.45154028652506,0.294721359549993));
#6457=CARTESIAN_POINT('',(-0.75,-3.70575138186956,0.167615811877747));
#6458=CARTESIAN_POINT('',(-0.75,-3.45154028652506,0.294721359549993));
#6459=CARTESIAN_POINT('',(-1.25,-3.70575138186956,0.167615811877747));
#6460=CARTESIAN_POINT('Origin',(-0.75,-3.67514708427504,0.741934955049952));
#6461=CARTESIAN_POINT('',(-0.75,-3.92935817961953,0.614829407377705));
#6462=CARTESIAN_POINT('',(-0.75,-3.67514708427504,0.741934955049952));
#6463=CARTESIAN_POINT('',(-0.75,-3.92935817961953,0.614829407377705));
#6464=CARTESIAN_POINT('Origin',(-1.25,-3.67514708427504,0.741934955049952));
#6465=CARTESIAN_POINT('',(-1.25,-3.92935817961953,0.614829407377705));
#6466=CARTESIAN_POINT('Origin',(-1.25,-3.92935817961953,0.614829407377704));
#6467=CARTESIAN_POINT('',(-1.25,-4.0244089054446,0.114375421552251));
#6468=CARTESIAN_POINT('Origin',(-1.25,-3.95171885939453,0.659550766927701));
#6469=CARTESIAN_POINT('',(-1.25,-3.95832704539908,0.609989371893568));
#6470=CARTESIAN_POINT('',(-1.25,-3.95832704539908,0.609989371893569));
#6471=CARTESIAN_POINT('Origin',(-1.25,-3.95171885939453,0.659550766927701));
#6472=CARTESIAN_POINT('Origin',(-1.,-3.95171885939453,0.659550766927701));
#6473=CARTESIAN_POINT('',(-0.75,-4.0244089054446,0.114375421552251));
#6474=CARTESIAN_POINT('Origin',(-0.75,-3.95171885939453,0.659550766927701));
#6475=CARTESIAN_POINT('',(-1.25,-4.0244089054446,0.114375421552252));
#6476=CARTESIAN_POINT('Origin',(-0.75,-3.92935817961953,0.614829407377704));
#6477=CARTESIAN_POINT('',(-0.75,-3.95832704539908,0.609989371893568));
#6478=CARTESIAN_POINT('Origin',(-0.75,-3.95171885939453,0.659550766927701));
#6479=CARTESIAN_POINT('',(-0.75,-3.95832704539908,0.609989371893569));
#6480=CARTESIAN_POINT('Origin',(-1.,-3.95171885939453,0.659550766927701));
#6481=CARTESIAN_POINT('',(-1.25,-3.95832704539908,0.609989371893569));
#6482=CARTESIAN_POINT('Origin',(-1.25,-3.95832704539909,0.609989371893568));
#6483=CARTESIAN_POINT('',(-1.25,-5.41330370655868,0.29956139503413));
#6484=CARTESIAN_POINT('',(-1.25,-4.02440890544459,0.114375421552252));
#6485=CARTESIAN_POINT('',(-1.25,-5.34722184651317,0.795175345375447));
#6486=CARTESIAN_POINT('',(-1.25,-5.34722184651317,0.795175345375447));
#6487=CARTESIAN_POINT('',(-1.25,-3.95832704539909,0.609989371893568));
#6488=CARTESIAN_POINT('Origin',(-1.25,-4.02440890544459,0.114375421552252));
#6489=CARTESIAN_POINT('',(-0.75,-5.41330370655868,0.29956139503413));
#6490=CARTESIAN_POINT('',(-0.75,-4.02440890544459,0.114375421552251));
#6491=CARTESIAN_POINT('',(-1.25,-5.41330370655868,0.29956139503413));
#6492=CARTESIAN_POINT('Origin',(-0.75,-3.95832704539909,0.609989371893568));
#6493=CARTESIAN_POINT('',(-0.75,-5.34722184651317,0.795175345375447));
#6494=CARTESIAN_POINT('',(-0.75,-3.95832704539909,0.609989371893568));
#6495=CARTESIAN_POINT('',(-0.75,-5.34722184651317,0.795175345375447));
#6496=CARTESIAN_POINT('Origin',(-1.25,-3.95832704539909,0.609989371893568));
#6497=CARTESIAN_POINT('',(-1.25,-5.34722184651317,0.795175345375447));
#6498=CARTESIAN_POINT('Origin',(-1.25,-5.34722184651317,0.795175345375447));
#6499=CARTESIAN_POINT('',(-1.25,-5.41991189256323,0.299999999999998));
#6500=CARTESIAN_POINT('Origin',(-1.25,-5.41991189256323,0.249999999999999));
#6501=CARTESIAN_POINT('',(-1.25,-5.41991189256323,0.799999999999998));
#6502=CARTESIAN_POINT('',(-1.25,-5.41991189256323,0.800000000000015));
#6503=CARTESIAN_POINT('Origin',(-1.25,-5.41991189256323,0.249999999999999));
#6504=CARTESIAN_POINT('Origin',(-1.,-5.41991189256323,0.249999999999999));
#6505=CARTESIAN_POINT('',(-0.75,-5.41991189256323,0.299999999999998));
#6506=CARTESIAN_POINT('Origin',(-0.75,-5.41991189256323,0.249999999999999));
#6507=CARTESIAN_POINT('',(-1.25,-5.41991189256323,0.300000000000015));
#6508=CARTESIAN_POINT('Origin',(-0.75,-5.34722184651317,0.795175345375447));
#6509=CARTESIAN_POINT('',(-0.75,-5.41991189256323,0.799999999999998));
#6510=CARTESIAN_POINT('Origin',(-0.75,-5.41991189256323,0.249999999999999));
#6511=CARTESIAN_POINT('',(-0.75,-5.41991189256323,0.800000000000015));
#6512=CARTESIAN_POINT('Origin',(-1.,-5.41991189256323,0.249999999999999));
#6513=CARTESIAN_POINT('',(-1.25,-5.41991189256323,0.800000000000015));
#6514=CARTESIAN_POINT('Origin',(-1.25,-5.41991189256323,0.799999999999998));
#6515=CARTESIAN_POINT('',(-1.25,-6.1,0.799999999999998));
#6516=CARTESIAN_POINT('',(-1.25,-5.41991189256323,0.799999999999998));
#6517=CARTESIAN_POINT('',(-1.25,-6.1,0.299999999999998));
#6518=CARTESIAN_POINT('',(-1.25,-5.41991189256323,0.299999999999998));
#6519=CARTESIAN_POINT('',(-1.25,-6.1,0.799999999999998));
#6520=CARTESIAN_POINT('Origin',(-1.25,-5.41991189256323,0.299999999999998));
#6521=CARTESIAN_POINT('',(-0.75,-6.1,0.299999999999998));
#6522=CARTESIAN_POINT('',(-0.75,-5.41991189256323,0.299999999999998));
#6523=CARTESIAN_POINT('',(-1.25,-6.1,0.299999999999998));
#6524=CARTESIAN_POINT('Origin',(-0.75,-5.41991189256323,0.799999999999998));
#6525=CARTESIAN_POINT('',(-0.75,-6.1,0.799999999999998));
#6526=CARTESIAN_POINT('',(-0.75,-5.41991189256323,0.799999999999998));
#6527=CARTESIAN_POINT('',(-0.75,-6.1,0.799999999999998));
#6528=CARTESIAN_POINT('Origin',(-1.25,-5.41991189256323,0.799999999999998));
#6529=CARTESIAN_POINT('',(-1.25,-6.1,0.799999999999998));
#6530=CARTESIAN_POINT('Origin',(-1.25,-6.1,0.299999999999998));
#6531=CARTESIAN_POINT('',(-1.25,-6.1,0.299999999999998));
#6532=CARTESIAN_POINT('',(-0.802363520876767,-6.24386759121206,0.352363520876766));
#6533=CARTESIAN_POINT('Origin',(-0.75,-6.1,0.799999999999998));
#6534=CARTESIAN_POINT('',(-0.75,-6.1,0.799999999999998));
#6535=CARTESIAN_POINT('Origin',(-1.25,-6.1,0.799999999999998));
#6536=CARTESIAN_POINT('',(-1.25,-6.1,0.799999999999998));
#6537=CARTESIAN_POINT('Origin',(-1.25,-6.1,0.799999999999998));
#6538=CARTESIAN_POINT('Origin',(0.,2.,0.690808929720136));
#6539=CARTESIAN_POINT('',(-0.931537445906376,2.19877003341324,0.618462554093621));
#6540=CARTESIAN_POINT('',(-1.02133538530453,2.32825086550409,0.57133538530453));
#6541=CARTESIAN_POINT('Origin',(-1.14080892972014,2.,-3.25260651745651E-16));
#6542=CARTESIAN_POINT('',(-1.18366230002251,1.88226133274671,0.366337699977486));
#6543=CARTESIAN_POINT('Origin',(-0.859191070279861,2.,-5.11568016741166E-16));
#6544=CARTESIAN_POINT('',(-0.816337699977489,1.88226133274671,0.366337699977486));
#6545=CARTESIAN_POINT('Origin',(8.87291694718184E-17,2.,0.409191070279859));
#6546=CARTESIAN_POINT('Origin',(7.25,-5.41991189256323,0.799999999999998));
#6547=CARTESIAN_POINT('',(6.75,-5.41991189256323,0.799999999999998));
#6548=CARTESIAN_POINT('',(6.75,-6.1,0.799999999999998));
#6549=CARTESIAN_POINT('',(6.75,-5.41991189256323,0.799999999999998));
#6550=CARTESIAN_POINT('',(7.25,-6.1,0.799999999999998));
#6551=CARTESIAN_POINT('',(7.25,-6.1,0.799999999999998));
#6552=CARTESIAN_POINT('',(7.25,-5.41991189256323,0.799999999999998));
#6553=CARTESIAN_POINT('',(7.25,-5.41991189256323,0.799999999999998));
#6554=CARTESIAN_POINT('',(7.25,-5.41991189256323,0.800000000000015));
#6555=CARTESIAN_POINT('Origin',(6.75,-5.41991189256323,0.799999999999998));
#6556=CARTESIAN_POINT('',(6.75,-5.41991189256323,0.299999999999998));
#6557=CARTESIAN_POINT('',(6.75,-6.1,0.299999999999998));
#6558=CARTESIAN_POINT('',(6.75,-5.41991189256323,0.299999999999998));
#6559=CARTESIAN_POINT('',(6.75,-6.1,0.799999999999998));
#6560=CARTESIAN_POINT('',(6.75,-5.41991189256323,0.800000000000015));
#6561=CARTESIAN_POINT('Origin',(7.25,-5.41991189256323,0.299999999999998));
#6562=CARTESIAN_POINT('',(7.25,-5.41991189256323,0.299999999999998));
#6563=CARTESIAN_POINT('',(7.25,-6.1,0.299999999999998));
#6564=CARTESIAN_POINT('',(7.25,-5.41991189256323,0.299999999999998));
#6565=CARTESIAN_POINT('',(7.25,-6.1,0.299999999999998));
#6566=CARTESIAN_POINT('',(7.25,-5.41991189256323,0.300000000000015));
#6567=CARTESIAN_POINT('Origin',(7.25,-5.41991189256323,0.799999999999998));
#6568=CARTESIAN_POINT('',(7.25,-6.1,0.799999999999998));
#6569=CARTESIAN_POINT('',(7.25,-5.41991189256323,0.800000000000015));
#6570=CARTESIAN_POINT('Origin',(7.,-5.41991189256323,0.249999999999999));
#6571=CARTESIAN_POINT('',(7.25,-5.34722184651317,0.795175345375447));
#6572=CARTESIAN_POINT('Origin',(7.25,-5.41991189256323,0.249999999999999));
#6573=CARTESIAN_POINT('',(6.75,-5.34722184651317,0.795175345375447));
#6574=CARTESIAN_POINT('',(7.25,-5.34722184651317,0.795175345375447));
#6575=CARTESIAN_POINT('Origin',(6.75,-5.41991189256323,0.249999999999999));
#6576=CARTESIAN_POINT('Origin',(6.75,-5.34722184651317,0.795175345375447));
#6577=CARTESIAN_POINT('',(6.75,-5.41330370655868,0.29956139503413));
#6578=CARTESIAN_POINT('',(6.75,-5.34722184651317,0.795175345375447));
#6579=CARTESIAN_POINT('Origin',(6.75,-5.41991189256323,0.249999999999999));
#6580=CARTESIAN_POINT('Origin',(7.,-5.41991189256323,0.249999999999999));
#6581=CARTESIAN_POINT('',(7.25,-5.41330370655868,0.29956139503413));
#6582=CARTESIAN_POINT('',(7.25,-5.41330370655868,0.29956139503413));
#6583=CARTESIAN_POINT('Origin',(7.25,-5.41991189256323,0.249999999999999));
#6584=CARTESIAN_POINT('Origin',(7.25,-5.34722184651317,0.795175345375447));
#6585=CARTESIAN_POINT('',(7.25,-5.34722184651317,0.795175345375447));
#6586=CARTESIAN_POINT('Origin',(7.25,-3.95832704539909,0.609989371893568));
#6587=CARTESIAN_POINT('',(7.25,-3.95832704539908,0.609989371893568));
#6588=CARTESIAN_POINT('',(7.25,-3.95832704539909,0.609989371893568));
#6589=CARTESIAN_POINT('',(6.75,-3.95832704539908,0.609989371893568));
#6590=CARTESIAN_POINT('',(7.25,-3.95832704539908,0.609989371893569));
#6591=CARTESIAN_POINT('',(6.75,-3.95832704539909,0.609989371893568));
#6592=CARTESIAN_POINT('Origin',(6.75,-3.95832704539909,0.609989371893568));
#6593=CARTESIAN_POINT('',(6.75,-4.0244089054446,0.114375421552251));
#6594=CARTESIAN_POINT('',(6.75,-3.95832704539908,0.609989371893569));
#6595=CARTESIAN_POINT('',(6.75,-4.02440890544459,0.114375421552251));
#6596=CARTESIAN_POINT('Origin',(7.25,-4.02440890544459,0.114375421552252));
#6597=CARTESIAN_POINT('',(7.25,-4.0244089054446,0.114375421552251));
#6598=CARTESIAN_POINT('',(7.25,-4.0244089054446,0.114375421552252));
#6599=CARTESIAN_POINT('',(7.25,-4.02440890544459,0.114375421552252));
#6600=CARTESIAN_POINT('Origin',(7.25,-3.95832704539909,0.609989371893568));
#6601=CARTESIAN_POINT('',(7.25,-3.95832704539908,0.609989371893569));
#6602=CARTESIAN_POINT('Origin',(7.,-3.95171885939453,0.659550766927701));
#6603=CARTESIAN_POINT('',(7.25,-3.92935817961953,0.614829407377705));
#6604=CARTESIAN_POINT('Origin',(7.25,-3.95171885939453,0.659550766927701));
#6605=CARTESIAN_POINT('',(6.75,-3.92935817961953,0.614829407377705));
#6606=CARTESIAN_POINT('',(7.25,-3.92935817961953,0.614829407377705));
#6607=CARTESIAN_POINT('Origin',(6.75,-3.95171885939453,0.659550766927701));
#6608=CARTESIAN_POINT('Origin',(6.75,-3.92935817961953,0.614829407377704));
#6609=CARTESIAN_POINT('',(6.75,-3.70575138186956,0.167615811877747));
#6610=CARTESIAN_POINT('',(6.75,-3.92935817961953,0.614829407377705));
#6611=CARTESIAN_POINT('Origin',(6.75,-3.95171885939453,0.659550766927701));
#6612=CARTESIAN_POINT('Origin',(7.,-3.95171885939453,0.659550766927701));
#6613=CARTESIAN_POINT('',(7.25,-3.70575138186956,0.167615811877747));
#6614=CARTESIAN_POINT('',(7.25,-3.70575138186956,0.167615811877747));
#6615=CARTESIAN_POINT('Origin',(7.25,-3.95171885939453,0.659550766927701));
#6616=CARTESIAN_POINT('Origin',(7.25,-3.92935817961953,0.614829407377704));
#6617=CARTESIAN_POINT('',(7.25,-3.92935817961953,0.614829407377705));
#6618=CARTESIAN_POINT('Origin',(7.25,-3.67514708427504,0.741934955049952));
#6619=CARTESIAN_POINT('',(7.25,-3.67514708427503,0.741934955049933));
#6620=CARTESIAN_POINT('',(7.25,-3.67514708427504,0.741934955049952));
#6621=CARTESIAN_POINT('',(6.75,-3.67514708427503,0.741934955049933));
#6622=CARTESIAN_POINT('',(7.25,-3.67514708427504,0.741934955049951));
#6623=CARTESIAN_POINT('',(6.75,-3.67514708427504,0.741934955049952));
#6624=CARTESIAN_POINT('Origin',(6.75,-3.67514708427504,0.741934955049952));
#6625=CARTESIAN_POINT('',(6.75,-3.45154028652505,0.294721359549976));
#6626=CARTESIAN_POINT('',(6.75,-3.67514708427504,0.741934955049951));
#6627=CARTESIAN_POINT('',(6.75,-3.45154028652506,0.294721359549993));
#6628=CARTESIAN_POINT('Origin',(7.25,-3.45154028652506,0.294721359549993));
#6629=CARTESIAN_POINT('',(7.25,-3.45154028652505,0.294721359549976));
#6630=CARTESIAN_POINT('',(7.25,-3.45154028652506,0.294721359549994));
#6631=CARTESIAN_POINT('',(7.25,-3.45154028652506,0.294721359549993));
#6632=CARTESIAN_POINT('Origin',(7.25,-3.67514708427504,0.741934955049952));
#6633=CARTESIAN_POINT('',(7.25,-3.67514708427504,0.741934955049951));
#6634=CARTESIAN_POINT('Origin',(7.,-3.42917960675006,0.249999999999999));
#6635=CARTESIAN_POINT('',(7.25,-3.42917960675006,0.799999999999997));
#6636=CARTESIAN_POINT('Origin',(7.25,-3.42917960675006,0.249999999999999));
#6637=CARTESIAN_POINT('',(6.75,-3.42917960675006,0.799999999999997));
#6638=CARTESIAN_POINT('',(7.25,-3.42917960675006,0.799999999999997));
#6639=CARTESIAN_POINT('Origin',(6.75,-3.42917960675006,0.249999999999999));
#6640=CARTESIAN_POINT('Origin',(6.75,-3.42917960675006,0.799999999999978));
#6641=CARTESIAN_POINT('',(6.75,-3.42917960675006,0.299999999999997));
#6642=CARTESIAN_POINT('',(6.75,-3.42917960675006,0.799999999999997));
#6643=CARTESIAN_POINT('Origin',(6.75,-3.42917960675006,0.249999999999999));
#6644=CARTESIAN_POINT('Origin',(7.,-3.42917960675006,0.249999999999999));
#6645=CARTESIAN_POINT('',(7.25,-3.42917960675006,0.299999999999997));
#6646=CARTESIAN_POINT('',(7.25,-3.42917960675006,0.299999999999997));
#6647=CARTESIAN_POINT('Origin',(7.25,-3.42917960675006,0.249999999999999));
#6648=CARTESIAN_POINT('Origin',(7.25,-3.42917960675006,0.799999999999978));
#6649=CARTESIAN_POINT('',(7.25,-3.42917960675006,0.799999999999997));
#6650=CARTESIAN_POINT('Origin',(7.25,2.,0.799999999999997));
#6651=CARTESIAN_POINT('',(7.25,1.7,0.799999999999997));
#6652=CARTESIAN_POINT('',(7.25,2.,0.799999999999997));
#6653=CARTESIAN_POINT('',(6.75,1.7,0.799999999999997));
#6654=CARTESIAN_POINT('',(6.75,1.7,0.799999999999997));
#6655=CARTESIAN_POINT('',(6.75,2.,0.799999999999997));
#6656=CARTESIAN_POINT('Origin',(6.75,2.,0.799999999999997));
#6657=CARTESIAN_POINT('',(6.75,1.7,0.299999999999998));
#6658=CARTESIAN_POINT('',(6.75,1.7,0.299999999999998));
#6659=CARTESIAN_POINT('',(6.75,2.,0.299999999999998));
#6660=CARTESIAN_POINT('Origin',(7.25,2.,0.299999999999998));
#6661=CARTESIAN_POINT('',(7.25,1.7,0.299999999999998));
#6662=CARTESIAN_POINT('',(7.25,1.7,0.299999999999998));
#6663=CARTESIAN_POINT('',(7.25,2.,0.299999999999998));
#6664=CARTESIAN_POINT('Origin',(7.25,2.,0.799999999999997));
#6665=CARTESIAN_POINT('',(7.25,1.7,0.799999999999997));
#6666=CARTESIAN_POINT('Origin',(6.,-6.4,0.));
#6667=CARTESIAN_POINT('',(7.14080892972014,-6.4,0.409191070279859));
#6668=CARTESIAN_POINT('',(7.14080892972014,-6.4,0.690808929720137));
#6669=CARTESIAN_POINT('',(7.14080892972014,-6.4,0.));
#6670=CARTESIAN_POINT('',(6.85919107027986,-6.4,0.690808929720137));
#6671=CARTESIAN_POINT('',(6.,-6.4,0.690808929720137));
#6672=CARTESIAN_POINT('',(6.85919107027986,-6.4,0.409191070279859));
#6673=CARTESIAN_POINT('',(6.85919107027986,-6.4,-1.86307364995514E-16));
#6674=CARTESIAN_POINT('',(6.,-6.4,0.409191070279859));
#6675=CARTESIAN_POINT('Origin',(6.,2.,-3.25260651745651E-16));
#6676=CARTESIAN_POINT('',(7.14080892972014,2.,0.690808929720136));
#6677=CARTESIAN_POINT('',(7.14080892972014,2.,0.409191070279859));
#6678=CARTESIAN_POINT('',(7.14080892972014,2.,0.299999999999998));
#6679=CARTESIAN_POINT('',(6.85919107027986,2.,0.409191070279859));
#6680=CARTESIAN_POINT('',(6.75,2.,0.409191070279859));
#6681=CARTESIAN_POINT('',(6.85919107027986,2.,0.690808929720136));
#6682=CARTESIAN_POINT('',(6.85919107027986,2.,0.799999999999997));
#6683=CARTESIAN_POINT('',(7.25,2.,0.690808929720136));
#6684=CARTESIAN_POINT('Origin',(7.25,-6.1,0.299999999999998));
#6685=CARTESIAN_POINT('',(7.25,-6.1,0.299999999999998));
#6686=CARTESIAN_POINT('',(6.80236352087677,-6.24386759121206,0.352363520876766));
#6687=CARTESIAN_POINT('Origin',(6.75,-6.1,0.799999999999998));
#6688=CARTESIAN_POINT('',(6.75,-6.1,0.799999999999998));
#6689=CARTESIAN_POINT('Origin',(7.25,-6.1,0.799999999999998));
#6690=CARTESIAN_POINT('',(7.25,-6.1,0.799999999999998));
#6691=CARTESIAN_POINT('Origin',(7.25,-6.1,0.799999999999998));
#6692=CARTESIAN_POINT('Origin',(6.,2.,0.690808929720136));
#6693=CARTESIAN_POINT('',(6.93153744590638,2.19877003341324,0.618462554093621));
#6694=CARTESIAN_POINT('',(7.02133538530453,2.32825086550409,0.57133538530453));
#6695=CARTESIAN_POINT('Origin',(7.14080892972014,2.,-3.25260651745651E-16));
#6696=CARTESIAN_POINT('',(7.18366230002251,1.88226133274671,0.366337699977486));
#6697=CARTESIAN_POINT('Origin',(6.85919107027986,2.,-5.11568016741166E-16));
#6698=CARTESIAN_POINT('',(6.81633769997749,1.88226133274671,0.366337699977486));
#6699=CARTESIAN_POINT('Origin',(6.,2.,0.409191070279859));
#6700=CARTESIAN_POINT('Origin',(2.95,-3.,2.25));
#6701=CARTESIAN_POINT('',(4.2,-3.,2.25));
#6702=CARTESIAN_POINT('',(3.8,-3.,2.25));
#6703=CARTESIAN_POINT('',(2.95,-3.,2.25));
#6704=CARTESIAN_POINT('',(3.8,-3.,-2.25));
#6705=CARTESIAN_POINT('',(3.8,-3.,-2.25));
#6706=CARTESIAN_POINT('',(4.2,-3.,-2.25));
#6707=CARTESIAN_POINT('',(2.95,-3.,-2.25));
#6708=CARTESIAN_POINT('',(4.2,-3.,-2.25));
#6709=CARTESIAN_POINT('Origin',(2.95,-3.,2.25));
#6710=CARTESIAN_POINT('',(2.2,-3.,-2.25));
#6711=CARTESIAN_POINT('',(1.8,-3.,-2.25));
#6712=CARTESIAN_POINT('',(2.95,-3.,-2.25));
#6713=CARTESIAN_POINT('',(2.2,-3.,2.25));
#6714=CARTESIAN_POINT('',(2.2,-3.,-2.25));
#6715=CARTESIAN_POINT('',(1.8,-3.,2.25));
#6716=CARTESIAN_POINT('',(2.95,-3.,2.25));
#6717=CARTESIAN_POINT('',(1.8,-3.,-2.25));
#6718=CARTESIAN_POINT('Origin',(2.95,-3.,2.25));
#6719=CARTESIAN_POINT('',(6.2,-3.,2.25));
#6720=CARTESIAN_POINT('',(5.8,-3.,2.25));
#6721=CARTESIAN_POINT('',(2.95,-3.,2.25));
#6722=CARTESIAN_POINT('',(5.8,-3.,-2.25));
#6723=CARTESIAN_POINT('',(5.8,-3.,-2.25));
#6724=CARTESIAN_POINT('',(6.2,-3.,-2.25));
#6725=CARTESIAN_POINT('',(2.95,-3.,-2.25));
#6726=CARTESIAN_POINT('',(6.2,-3.,-2.25));
#6727=CARTESIAN_POINT('Origin',(-2.3,2.75,1.65));
#6728=CARTESIAN_POINT('',(-2.3,2.75,1.65));
#6729=CARTESIAN_POINT('',(-2.55,3.,1.9));
#6730=CARTESIAN_POINT('',(-2.3,2.75,1.65));
#6731=CARTESIAN_POINT('',(-0.225,3.,1.9));
#6732=CARTESIAN_POINT('',(2.95,3.,1.9));
#6733=CARTESIAN_POINT('',(-0.225,2.75,1.65));
#6734=CARTESIAN_POINT('',(-0.225,2.75,1.65));
#6735=CARTESIAN_POINT('',(-2.3,2.75,1.65));
#6736=CARTESIAN_POINT('Origin',(2.95,1.5,0.38));
#6737=CARTESIAN_POINT('',(-2.3,1.5,0.88));
#6738=CARTESIAN_POINT('',(-2.95,1.5,0.88));
#6739=CARTESIAN_POINT('',(2.95,1.5,0.88));
#6740=CARTESIAN_POINT('',(-2.3,1.5,-0.12));
#6741=CARTESIAN_POINT('Origin',(-2.3,1.5,0.38));
#6742=CARTESIAN_POINT('',(-2.95,1.5,-0.12));
#6743=CARTESIAN_POINT('',(2.95,1.5,-0.12));
#6744=CARTESIAN_POINT('Origin',(-2.95,1.5,0.38));
#6745=CARTESIAN_POINT('Origin',(-2.55,3.,0.880000000000001));
#6746=CARTESIAN_POINT('',(-2.55,3.,0.88));
#6747=CARTESIAN_POINT('',(-2.3,2.75,0.88));
#6748=CARTESIAN_POINT('',(-2.55,3.,0.88));
#6749=CARTESIAN_POINT('',(-2.55,3.,0.880000000000001));
#6750=CARTESIAN_POINT('',(-2.3,2.75,-1.85));
#6751=CARTESIAN_POINT('Origin',(2.95,3.,0.88));
#6752=CARTESIAN_POINT('',(-2.95,3.,0.88));
#6753=CARTESIAN_POINT('',(2.95,3.,0.88));
#6754=CARTESIAN_POINT('',(-2.3,3.,0.88));
#6755=CARTESIAN_POINT('',(-2.95,3.,0.88));
#6756=CARTESIAN_POINT('Origin',(-2.3,-1.25,1.65));
#6757=CARTESIAN_POINT('',(-2.3,-1.25,1.65));
#6758=CARTESIAN_POINT('',(-2.3,-1.25,1.65));
#6759=CARTESIAN_POINT('',(-0.225,-1.25,1.65));
#6760=CARTESIAN_POINT('',(-0.225,-1.25,1.65));
#6761=CARTESIAN_POINT('',(-2.3,-1.25,1.65));
#6762=CARTESIAN_POINT('',(-2.2,1.25,1.65));
#6763=CARTESIAN_POINT('',(-1.25,1.25,1.65));
#6764=CARTESIAN_POINT('',(-2.2,1.25,1.65));
#6765=CARTESIAN_POINT('',(-2.2,-0.75,1.65));
#6766=CARTESIAN_POINT('',(-2.2,1.25,1.65));
#6767=CARTESIAN_POINT('',(-1.25,-0.75,1.65));
#6768=CARTESIAN_POINT('',(-2.2,-0.75,1.65));
#6769=CARTESIAN_POINT('',(-1.25,1.25,1.65));
#6770=CARTESIAN_POINT('Origin',(-1.25,3.,0.299999999999998));
#6771=CARTESIAN_POINT('',(-0.75,-1.25,0.299999999999998));
#6772=CARTESIAN_POINT('',(-1.25,-1.25,0.299999999999998));
#6773=CARTESIAN_POINT('',(6.505213034913E-17,-1.25,0.299999999999998));
#6774=CARTESIAN_POINT('',(-1.25,-2.8,0.299999999999998));
#6775=CARTESIAN_POINT('',(-1.25,3.,0.299999999999998));
#6776=CARTESIAN_POINT('',(-0.75,-2.8,0.299999999999998));
#6777=CARTESIAN_POINT('',(-0.199999999999998,-2.8,0.299999999999998));
#6778=CARTESIAN_POINT('',(-0.75,3.,0.299999999999998));
#6779=CARTESIAN_POINT('Origin',(-1.25,3.,0.799999999999998));
#6780=CARTESIAN_POINT('',(-1.25,-1.25,0.799999999999998));
#6781=CARTESIAN_POINT('',(-1.25,-1.25,-1.21872759294816E-16));
#6782=CARTESIAN_POINT('',(-1.25,-2.8,0.799999999999998));
#6783=CARTESIAN_POINT('',(-1.25,3.,0.799999999999998));
#6784=CARTESIAN_POINT('',(-1.25,-2.8,-2.25));
#6785=CARTESIAN_POINT('Origin',(-1.25,3.,0.799999999999998));
#6786=CARTESIAN_POINT('',(-0.75,-1.25,0.799999999999998));
#6787=CARTESIAN_POINT('',(1.05137382930689E-31,-1.25,0.799999999999998));
#6788=CARTESIAN_POINT('',(-0.75,-2.8,0.799999999999998));
#6789=CARTESIAN_POINT('',(-0.75,3.,0.799999999999998));
#6790=CARTESIAN_POINT('',(-0.199999999999998,-2.8,0.799999999999998));
#6791=CARTESIAN_POINT('Origin',(-0.75,3.,0.799999999999998));
#6792=CARTESIAN_POINT('',(-0.75,-1.25,-2.84503085167641E-16));
#6793=CARTESIAN_POINT('',(-0.749999999999999,-2.8,-2.25));
#6794=CARTESIAN_POINT('Origin',(2.95,1.5,-0.12));
#6795=CARTESIAN_POINT('',(-2.3,2.75,-0.12));
#6796=CARTESIAN_POINT('',(-2.3,1.5,-0.12));
#6797=CARTESIAN_POINT('',(-2.55,3.,-0.12));
#6798=CARTESIAN_POINT('',(-2.3,2.75,-0.12));
#6799=CARTESIAN_POINT('',(-2.95,3.,-0.12));
#6800=CARTESIAN_POINT('',(2.95,3.,-0.12));
#6801=CARTESIAN_POINT('',(-2.95,1.5,-0.12));
#6802=CARTESIAN_POINT('Origin',(2.95,-3.,-2.25));
#6803=CARTESIAN_POINT('',(3.8,-2.8,-2.25));
#6804=CARTESIAN_POINT('',(3.8,-2.8,-2.25));
#6805=CARTESIAN_POINT('',(2.2,-2.8,-2.25));
#6806=CARTESIAN_POINT('',(2.2,-2.8,-2.25));
#6807=CARTESIAN_POINT('',(2.2,-2.8,-2.25));
#6808=CARTESIAN_POINT('',(1.8,-2.8,-2.25));
#6809=CARTESIAN_POINT('',(1.8,-2.8,-2.25));
#6810=CARTESIAN_POINT('',(0.200000000000002,-2.8,-2.25));
#6811=CARTESIAN_POINT('',(0.200000000000002,-2.8,-2.25));
#6812=CARTESIAN_POINT('',(0.200000000000002,-3.,-2.25));
#6813=CARTESIAN_POINT('',(0.200000000000002,-2.8,-2.25));
#6814=CARTESIAN_POINT('',(-0.199999999999998,-3.,-2.25));
#6815=CARTESIAN_POINT('',(2.95,-3.,-2.25));
#6816=CARTESIAN_POINT('',(-0.199999999999998,-2.8,-2.25));
#6817=CARTESIAN_POINT('',(-0.199999999999998,-2.8,-2.25));
#6818=CARTESIAN_POINT('',(-1.8,-2.8,-2.25));
#6819=CARTESIAN_POINT('',(-0.199999999999998,-2.8,-2.25));
#6820=CARTESIAN_POINT('',(-1.8,-3.,-2.25));
#6821=CARTESIAN_POINT('',(-1.8,-2.8,-2.25));
#6822=CARTESIAN_POINT('',(-2.95,-3.,-2.25));
#6823=CARTESIAN_POINT('',(2.95,-3.,-2.25));
#6824=CARTESIAN_POINT('',(-2.95,3.,-2.25));
#6825=CARTESIAN_POINT('',(-2.95,-3.,-2.25));
#6826=CARTESIAN_POINT('',(8.95,3.,-2.25));
#6827=CARTESIAN_POINT('',(2.95,3.,-2.25));
#6828=CARTESIAN_POINT('',(8.95,-3.,-2.25));
#6829=CARTESIAN_POINT('',(8.95,-3.,-2.25));
#6830=CARTESIAN_POINT('',(7.8,-3.,-2.25));
#6831=CARTESIAN_POINT('',(8.95,-3.,-2.25));
#6832=CARTESIAN_POINT('',(7.8,-2.8,-2.25));
#6833=CARTESIAN_POINT('',(7.8,-2.8,-2.25));
#6834=CARTESIAN_POINT('',(6.2,-2.8,-2.25));
#6835=CARTESIAN_POINT('',(6.2,-2.8,-2.25));
#6836=CARTESIAN_POINT('',(6.2,-2.8,-2.25));
#6837=CARTESIAN_POINT('',(5.8,-2.8,-2.25));
#6838=CARTESIAN_POINT('',(5.8,-2.8,-2.25));
#6839=CARTESIAN_POINT('',(4.2,-2.8,-2.25));
#6840=CARTESIAN_POINT('',(4.2,-2.8,-2.25));
#6841=CARTESIAN_POINT('',(4.2,-2.8,-2.25));
#6842=CARTESIAN_POINT('Origin',(2.95,3.,0.88));
#6843=CARTESIAN_POINT('',(-0.225,3.,2.25));
#6844=CARTESIAN_POINT('',(-0.225,3.,-2.62375712927162));
#6845=CARTESIAN_POINT('',(-2.95,3.,2.25));
#6846=CARTESIAN_POINT('',(-2.95,3.,0.88));
#6847=CARTESIAN_POINT('',(2.95,3.,2.25));
#6848=CARTESIAN_POINT('Origin',(-0.225,-1.25,-2.62375712927162));
#6849=CARTESIAN_POINT('',(-0.225,-1.25,2.25));
#6850=CARTESIAN_POINT('',(-0.225,-1.25,2.25));
#6851=CARTESIAN_POINT('',(-0.225,-1.25,-2.62375712927162));
#6852=CARTESIAN_POINT('Origin',(1.05137382930689E-31,-1.25,-1.21872759294816E-16));
#6853=CARTESIAN_POINT('',(6.225,-1.25,2.25));
#6854=CARTESIAN_POINT('',(0.225,-1.25,2.25));
#6855=CARTESIAN_POINT('',(6.225,-1.25,1.65));
#6856=CARTESIAN_POINT('',(6.225,-1.25,-2.62375712927162));
#6857=CARTESIAN_POINT('',(8.3,-1.25,1.65));
#6858=CARTESIAN_POINT('',(3.7,-1.25,1.65));
#6859=CARTESIAN_POINT('',(8.3,-1.25,-1.85));
#6860=CARTESIAN_POINT('',(8.3,-1.25,-1.85));
#6861=CARTESIAN_POINT('',(-2.3,-1.25,-1.85));
#6862=CARTESIAN_POINT('',(-2.3,-1.25,-1.85));
#6863=CARTESIAN_POINT('',(-2.3,-1.25,-1.85));
#6864=CARTESIAN_POINT('',(7.25,-1.25,0.799999999999998));
#6865=CARTESIAN_POINT('',(6.75,-1.25,0.799999999999998));
#6866=CARTESIAN_POINT('',(6.,-1.25,0.799999999999998));
#6867=CARTESIAN_POINT('',(6.75,-1.25,0.299999999999998));
#6868=CARTESIAN_POINT('',(6.75,-1.25,-2.84503085167641E-16));
#6869=CARTESIAN_POINT('',(7.25,-1.25,0.299999999999998));
#6870=CARTESIAN_POINT('',(6.,-1.25,0.299999999999998));
#6871=CARTESIAN_POINT('',(7.25,-1.25,-1.21872759294816E-16));
#6872=CARTESIAN_POINT('',(3.25,-1.25,0.299999999999998));
#6873=CARTESIAN_POINT('',(2.75,-1.25,0.299999999999997));
#6874=CARTESIAN_POINT('',(2.75,-1.25,0.299999999999998));
#6875=CARTESIAN_POINT('',(3.25,-1.25,0.799999999999998));
#6876=CARTESIAN_POINT('',(3.25,-1.25,0.299999999999998));
#6877=CARTESIAN_POINT('',(2.75,-1.25,0.799999999999998));
#6878=CARTESIAN_POINT('',(2.75,-1.25,0.799999999999998));
#6879=CARTESIAN_POINT('',(2.75,-1.25,0.299999999999998));
#6880=CARTESIAN_POINT('',(1.25,-1.25,0.299999999999998));
#6881=CARTESIAN_POINT('',(0.750000000000001,-1.25,0.299999999999997));
#6882=CARTESIAN_POINT('',(0.750000000000001,-1.25,0.299999999999998));
#6883=CARTESIAN_POINT('',(1.25,-1.25,0.799999999999998));
#6884=CARTESIAN_POINT('',(1.25,-1.25,0.299999999999998));
#6885=CARTESIAN_POINT('',(0.750000000000001,-1.25,0.799999999999998));
#6886=CARTESIAN_POINT('',(0.750000000000001,-1.25,0.799999999999998));
#6887=CARTESIAN_POINT('',(0.750000000000001,-1.25,0.299999999999998));
#6888=CARTESIAN_POINT('',(5.25,-1.25,0.299999999999998));
#6889=CARTESIAN_POINT('',(4.75,-1.25,0.299999999999997));
#6890=CARTESIAN_POINT('',(4.75,-1.25,0.299999999999998));
#6891=CARTESIAN_POINT('',(5.25,-1.25,0.799999999999998));
#6892=CARTESIAN_POINT('',(5.25,-1.25,0.299999999999998));
#6893=CARTESIAN_POINT('',(4.75,-1.25,0.799999999999998));
#6894=CARTESIAN_POINT('',(4.75,-1.25,0.799999999999998));
#6895=CARTESIAN_POINT('',(4.75,-1.25,0.299999999999998));
#6896=CARTESIAN_POINT('Origin',(-2.3,-1.25,-1.85));
#6897=CARTESIAN_POINT('',(-2.3,2.75,-1.85));
#6898=CARTESIAN_POINT('',(-2.3,-1.25,-1.85));
#6899=CARTESIAN_POINT('',(-2.3,2.75,-1.85));
#6900=CARTESIAN_POINT('Origin',(-2.3,2.75,-1.85));
#6901=CARTESIAN_POINT('',(-2.55,3.,-2.1));
#6902=CARTESIAN_POINT('',(-2.3,2.75,-1.85));
#6903=CARTESIAN_POINT('',(-2.55,3.,-2.25));
#6904=CARTESIAN_POINT('Origin',(2.95,3.,-2.25));
#6905=CARTESIAN_POINT('',(8.55,3.,-2.1));
#6906=CARTESIAN_POINT('',(2.95,3.,-2.1));
#6907=CARTESIAN_POINT('',(8.55,3.,-0.12));
#6908=CARTESIAN_POINT('',(8.55,3.,-2.25));
#6909=CARTESIAN_POINT('',(8.95,3.,-0.12));
#6910=CARTESIAN_POINT('',(8.95,3.,-0.12));
#6911=CARTESIAN_POINT('',(8.95,3.,-2.25));
#6912=CARTESIAN_POINT('',(-2.95,3.,-2.25));
#6913=CARTESIAN_POINT('Origin',(-2.3,-1.25,-1.85));
#6914=CARTESIAN_POINT('',(8.3,2.75,-1.85));
#6915=CARTESIAN_POINT('',(8.3,-1.25,-1.85));
#6916=CARTESIAN_POINT('',(-2.3,2.75,-1.85));
#6917=CARTESIAN_POINT('Origin',(-2.3,2.75,-1.85));
#6918=CARTESIAN_POINT('',(8.3,2.75,-1.85));
#6919=CARTESIAN_POINT('Origin',(-1.25,1.25,-2.62375712927162));
#6920=CARTESIAN_POINT('',(-1.25,-0.75,2.25));
#6921=CARTESIAN_POINT('',(-1.25,-0.75,-2.62375712927162));
#6922=CARTESIAN_POINT('',(-1.25,1.25,2.25));
#6923=CARTESIAN_POINT('',(-1.25,1.25,2.25));
#6924=CARTESIAN_POINT('',(-1.25,1.25,-2.62375712927162));
#6925=CARTESIAN_POINT('Origin',(-2.2,1.25,-2.62375712927162));
#6926=CARTESIAN_POINT('',(-2.2,1.25,2.25));
#6927=CARTESIAN_POINT('',(-2.2,1.25,2.25));
#6928=CARTESIAN_POINT('',(-2.2,1.25,-2.62375712927162));
#6929=CARTESIAN_POINT('Origin',(-2.2,1.25,-2.62375712927162));
#6930=CARTESIAN_POINT('',(-2.2,-0.75,2.25));
#6931=CARTESIAN_POINT('',(-2.2,1.25,2.25));
#6932=CARTESIAN_POINT('',(-2.2,-0.75,-2.62375712927162));
#6933=CARTESIAN_POINT('Origin',(-2.2,-0.75,-2.62375712927162));
#6934=CARTESIAN_POINT('',(-2.2,-0.75,2.25));
#6935=CARTESIAN_POINT('Origin',(2.95,3.,2.25));
#6936=CARTESIAN_POINT('',(8.95,-1.61,2.25));
#6937=CARTESIAN_POINT('',(-2.95,-1.61,2.25));
#6938=CARTESIAN_POINT('',(2.95,-1.61,2.25));
#6939=CARTESIAN_POINT('',(8.95,3.,2.25));
#6940=CARTESIAN_POINT('',(8.95,3.,2.25));
#6941=CARTESIAN_POINT('',(7.725,3.,2.25));
#6942=CARTESIAN_POINT('',(8.95,3.,2.25));
#6943=CARTESIAN_POINT('',(7.725,1.25,2.25));
#6944=CARTESIAN_POINT('',(7.725,1.25,2.25));
#6945=CARTESIAN_POINT('',(8.2,1.25,2.25));
#6946=CARTESIAN_POINT('',(8.2,1.25,2.25));
#6947=CARTESIAN_POINT('',(8.2,-0.749999999999997,2.25));
#6948=CARTESIAN_POINT('',(8.2,1.25,2.25));
#6949=CARTESIAN_POINT('',(7.25,-0.749999999999997,2.25));
#6950=CARTESIAN_POINT('',(8.2,-0.749999999999997,2.25));
#6951=CARTESIAN_POINT('',(7.25,3.,2.25));
#6952=CARTESIAN_POINT('',(7.25,1.25,2.25));
#6953=CARTESIAN_POINT('',(6.225,3.,2.25));
#6954=CARTESIAN_POINT('',(8.95,3.,2.25));
#6955=CARTESIAN_POINT('',(6.225,-1.25,2.25));
#6956=CARTESIAN_POINT('',(-2.95,3.,2.25));
#6957=CARTESIAN_POINT('Origin',(2.95,-1.61,2.25));
#6958=CARTESIAN_POINT('',(8.95,-1.61,1.85));
#6959=CARTESIAN_POINT('',(-2.95,-1.61,1.85));
#6960=CARTESIAN_POINT('',(2.95,-1.61,1.85));
#6961=CARTESIAN_POINT('',(8.95,-1.61,2.25));
#6962=CARTESIAN_POINT('',(-2.95,-1.61,2.25));
#6963=CARTESIAN_POINT('Origin',(2.95,-1.61,1.85));
#6964=CARTESIAN_POINT('',(8.95,-2.17,1.85));
#6965=CARTESIAN_POINT('',(-2.95,-2.17,1.85));
#6966=CARTESIAN_POINT('',(2.95,-2.17,1.85));
#6967=CARTESIAN_POINT('',(8.95,-1.61,1.85));
#6968=CARTESIAN_POINT('',(-2.95,-1.61,1.85));
#6969=CARTESIAN_POINT('Origin',(2.95,-3.,2.25));
#6970=CARTESIAN_POINT('',(0.200000000000002,-3.,2.25));
#6971=CARTESIAN_POINT('',(0.200000000000002,-3.,-2.25));
#6972=CARTESIAN_POINT('',(-0.199999999999998,-3.,2.25));
#6973=CARTESIAN_POINT('',(2.95,-3.,2.25));
#6974=CARTESIAN_POINT('',(-0.199999999999998,-3.,-2.25));
#6975=CARTESIAN_POINT('Origin',(-0.199999999999998,-2.8,-2.25));
#6976=CARTESIAN_POINT('',(-0.199999999999998,-2.8,2.25));
#6977=CARTESIAN_POINT('',(-0.199999999999998,-2.8,2.25));
#6978=CARTESIAN_POINT('',(-0.199999999999998,-2.8,-2.25));
#6979=CARTESIAN_POINT('Origin',(-0.199999999999998,-2.8,-2.25));
#6980=CARTESIAN_POINT('',(-1.8,-2.8,2.25));
#6981=CARTESIAN_POINT('',(-0.199999999999998,-2.8,2.25));
#6982=CARTESIAN_POINT('',(-1.8,-2.8,-2.25));
#6983=CARTESIAN_POINT('Origin',(-1.8,-2.8,-2.25));
#6984=CARTESIAN_POINT('',(-1.8,-3.,2.25));
#6985=CARTESIAN_POINT('',(-1.8,-2.8,2.25));
#6986=CARTESIAN_POINT('',(-1.8,-3.,-2.25));
#6987=CARTESIAN_POINT('Origin',(2.95,-3.,2.25));
#6988=CARTESIAN_POINT('',(-2.95,-3.,2.25));
#6989=CARTESIAN_POINT('',(2.95,-3.,2.25));
#6990=CARTESIAN_POINT('',(-2.95,-3.,2.25));
#6991=CARTESIAN_POINT('Origin',(-2.95,1.5,0.38));
#6992=CARTESIAN_POINT('',(-2.95,-2.17,2.25));
#6993=CARTESIAN_POINT('',(-2.95,-2.17,2.25));
#6994=CARTESIAN_POINT('',(-2.95,-2.17,1.85));
#6995=CARTESIAN_POINT('Origin',(2.95,-2.17,1.85));
#6996=CARTESIAN_POINT('',(8.95,-2.17,2.25));
#6997=CARTESIAN_POINT('',(2.95,-2.17,2.25));
#6998=CARTESIAN_POINT('',(8.95,-2.17,1.85));
#6999=CARTESIAN_POINT('Origin',(2.95,-2.17,2.25));
#7000=CARTESIAN_POINT('',(3.8,-2.8,2.25));
#7001=CARTESIAN_POINT('',(2.2,-2.8,2.25));
#7002=CARTESIAN_POINT('',(2.2,-2.8,2.25));
#7003=CARTESIAN_POINT('',(3.8,-2.8,2.25));
#7004=CARTESIAN_POINT('',(4.2,-2.8,2.25));
#7005=CARTESIAN_POINT('',(4.2,-2.8,2.25));
#7006=CARTESIAN_POINT('',(5.8,-2.8,2.25));
#7007=CARTESIAN_POINT('',(4.2,-2.8,2.25));
#7008=CARTESIAN_POINT('',(5.8,-2.8,2.25));
#7009=CARTESIAN_POINT('',(6.2,-2.8,2.25));
#7010=CARTESIAN_POINT('',(6.2,-2.8,2.25));
#7011=CARTESIAN_POINT('',(7.8,-2.8,2.25));
#7012=CARTESIAN_POINT('',(6.2,-2.8,2.25));
#7013=CARTESIAN_POINT('',(7.8,-3.,2.25));
#7014=CARTESIAN_POINT('',(7.8,-2.8,2.25));
#7015=CARTESIAN_POINT('',(8.95,-3.,2.25));
#7016=CARTESIAN_POINT('',(8.95,-3.,2.25));
#7017=CARTESIAN_POINT('',(8.95,-2.17,2.25));
#7018=CARTESIAN_POINT('',(0.200000000000002,-2.8,2.25));
#7019=CARTESIAN_POINT('',(0.200000000000002,-2.8,2.25));
#7020=CARTESIAN_POINT('',(1.8,-2.8,2.25));
#7021=CARTESIAN_POINT('',(0.200000000000002,-2.8,2.25));
#7022=CARTESIAN_POINT('',(1.8,-2.8,2.25));
#7023=CARTESIAN_POINT('',(2.2,-2.8,2.25));
#7024=CARTESIAN_POINT('Origin',(7.25,3.,0.299999999999998));
#7025=CARTESIAN_POINT('',(6.75,-2.8,0.299999999999998));
#7026=CARTESIAN_POINT('',(7.25,-2.8,0.299999999999998));
#7027=CARTESIAN_POINT('',(6.2,-2.8,0.299999999999998));
#7028=CARTESIAN_POINT('',(7.25,3.,0.299999999999998));
#7029=CARTESIAN_POINT('',(6.75,3.,0.299999999999998));
#7030=CARTESIAN_POINT('Origin',(7.25,3.,0.799999999999998));
#7031=CARTESIAN_POINT('',(7.25,-2.8,0.799999999999998));
#7032=CARTESIAN_POINT('',(7.25,-2.8,-2.25));
#7033=CARTESIAN_POINT('',(7.25,3.,0.799999999999998));
#7034=CARTESIAN_POINT('Origin',(7.25,3.,0.799999999999998));
#7035=CARTESIAN_POINT('',(6.75,-2.8,0.799999999999998));
#7036=CARTESIAN_POINT('',(6.2,-2.8,0.799999999999998));
#7037=CARTESIAN_POINT('',(6.75,3.,0.799999999999998));
#7038=CARTESIAN_POINT('Origin',(6.75,3.,0.799999999999998));
#7039=CARTESIAN_POINT('',(6.75,-2.8,-2.25));
#7040=CARTESIAN_POINT('Origin',(8.3,2.75,-1.85));
#7041=CARTESIAN_POINT('',(8.3,2.75,-0.12));
#7042=CARTESIAN_POINT('',(8.3,2.75,-0.12));
#7043=CARTESIAN_POINT('',(8.3,2.75,-1.85));
#7044=CARTESIAN_POINT('Origin',(8.3,2.75,-1.85));
#7045=CARTESIAN_POINT('',(8.3,2.75,1.65));
#7046=CARTESIAN_POINT('',(8.55,3.,1.9));
#7047=CARTESIAN_POINT('',(7.13333333333333,1.58333333333334,0.483333333333334));
#7048=CARTESIAN_POINT('',(8.55,3.,0.88));
#7049=CARTESIAN_POINT('',(8.55,3.,0.88));
#7050=CARTESIAN_POINT('',(8.3,2.75,0.88));
#7051=CARTESIAN_POINT('',(8.3,2.75,0.88));
#7052=CARTESIAN_POINT('',(8.3,2.75,-1.85));
#7053=CARTESIAN_POINT('Origin',(3.7,2.75,1.65));
#7054=CARTESIAN_POINT('',(6.225,3.,1.9));
#7055=CARTESIAN_POINT('',(6.225,2.75,1.65));
#7056=CARTESIAN_POINT('',(6.225,2.75,1.65));
#7057=CARTESIAN_POINT('',(8.95,3.,1.9));
#7058=CARTESIAN_POINT('',(3.7,2.75,1.65));
#7059=CARTESIAN_POINT('Origin',(6.,0.,2.15));
#7060=CARTESIAN_POINT('',(7.25,3.,2.15));
#7061=CARTESIAN_POINT('',(7.25,1.25,2.15));
#7062=CARTESIAN_POINT('',(7.25,1.25,2.15));
#7063=CARTESIAN_POINT('',(7.725,1.25,2.15));
#7064=CARTESIAN_POINT('',(7.25,1.25,2.15));
#7065=CARTESIAN_POINT('',(7.725,3.,2.15));
#7066=CARTESIAN_POINT('',(7.725,1.25,2.15));
#7067=CARTESIAN_POINT('',(7.25,3.,2.15));
#7068=CARTESIAN_POINT('Origin',(7.725,1.25,2.15));
#7069=CARTESIAN_POINT('',(7.725,3.,2.15));
#7070=CARTESIAN_POINT('',(7.725,1.25,2.15));
#7071=CARTESIAN_POINT('Origin',(8.2,1.25,-2.62375712927162));
#7072=CARTESIAN_POINT('',(7.25,1.25,1.65));
#7073=CARTESIAN_POINT('',(7.25,1.25,-2.62375712927162));
#7074=CARTESIAN_POINT('',(8.2,1.25,1.65));
#7075=CARTESIAN_POINT('',(8.2,1.25,1.65));
#7076=CARTESIAN_POINT('',(8.2,1.25,-2.62375712927162));
#7077=CARTESIAN_POINT('Origin',(7.25,1.25,-2.62375712927162));
#7078=CARTESIAN_POINT('',(7.25,-0.749999999999997,1.65));
#7079=CARTESIAN_POINT('',(7.25,1.25,1.65));
#7080=CARTESIAN_POINT('',(7.25,3.,2.15));
#7081=CARTESIAN_POINT('',(7.25,-0.749999999999997,-2.62375712927162));
#7082=CARTESIAN_POINT('Origin',(8.2,-0.749999999999997,-2.62375712927162));
#7083=CARTESIAN_POINT('',(8.2,-0.749999999999997,1.65));
#7084=CARTESIAN_POINT('',(8.2,-0.749999999999997,1.65));
#7085=CARTESIAN_POINT('',(8.2,-0.749999999999997,-2.62375712927162));
#7086=CARTESIAN_POINT('Origin',(8.2,1.25,-2.62375712927162));
#7087=CARTESIAN_POINT('',(8.2,1.25,1.65));
#7088=CARTESIAN_POINT('Origin',(6.225,-1.25,-2.62375712927162));
#7089=CARTESIAN_POINT('',(6.225,3.,-2.62375712927162));
#7090=CARTESIAN_POINT('',(6.225,-1.25,1.65));
#7091=CARTESIAN_POINT('Origin',(3.7,-1.25,1.65));
#7092=CARTESIAN_POINT('',(8.3,-1.25,1.65));
#7093=CARTESIAN_POINT('Origin',(8.3,-1.25,-1.85));
#7094=CARTESIAN_POINT('',(8.3,1.5,0.88));
#7095=CARTESIAN_POINT('',(8.3,3.,0.88));
#7096=CARTESIAN_POINT('',(8.3,1.5,-0.12));
#7097=CARTESIAN_POINT('Origin',(8.3,1.5,0.38));
#7098=CARTESIAN_POINT('',(8.3,1.5,-0.12));
#7099=CARTESIAN_POINT('Origin',(7.8,-2.8,-2.25));
#7100=CARTESIAN_POINT('',(7.8,-2.8,-2.25));
#7101=CARTESIAN_POINT('',(7.8,-3.,-2.25));
#7102=CARTESIAN_POINT('Origin',(6.2,-2.8,-2.25));
#7103=CARTESIAN_POINT('',(6.2,-2.8,-2.25));
#7104=CARTESIAN_POINT('Origin',(8.95,1.5,0.38));
#7105=CARTESIAN_POINT('',(8.95,1.5,-0.12));
#7106=CARTESIAN_POINT('',(8.95,1.5,-0.12));
#7107=CARTESIAN_POINT('',(8.95,1.5,0.88));
#7108=CARTESIAN_POINT('Origin',(8.95,1.5,0.38));
#7109=CARTESIAN_POINT('',(8.95,3.,0.88));
#7110=CARTESIAN_POINT('',(8.95,3.,0.88));
#7111=CARTESIAN_POINT('',(8.95,3.,0.88));
#7112=CARTESIAN_POINT('',(8.95,-3.,2.25));
#7113=CARTESIAN_POINT('Origin',(8.95,-3.,2.25));
#7114=CARTESIAN_POINT('Origin',(8.95,3.,0.88));
#7115=CARTESIAN_POINT('',(8.95,3.,0.88));
#7116=CARTESIAN_POINT('Origin',(8.95,3.,0.88));
#7117=CARTESIAN_POINT('',(8.95,1.5,0.88));
#7118=CARTESIAN_POINT('Origin',(8.95,1.5,0.38));
#7119=CARTESIAN_POINT('',(8.95,1.5,-0.12));
#7120=CARTESIAN_POINT('Origin',(8.95,1.5,-0.12));
#7121=CARTESIAN_POINT('Origin',(6.2,-2.8,-2.25));
#7122=CARTESIAN_POINT('Origin',(4.2,-2.8,-2.25));
#7123=CARTESIAN_POINT('',(4.2,-2.8,-2.25));
#7124=CARTESIAN_POINT('',(5.8,-2.8,-2.25));
#7125=CARTESIAN_POINT('',(5.25,-2.8,0.799999999999997));
#7126=CARTESIAN_POINT('',(5.25,-2.8,0.299999999999998));
#7127=CARTESIAN_POINT('',(5.25,-2.8,-2.25));
#7128=CARTESIAN_POINT('',(4.75,-2.8,0.299999999999998));
#7129=CARTESIAN_POINT('',(4.2,-2.8,0.299999999999998));
#7130=CARTESIAN_POINT('',(4.75,-2.8,0.799999999999998));
#7131=CARTESIAN_POINT('',(4.75,-2.8,-2.25));
#7132=CARTESIAN_POINT('',(4.2,-2.8,0.799999999999997));
#7133=CARTESIAN_POINT('Origin',(5.8,-2.8,-2.25));
#7134=CARTESIAN_POINT('Origin',(4.2,-2.8,-2.25));
#7135=CARTESIAN_POINT('Origin',(0.200000000000002,-2.8,-2.25));
#7136=CARTESIAN_POINT('',(0.200000000000002,-2.8,-2.25));
#7137=CARTESIAN_POINT('',(1.8,-2.8,-2.25));
#7138=CARTESIAN_POINT('',(1.25,-2.8,0.799999999999997));
#7139=CARTESIAN_POINT('',(1.25,-2.8,0.299999999999998));
#7140=CARTESIAN_POINT('',(1.25,-2.8,-2.25));
#7141=CARTESIAN_POINT('',(0.750000000000001,-2.8,0.299999999999998));
#7142=CARTESIAN_POINT('',(0.200000000000002,-2.8,0.299999999999998));
#7143=CARTESIAN_POINT('',(0.750000000000001,-2.8,0.799999999999998));
#7144=CARTESIAN_POINT('',(0.750000000000001,-2.8,-2.25));
#7145=CARTESIAN_POINT('',(0.200000000000002,-2.8,0.799999999999997));
#7146=CARTESIAN_POINT('Origin',(1.8,-2.8,-2.25));
#7147=CARTESIAN_POINT('Origin',(0.200000000000002,-2.8,-2.25));
#7148=CARTESIAN_POINT('Origin',(2.2,-2.8,-2.25));
#7149=CARTESIAN_POINT('',(2.2,-2.8,-2.25));
#7150=CARTESIAN_POINT('',(3.8,-2.8,-2.25));
#7151=CARTESIAN_POINT('',(3.25,-2.8,0.799999999999997));
#7152=CARTESIAN_POINT('',(3.25,-2.8,0.299999999999998));
#7153=CARTESIAN_POINT('',(3.25,-2.8,-2.25));
#7154=CARTESIAN_POINT('',(2.75,-2.8,0.299999999999998));
#7155=CARTESIAN_POINT('',(2.2,-2.8,0.299999999999998));
#7156=CARTESIAN_POINT('',(2.75,-2.8,0.799999999999998));
#7157=CARTESIAN_POINT('',(2.75,-2.8,-2.25));
#7158=CARTESIAN_POINT('',(2.2,-2.8,0.799999999999997));
#7159=CARTESIAN_POINT('Origin',(3.8,-2.8,-2.25));
#7160=CARTESIAN_POINT('Origin',(2.2,-2.8,-2.25));
#7161=CARTESIAN_POINT('Origin',(2.75,-6.4,0.299999999999997));
#7162=CARTESIAN_POINT('',(3.25,-6.4,0.299999999999997));
#7163=CARTESIAN_POINT('',(2.75,-6.4,0.299999999999997));
#7164=CARTESIAN_POINT('Origin',(3.25,-6.4,0.299999999999997));
#7165=CARTESIAN_POINT('',(3.25,-6.4,0.799999999999996));
#7166=CARTESIAN_POINT('Origin',(2.75,-6.4,0.799999999999996));
#7167=CARTESIAN_POINT('',(2.75,-6.4,0.799999999999996));
#7168=CARTESIAN_POINT('Origin',(2.75,-6.4,0.299999999999997));
#7169=CARTESIAN_POINT('Origin',(0.750000000000001,-6.4,0.299999999999997));
#7170=CARTESIAN_POINT('',(1.25,-6.4,0.299999999999997));
#7171=CARTESIAN_POINT('',(0.750000000000001,-6.4,0.299999999999997));
#7172=CARTESIAN_POINT('Origin',(1.25,-6.4,0.299999999999997));
#7173=CARTESIAN_POINT('',(1.25,-6.4,0.799999999999996));
#7174=CARTESIAN_POINT('Origin',(0.750000000000001,-6.4,0.799999999999996));
#7175=CARTESIAN_POINT('',(0.750000000000001,-6.4,0.799999999999996));
#7176=CARTESIAN_POINT('Origin',(0.750000000000001,-6.4,0.299999999999997));
#7177=CARTESIAN_POINT('Origin',(4.75,-6.4,0.299999999999997));
#7178=CARTESIAN_POINT('',(5.25,-6.4,0.299999999999997));
#7179=CARTESIAN_POINT('',(4.75,-6.4,0.299999999999997));
#7180=CARTESIAN_POINT('Origin',(5.25,-6.4,0.299999999999997));
#7181=CARTESIAN_POINT('',(5.25,-6.4,0.799999999999996));
#7182=CARTESIAN_POINT('Origin',(4.75,-6.4,0.799999999999996));
#7183=CARTESIAN_POINT('',(4.75,-6.4,0.799999999999996));
#7184=CARTESIAN_POINT('Origin',(4.75,-6.4,0.299999999999997));
#7185=CARTESIAN_POINT('Origin',(2.75,-5.41991189256323,0.299999999999992));
#7186=CARTESIAN_POINT('',(3.25,-5.41991189256323,0.299999999999989));
#7187=CARTESIAN_POINT('',(3.25,-6.1,0.299999999999989));
#7188=CARTESIAN_POINT('',(3.25,-5.41991189256323,0.299999999999989));
#7189=CARTESIAN_POINT('',(2.75,-6.1,0.299999999999993));
#7190=CARTESIAN_POINT('',(2.75,-6.1,0.299999999999993));
#7191=CARTESIAN_POINT('',(2.75,-5.41991189256323,0.299999999999992));
#7192=CARTESIAN_POINT('',(2.75,-5.41991189256323,0.299999999999992));
#7193=CARTESIAN_POINT('',(2.75,-5.41991189256323,0.299999999999976));
#7194=CARTESIAN_POINT('Origin',(3.25,-5.41991189256323,0.299999999999989));
#7195=CARTESIAN_POINT('',(3.25,-5.41991189256323,0.799999999999989));
#7196=CARTESIAN_POINT('',(3.25,-6.1,0.799999999999989));
#7197=CARTESIAN_POINT('',(3.25,-5.41991189256323,0.799999999999989));
#7198=CARTESIAN_POINT('',(3.25,-6.1,0.299999999999989));
#7199=CARTESIAN_POINT('',(3.25,-5.41991189256323,0.299999999999972));
#7200=CARTESIAN_POINT('Origin',(2.75000000000001,-5.41991189256323,0.799999999999992));
#7201=CARTESIAN_POINT('',(2.75000000000001,-5.41991189256323,0.799999999999992));
#7202=CARTESIAN_POINT('',(2.75000000000001,-6.1,0.799999999999992));
#7203=CARTESIAN_POINT('',(2.75000000000001,-5.41991189256323,0.799999999999992));
#7204=CARTESIAN_POINT('',(2.75000000000001,-6.1,0.799999999999992));
#7205=CARTESIAN_POINT('',(2.75000000000001,-5.41991189256323,0.799999999999976));
#7206=CARTESIAN_POINT('Origin',(2.75,-5.41991189256323,0.299999999999992));
#7207=CARTESIAN_POINT('',(2.75,-6.1,0.299999999999992));
#7208=CARTESIAN_POINT('',(2.75,-5.41991189256323,0.299999999999976));
#7209=CARTESIAN_POINT('Origin',(3.,-5.41991189256323,0.84999999999999));
#7210=CARTESIAN_POINT('',(2.75,-5.34722184651317,0.304824654624544));
#7211=CARTESIAN_POINT('Origin',(2.75000000000001,-5.41991189256323,0.849999999999992));
#7212=CARTESIAN_POINT('',(3.25,-5.34722184651317,0.30482465462454));
#7213=CARTESIAN_POINT('',(2.75,-5.34722184651317,0.304824654624543));
#7214=CARTESIAN_POINT('Origin',(3.25,-5.41991189256323,0.849999999999988));
#7215=CARTESIAN_POINT('Origin',(3.25,-5.34722184651317,0.30482465462454));
#7216=CARTESIAN_POINT('',(3.25,-5.41330370655868,0.800438604965857));
#7217=CARTESIAN_POINT('',(3.25,-5.34722184651317,0.30482465462454));
#7218=CARTESIAN_POINT('Origin',(3.25,-5.41991189256323,0.849999999999988));
#7219=CARTESIAN_POINT('Origin',(3.,-5.41991189256323,0.84999999999999));
#7220=CARTESIAN_POINT('',(2.75000000000001,-5.41330370655868,0.800438604965861));
#7221=CARTESIAN_POINT('',(2.75000000000001,-5.41330370655868,0.800438604965861));
#7222=CARTESIAN_POINT('Origin',(2.75000000000001,-5.41991189256323,0.849999999999992));
#7223=CARTESIAN_POINT('Origin',(2.75,-5.34722184651317,0.304824654624544));
#7224=CARTESIAN_POINT('',(2.75,-5.34722184651317,0.304824654624543));
#7225=CARTESIAN_POINT('Origin',(2.75,-3.95832704539909,0.490010628106422));
#7226=CARTESIAN_POINT('',(2.75,-3.95832704539908,0.490010628106423));
#7227=CARTESIAN_POINT('',(2.75,-3.95832704539909,0.490010628106422));
#7228=CARTESIAN_POINT('',(3.25,-3.95832704539908,0.490010628106419));
#7229=CARTESIAN_POINT('',(2.75,-3.95832704539908,0.490010628106422));
#7230=CARTESIAN_POINT('',(3.25,-3.95832704539909,0.490010628106418));
#7231=CARTESIAN_POINT('Origin',(3.25,-3.95832704539909,0.490010628106418));
#7232=CARTESIAN_POINT('',(3.25000000000001,-4.02440890544459,0.985624578447736));
#7233=CARTESIAN_POINT('',(3.25,-3.95832704539908,0.490010628106418));
#7234=CARTESIAN_POINT('',(3.25000000000001,-4.02440890544459,0.985624578447736));
#7235=CARTESIAN_POINT('Origin',(2.75000000000001,-4.02440890544459,0.985624578447739));
#7236=CARTESIAN_POINT('',(2.75000000000001,-4.02440890544459,0.985624578447739));
#7237=CARTESIAN_POINT('',(2.75000000000001,-4.02440890544459,0.985624578447739));
#7238=CARTESIAN_POINT('',(2.75000000000001,-4.02440890544459,0.985624578447739));
#7239=CARTESIAN_POINT('Origin',(2.75,-3.95832704539909,0.490010628106422));
#7240=CARTESIAN_POINT('',(2.75,-3.95832704539908,0.490010628106422));
#7241=CARTESIAN_POINT('Origin',(3.,-3.95171885939453,0.440449233072288));
#7242=CARTESIAN_POINT('',(2.75,-3.92935817961953,0.485170592622285));
#7243=CARTESIAN_POINT('Origin',(2.75,-3.95171885939453,0.44044923307229));
#7244=CARTESIAN_POINT('',(3.25,-3.92935817961953,0.485170592622282));
#7245=CARTESIAN_POINT('',(2.75,-3.92935817961953,0.485170592622285));
#7246=CARTESIAN_POINT('Origin',(3.25,-3.95171885939453,0.440449233072286));
#7247=CARTESIAN_POINT('Origin',(3.25,-3.92935817961953,0.485170592622283));
#7248=CARTESIAN_POINT('',(3.25000000000001,-3.70575138186956,0.93238418812224));
#7249=CARTESIAN_POINT('',(3.25,-3.92935817961953,0.485170592622282));
#7250=CARTESIAN_POINT('Origin',(3.25,-3.95171885939453,0.440449233072286));
#7251=CARTESIAN_POINT('Origin',(3.,-3.95171885939453,0.440449233072288));
#7252=CARTESIAN_POINT('',(2.75000000000001,-3.70575138186956,0.932384188122243));
#7253=CARTESIAN_POINT('',(2.75000000000001,-3.70575138186956,0.932384188122243));
#7254=CARTESIAN_POINT('Origin',(2.75,-3.95171885939453,0.44044923307229));
#7255=CARTESIAN_POINT('Origin',(2.75,-3.92935817961953,0.485170592622286));
#7256=CARTESIAN_POINT('',(2.75,-3.92935817961953,0.485170592622285));
#7257=CARTESIAN_POINT('Origin',(2.75,-3.67514708427504,0.358065044950039));
#7258=CARTESIAN_POINT('',(2.75,-3.67514708427503,0.358065044950057));
#7259=CARTESIAN_POINT('',(2.75,-3.67514708427504,0.358065044950039));
#7260=CARTESIAN_POINT('',(3.25,-3.67514708427503,0.358065044950054));
#7261=CARTESIAN_POINT('',(2.75,-3.67514708427504,0.358065044950039));
#7262=CARTESIAN_POINT('',(3.25,-3.67514708427504,0.358065044950035));
#7263=CARTESIAN_POINT('Origin',(3.25,-3.67514708427504,0.358065044950035));
#7264=CARTESIAN_POINT('',(3.25,-3.45154028652505,0.805278640450011));
#7265=CARTESIAN_POINT('',(3.25,-3.67514708427504,0.358065044950036));
#7266=CARTESIAN_POINT('',(3.25,-3.45154028652506,0.805278640449994));
#7267=CARTESIAN_POINT('Origin',(2.75000000000001,-3.45154028652506,0.805278640449997));
#7268=CARTESIAN_POINT('',(2.75000000000001,-3.45154028652505,0.805278640450014));
#7269=CARTESIAN_POINT('',(2.75000000000001,-3.45154028652506,0.805278640449996));
#7270=CARTESIAN_POINT('',(2.75000000000001,-3.45154028652506,0.805278640449997));
#7271=CARTESIAN_POINT('Origin',(2.75,-3.67514708427504,0.358065044950039));
#7272=CARTESIAN_POINT('',(2.75,-3.67514708427504,0.358065044950039));
#7273=CARTESIAN_POINT('Origin',(3.,-3.42917960675006,0.84999999999999));
#7274=CARTESIAN_POINT('',(2.75,-3.42917960675006,0.299999999999994));
#7275=CARTESIAN_POINT('Origin',(2.75000000000001,-3.42917960675006,0.849999999999992));
#7276=CARTESIAN_POINT('',(3.25,-3.42917960675006,0.29999999999999));
#7277=CARTESIAN_POINT('',(2.75,-3.42917960675006,0.299999999999994));
#7278=CARTESIAN_POINT('Origin',(3.25,-3.42917960675006,0.849999999999988));
#7279=CARTESIAN_POINT('Origin',(3.25,-3.42917960675006,0.300000000000009));
#7280=CARTESIAN_POINT('',(3.25,-3.42917960675006,0.79999999999999));
#7281=CARTESIAN_POINT('',(3.25,-3.42917960675006,0.29999999999999));
#7282=CARTESIAN_POINT('Origin',(3.25,-3.42917960675006,0.849999999999988));
#7283=CARTESIAN_POINT('Origin',(3.,-3.42917960675006,0.84999999999999));
#7284=CARTESIAN_POINT('',(2.75000000000001,-3.42917960675006,0.799999999999993));
#7285=CARTESIAN_POINT('',(2.75000000000001,-3.42917960675006,0.799999999999993));
#7286=CARTESIAN_POINT('Origin',(2.75000000000001,-3.42917960675006,0.849999999999992));
#7287=CARTESIAN_POINT('Origin',(2.75,-3.42917960675006,0.300000000000013));
#7288=CARTESIAN_POINT('',(2.75,-3.42917960675006,0.299999999999994));
#7289=CARTESIAN_POINT('Origin',(2.75,2.,0.299999999999993));
#7290=CARTESIAN_POINT('',(2.75,1.7,0.299999999999993));
#7291=CARTESIAN_POINT('',(2.75,2.,0.299999999999993));
#7292=CARTESIAN_POINT('',(3.25,1.7,0.299999999999989));
#7293=CARTESIAN_POINT('',(3.25,1.7,0.299999999999989));
#7294=CARTESIAN_POINT('',(3.25,2.,0.299999999999989));
#7295=CARTESIAN_POINT('Origin',(3.25,2.,0.299999999999989));
#7296=CARTESIAN_POINT('',(3.25,1.7,0.799999999999989));
#7297=CARTESIAN_POINT('',(3.25,1.7,0.799999999999989));
#7298=CARTESIAN_POINT('',(3.25,2.,0.799999999999989));
#7299=CARTESIAN_POINT('Origin',(2.75000000000001,2.,0.799999999999993));
#7300=CARTESIAN_POINT('',(2.75000000000001,1.7,0.799999999999993));
#7301=CARTESIAN_POINT('',(2.75000000000001,1.7,0.799999999999993));
#7302=CARTESIAN_POINT('',(2.75000000000001,2.,0.799999999999993));
#7303=CARTESIAN_POINT('Origin',(2.75,2.,0.299999999999993));
#7304=CARTESIAN_POINT('',(2.75,1.7,0.299999999999993));
#7305=CARTESIAN_POINT('Origin',(4.00000000000001,-6.4,1.09999999999998));
#7306=CARTESIAN_POINT('',(2.85919107027987,-6.4,0.69080892972013));
#7307=CARTESIAN_POINT('',(2.85919107027986,-6.4,0.409191070279853));
#7308=CARTESIAN_POINT('',(2.85919107027987,-6.4,1.09999999999999));
#7309=CARTESIAN_POINT('',(3.14080892972014,-6.4,0.409191070279851));
#7310=CARTESIAN_POINT('',(4.,-6.4,0.409191070279845));
#7311=CARTESIAN_POINT('',(3.14080892972014,-6.4,0.690808929720129));
#7312=CARTESIAN_POINT('',(3.14080892972015,-6.4,1.09999999999999));
#7313=CARTESIAN_POINT('',(4.,-6.4,0.690808929720123));
#7314=CARTESIAN_POINT('Origin',(4.00000000000001,2.,1.09999999999998));
#7315=CARTESIAN_POINT('',(2.85919107027986,2.,0.409191070279853));
#7316=CARTESIAN_POINT('',(2.85919107027987,2.,0.690808929720131));
#7317=CARTESIAN_POINT('',(2.85919107027987,2.,0.799999999999992));
#7318=CARTESIAN_POINT('',(3.14080892972014,2.,0.690808929720129));
#7319=CARTESIAN_POINT('',(3.25,2.,0.690808929720128));
#7320=CARTESIAN_POINT('',(3.14080892972014,2.,0.409191070279851));
#7321=CARTESIAN_POINT('',(3.14080892972014,2.,0.29999999999999));
#7322=CARTESIAN_POINT('',(2.75,2.,0.409191070279854));
#7323=CARTESIAN_POINT('Origin',(2.75000000000001,-6.1,0.799999999999992));
#7324=CARTESIAN_POINT('',(2.75000000000001,-6.1,0.799999999999992));
#7325=CARTESIAN_POINT('',(3.19763647912324,-6.24386759121206,0.747636479123222));
#7326=CARTESIAN_POINT('Origin',(3.25,-6.1,0.299999999999989));
#7327=CARTESIAN_POINT('',(3.25,-6.1,0.299999999999989));
#7328=CARTESIAN_POINT('Origin',(2.75,-6.1,0.299999999999992));
#7329=CARTESIAN_POINT('',(2.75,-6.1,0.299999999999993));
#7330=CARTESIAN_POINT('Origin',(2.75,-6.1,0.299999999999993));
#7331=CARTESIAN_POINT('Origin',(4.,2.,0.409191070279845));
#7332=CARTESIAN_POINT('',(3.06846255409363,2.19877003341324,0.481537445906367));
#7333=CARTESIAN_POINT('',(2.97866461469547,2.32825086550409,0.528664614695459));
#7334=CARTESIAN_POINT('Origin',(2.85919107027987,2.,1.09999999999999));
#7335=CARTESIAN_POINT('',(2.81633769997749,1.88226133274671,0.733662300022504));
#7336=CARTESIAN_POINT('Origin',(3.14080892972015,2.,1.09999999999999));
#7337=CARTESIAN_POINT('',(3.18366230002252,1.88226133274671,0.733662300022501));
#7338=CARTESIAN_POINT('Origin',(4.,2.,0.690808929720123));
#7339=CARTESIAN_POINT('Origin',(0.750000000000001,-5.41991189256323,0.299999999999992));
#7340=CARTESIAN_POINT('',(1.25,-5.41991189256323,0.299999999999989));
#7341=CARTESIAN_POINT('',(1.25,-6.1,0.299999999999989));
#7342=CARTESIAN_POINT('',(1.25,-5.41991189256323,0.299999999999989));
#7343=CARTESIAN_POINT('',(0.750000000000001,-6.1,0.299999999999993));
#7344=CARTESIAN_POINT('',(0.750000000000001,-6.1,0.299999999999993));
#7345=CARTESIAN_POINT('',(0.750000000000001,-5.41991189256323,0.299999999999992));
#7346=CARTESIAN_POINT('',(0.750000000000001,-5.41991189256323,0.299999999999992));
#7347=CARTESIAN_POINT('',(0.750000000000001,-5.41991189256323,0.299999999999976));
#7348=CARTESIAN_POINT('Origin',(1.25,-5.41991189256323,0.299999999999989));
#7349=CARTESIAN_POINT('',(1.25,-5.41991189256323,0.799999999999989));
#7350=CARTESIAN_POINT('',(1.25,-6.1,0.799999999999989));
#7351=CARTESIAN_POINT('',(1.25,-5.41991189256323,0.799999999999989));
#7352=CARTESIAN_POINT('',(1.25,-6.1,0.299999999999989));
#7353=CARTESIAN_POINT('',(1.25,-5.41991189256323,0.299999999999972));
#7354=CARTESIAN_POINT('Origin',(0.750000000000005,-5.41991189256323,0.799999999999992));
#7355=CARTESIAN_POINT('',(0.750000000000005,-5.41991189256323,0.799999999999992));
#7356=CARTESIAN_POINT('',(0.750000000000005,-6.1,0.799999999999992));
#7357=CARTESIAN_POINT('',(0.750000000000005,-5.41991189256323,0.799999999999992));
#7358=CARTESIAN_POINT('',(0.750000000000005,-6.1,0.799999999999992));
#7359=CARTESIAN_POINT('',(0.750000000000005,-5.41991189256323,0.799999999999976));
#7360=CARTESIAN_POINT('Origin',(0.750000000000001,-5.41991189256323,0.299999999999992));
#7361=CARTESIAN_POINT('',(0.750000000000001,-6.1,0.299999999999992));
#7362=CARTESIAN_POINT('',(0.750000000000001,-5.41991189256323,0.299999999999976));
#7363=CARTESIAN_POINT('Origin',(1.,-5.41991189256323,0.84999999999999));
#7364=CARTESIAN_POINT('',(0.750000000000001,-5.34722184651317,0.304824654624544));
#7365=CARTESIAN_POINT('Origin',(0.750000000000005,-5.41991189256323,0.849999999999992));
#7366=CARTESIAN_POINT('',(1.25,-5.34722184651317,0.30482465462454));
#7367=CARTESIAN_POINT('',(0.750000000000001,-5.34722184651317,0.304824654624543));
#7368=CARTESIAN_POINT('Origin',(1.25,-5.41991189256323,0.849999999999988));
#7369=CARTESIAN_POINT('Origin',(1.25,-5.34722184651317,0.30482465462454));
#7370=CARTESIAN_POINT('',(1.25,-5.41330370655868,0.800438604965857));
#7371=CARTESIAN_POINT('',(1.25,-5.34722184651317,0.30482465462454));
#7372=CARTESIAN_POINT('Origin',(1.25,-5.41991189256323,0.849999999999988));
#7373=CARTESIAN_POINT('Origin',(1.,-5.41991189256323,0.84999999999999));
#7374=CARTESIAN_POINT('',(0.750000000000005,-5.41330370655868,0.800438604965861));
#7375=CARTESIAN_POINT('',(0.750000000000005,-5.41330370655868,0.800438604965861));
#7376=CARTESIAN_POINT('Origin',(0.750000000000005,-5.41991189256323,0.849999999999992));
#7377=CARTESIAN_POINT('Origin',(0.750000000000001,-5.34722184651317,0.304824654624544));
#7378=CARTESIAN_POINT('',(0.750000000000001,-5.34722184651317,0.304824654624543));
#7379=CARTESIAN_POINT('Origin',(0.750000000000002,-3.95832704539909,0.490010628106422));
#7380=CARTESIAN_POINT('',(0.750000000000002,-3.95832704539908,0.490010628106423));
#7381=CARTESIAN_POINT('',(0.750000000000002,-3.95832704539909,0.490010628106422));
#7382=CARTESIAN_POINT('',(1.25,-3.95832704539908,0.490010628106419));
#7383=CARTESIAN_POINT('',(0.750000000000002,-3.95832704539908,0.490010628106422));
#7384=CARTESIAN_POINT('',(1.25,-3.95832704539909,0.490010628106418));
#7385=CARTESIAN_POINT('Origin',(1.25,-3.95832704539909,0.490010628106418));
#7386=CARTESIAN_POINT('',(1.25000000000001,-4.02440890544459,0.985624578447736));
#7387=CARTESIAN_POINT('',(1.25,-3.95832704539908,0.490010628106418));
#7388=CARTESIAN_POINT('',(1.25000000000001,-4.02440890544459,0.985624578447736));
#7389=CARTESIAN_POINT('Origin',(0.750000000000006,-4.02440890544459,0.985624578447739));
#7390=CARTESIAN_POINT('',(0.750000000000006,-4.02440890544459,0.985624578447739));
#7391=CARTESIAN_POINT('',(0.750000000000006,-4.02440890544459,0.985624578447739));
#7392=CARTESIAN_POINT('',(0.750000000000006,-4.02440890544459,0.985624578447739));
#7393=CARTESIAN_POINT('Origin',(0.750000000000002,-3.95832704539909,0.490010628106422));
#7394=CARTESIAN_POINT('',(0.750000000000002,-3.95832704539908,0.490010628106422));
#7395=CARTESIAN_POINT('Origin',(1.,-3.95171885939453,0.440449233072288));
#7396=CARTESIAN_POINT('',(0.750000000000002,-3.92935817961953,0.485170592622285));
#7397=CARTESIAN_POINT('Origin',(0.750000000000002,-3.95171885939453,0.44044923307229));
#7398=CARTESIAN_POINT('',(1.25,-3.92935817961953,0.485170592622282));
#7399=CARTESIAN_POINT('',(0.750000000000002,-3.92935817961953,0.485170592622285));
#7400=CARTESIAN_POINT('Origin',(1.25,-3.95171885939453,0.440449233072286));
#7401=CARTESIAN_POINT('Origin',(1.25,-3.92935817961953,0.485170592622283));
#7402=CARTESIAN_POINT('',(1.25000000000001,-3.70575138186956,0.93238418812224));
#7403=CARTESIAN_POINT('',(1.25,-3.92935817961953,0.485170592622282));
#7404=CARTESIAN_POINT('Origin',(1.25,-3.95171885939453,0.440449233072286));
#7405=CARTESIAN_POINT('Origin',(1.,-3.95171885939453,0.440449233072288));
#7406=CARTESIAN_POINT('',(0.750000000000006,-3.70575138186956,0.932384188122243));
#7407=CARTESIAN_POINT('',(0.750000000000006,-3.70575138186956,0.932384188122243));
#7408=CARTESIAN_POINT('Origin',(0.750000000000002,-3.95171885939453,0.44044923307229));
#7409=CARTESIAN_POINT('Origin',(0.750000000000002,-3.92935817961953,0.485170592622286));
#7410=CARTESIAN_POINT('',(0.750000000000002,-3.92935817961953,0.485170592622285));
#7411=CARTESIAN_POINT('Origin',(0.750000000000001,-3.67514708427504,0.358065044950039));
#7412=CARTESIAN_POINT('',(0.750000000000001,-3.67514708427503,0.358065044950057));
#7413=CARTESIAN_POINT('',(0.750000000000001,-3.67514708427504,0.358065044950039));
#7414=CARTESIAN_POINT('',(1.25,-3.67514708427503,0.358065044950054));
#7415=CARTESIAN_POINT('',(0.750000000000001,-3.67514708427504,0.358065044950039));
#7416=CARTESIAN_POINT('',(1.25,-3.67514708427504,0.358065044950035));
#7417=CARTESIAN_POINT('Origin',(1.25,-3.67514708427504,0.358065044950035));
#7418=CARTESIAN_POINT('',(1.25,-3.45154028652505,0.805278640450011));
#7419=CARTESIAN_POINT('',(1.25,-3.67514708427504,0.358065044950036));
#7420=CARTESIAN_POINT('',(1.25,-3.45154028652506,0.805278640449994));
#7421=CARTESIAN_POINT('Origin',(0.750000000000005,-3.45154028652506,0.805278640449997));
#7422=CARTESIAN_POINT('',(0.750000000000005,-3.45154028652505,0.805278640450014));
#7423=CARTESIAN_POINT('',(0.750000000000005,-3.45154028652506,0.805278640449996));
#7424=CARTESIAN_POINT('',(0.750000000000005,-3.45154028652506,0.805278640449997));
#7425=CARTESIAN_POINT('Origin',(0.750000000000001,-3.67514708427504,0.358065044950039));
#7426=CARTESIAN_POINT('',(0.750000000000001,-3.67514708427504,0.358065044950039));
#7427=CARTESIAN_POINT('Origin',(1.,-3.42917960675006,0.84999999999999));
#7428=CARTESIAN_POINT('',(0.750000000000001,-3.42917960675006,0.299999999999994));
#7429=CARTESIAN_POINT('Origin',(0.750000000000005,-3.42917960675006,0.849999999999992));
#7430=CARTESIAN_POINT('',(1.25,-3.42917960675006,0.29999999999999));
#7431=CARTESIAN_POINT('',(0.750000000000001,-3.42917960675006,0.299999999999994));
#7432=CARTESIAN_POINT('Origin',(1.25,-3.42917960675006,0.849999999999988));
#7433=CARTESIAN_POINT('Origin',(1.25,-3.42917960675006,0.300000000000009));
#7434=CARTESIAN_POINT('',(1.25,-3.42917960675006,0.79999999999999));
#7435=CARTESIAN_POINT('',(1.25,-3.42917960675006,0.29999999999999));
#7436=CARTESIAN_POINT('Origin',(1.25,-3.42917960675006,0.849999999999988));
#7437=CARTESIAN_POINT('Origin',(1.,-3.42917960675006,0.84999999999999));
#7438=CARTESIAN_POINT('',(0.750000000000005,-3.42917960675006,0.799999999999993));
#7439=CARTESIAN_POINT('',(0.750000000000005,-3.42917960675006,0.799999999999993));
#7440=CARTESIAN_POINT('Origin',(0.750000000000005,-3.42917960675006,0.849999999999992));
#7441=CARTESIAN_POINT('Origin',(0.750000000000001,-3.42917960675006,0.300000000000013));
#7442=CARTESIAN_POINT('',(0.750000000000001,-3.42917960675006,0.299999999999994));
#7443=CARTESIAN_POINT('Origin',(0.750000000000001,2.,0.299999999999993));
#7444=CARTESIAN_POINT('',(0.750000000000001,1.7,0.299999999999993));
#7445=CARTESIAN_POINT('',(0.750000000000001,2.,0.299999999999993));
#7446=CARTESIAN_POINT('',(1.25,1.7,0.299999999999989));
#7447=CARTESIAN_POINT('',(1.25,1.7,0.299999999999989));
#7448=CARTESIAN_POINT('',(1.25,2.,0.299999999999989));
#7449=CARTESIAN_POINT('Origin',(1.25,2.,0.299999999999989));
#7450=CARTESIAN_POINT('',(1.25,1.7,0.799999999999989));
#7451=CARTESIAN_POINT('',(1.25,1.7,0.799999999999989));
#7452=CARTESIAN_POINT('',(1.25,2.,0.799999999999989));
#7453=CARTESIAN_POINT('Origin',(0.750000000000005,2.,0.799999999999993));
#7454=CARTESIAN_POINT('',(0.750000000000005,1.7,0.799999999999993));
#7455=CARTESIAN_POINT('',(0.750000000000005,1.7,0.799999999999993));
#7456=CARTESIAN_POINT('',(0.750000000000005,2.,0.799999999999993));
#7457=CARTESIAN_POINT('Origin',(0.750000000000001,2.,0.299999999999993));
#7458=CARTESIAN_POINT('',(0.750000000000001,1.7,0.299999999999993));
#7459=CARTESIAN_POINT('Origin',(2.00000000000001,-6.4,1.09999999999998));
#7460=CARTESIAN_POINT('',(0.859191070279866,-6.4,0.69080892972013));
#7461=CARTESIAN_POINT('',(0.859191070279863,-6.4,0.409191070279853));
#7462=CARTESIAN_POINT('',(0.859191070279868,-6.4,1.09999999999999));
#7463=CARTESIAN_POINT('',(1.14080892972014,-6.4,0.409191070279851));
#7464=CARTESIAN_POINT('',(2.,-6.4,0.409191070279845));
#7465=CARTESIAN_POINT('',(1.14080892972014,-6.4,0.690808929720129));
#7466=CARTESIAN_POINT('',(1.14080892972015,-6.4,1.09999999999999));
#7467=CARTESIAN_POINT('',(2.,-6.4,0.690808929720123));
#7468=CARTESIAN_POINT('Origin',(2.00000000000001,2.,1.09999999999998));
#7469=CARTESIAN_POINT('',(0.859191070279863,2.,0.409191070279853));
#7470=CARTESIAN_POINT('',(0.859191070279866,2.,0.690808929720131));
#7471=CARTESIAN_POINT('',(0.859191070279867,2.,0.799999999999992));
#7472=CARTESIAN_POINT('',(1.14080892972014,2.,0.690808929720129));
#7473=CARTESIAN_POINT('',(1.25,2.,0.690808929720128));
#7474=CARTESIAN_POINT('',(1.14080892972014,2.,0.409191070279851));
#7475=CARTESIAN_POINT('',(1.14080892972014,2.,0.29999999999999));
#7476=CARTESIAN_POINT('',(0.750000000000001,2.,0.409191070279854));
#7477=CARTESIAN_POINT('Origin',(0.750000000000005,-6.1,0.799999999999992));
#7478=CARTESIAN_POINT('',(0.750000000000005,-6.1,0.799999999999992));
#7479=CARTESIAN_POINT('',(1.19763647912324,-6.24386759121206,0.747636479123222));
#7480=CARTESIAN_POINT('Origin',(1.25,-6.1,0.299999999999989));
#7481=CARTESIAN_POINT('',(1.25,-6.1,0.299999999999989));
#7482=CARTESIAN_POINT('Origin',(0.750000000000001,-6.1,0.299999999999992));
#7483=CARTESIAN_POINT('',(0.750000000000001,-6.1,0.299999999999993));
#7484=CARTESIAN_POINT('Origin',(0.750000000000001,-6.1,0.299999999999993));
#7485=CARTESIAN_POINT('Origin',(2.,2.,0.409191070279845));
#7486=CARTESIAN_POINT('',(1.06846255409363,2.19877003341324,0.481537445906367));
#7487=CARTESIAN_POINT('',(0.978664614695469,2.32825086550409,0.528664614695459));
#7488=CARTESIAN_POINT('Origin',(0.859191070279868,2.,1.09999999999999));
#7489=CARTESIAN_POINT('',(0.816337699977493,1.88226133274671,0.733662300022504));
#7490=CARTESIAN_POINT('Origin',(1.14080892972015,2.,1.09999999999999));
#7491=CARTESIAN_POINT('',(1.18366230002251,1.88226133274671,0.733662300022501));
#7492=CARTESIAN_POINT('Origin',(2.,2.,0.690808929720123));
#7493=CARTESIAN_POINT('Origin',(4.75,-5.41991189256323,0.299999999999992));
#7494=CARTESIAN_POINT('',(5.25,-5.41991189256323,0.299999999999989));
#7495=CARTESIAN_POINT('',(5.25,-6.1,0.299999999999989));
#7496=CARTESIAN_POINT('',(5.25,-5.41991189256323,0.299999999999989));
#7497=CARTESIAN_POINT('',(4.75,-6.1,0.299999999999993));
#7498=CARTESIAN_POINT('',(4.75,-6.1,0.299999999999993));
#7499=CARTESIAN_POINT('',(4.75,-5.41991189256323,0.299999999999992));
#7500=CARTESIAN_POINT('',(4.75,-5.41991189256323,0.299999999999992));
#7501=CARTESIAN_POINT('',(4.75,-5.41991189256323,0.299999999999976));
#7502=CARTESIAN_POINT('Origin',(5.25,-5.41991189256323,0.299999999999989));
#7503=CARTESIAN_POINT('',(5.25,-5.41991189256323,0.799999999999989));
#7504=CARTESIAN_POINT('',(5.25,-6.1,0.799999999999989));
#7505=CARTESIAN_POINT('',(5.25,-5.41991189256323,0.799999999999989));
#7506=CARTESIAN_POINT('',(5.25,-6.1,0.299999999999989));
#7507=CARTESIAN_POINT('',(5.25,-5.41991189256323,0.299999999999972));
#7508=CARTESIAN_POINT('Origin',(4.75000000000001,-5.41991189256323,0.799999999999992));
#7509=CARTESIAN_POINT('',(4.75000000000001,-5.41991189256323,0.799999999999992));
#7510=CARTESIAN_POINT('',(4.75000000000001,-6.1,0.799999999999992));
#7511=CARTESIAN_POINT('',(4.75000000000001,-5.41991189256323,0.799999999999992));
#7512=CARTESIAN_POINT('',(4.75000000000001,-6.1,0.799999999999992));
#7513=CARTESIAN_POINT('',(4.75000000000001,-5.41991189256323,0.799999999999976));
#7514=CARTESIAN_POINT('Origin',(4.75,-5.41991189256323,0.299999999999992));
#7515=CARTESIAN_POINT('',(4.75,-6.1,0.299999999999992));
#7516=CARTESIAN_POINT('',(4.75,-5.41991189256323,0.299999999999976));
#7517=CARTESIAN_POINT('Origin',(5.,-5.41991189256323,0.84999999999999));
#7518=CARTESIAN_POINT('',(4.75,-5.34722184651317,0.304824654624544));
#7519=CARTESIAN_POINT('Origin',(4.75000000000001,-5.41991189256323,0.849999999999992));
#7520=CARTESIAN_POINT('',(5.25,-5.34722184651317,0.30482465462454));
#7521=CARTESIAN_POINT('',(4.75,-5.34722184651317,0.304824654624543));
#7522=CARTESIAN_POINT('Origin',(5.25,-5.41991189256323,0.849999999999988));
#7523=CARTESIAN_POINT('Origin',(5.25,-5.34722184651317,0.30482465462454));
#7524=CARTESIAN_POINT('',(5.25,-5.41330370655868,0.800438604965857));
#7525=CARTESIAN_POINT('',(5.25,-5.34722184651317,0.30482465462454));
#7526=CARTESIAN_POINT('Origin',(5.25,-5.41991189256323,0.849999999999988));
#7527=CARTESIAN_POINT('Origin',(5.,-5.41991189256323,0.84999999999999));
#7528=CARTESIAN_POINT('',(4.75000000000001,-5.41330370655868,0.800438604965861));
#7529=CARTESIAN_POINT('',(4.75000000000001,-5.41330370655868,0.800438604965861));
#7530=CARTESIAN_POINT('Origin',(4.75000000000001,-5.41991189256323,0.849999999999992));
#7531=CARTESIAN_POINT('Origin',(4.75,-5.34722184651317,0.304824654624544));
#7532=CARTESIAN_POINT('',(4.75,-5.34722184651317,0.304824654624543));
#7533=CARTESIAN_POINT('Origin',(4.75,-3.95832704539909,0.490010628106422));
#7534=CARTESIAN_POINT('',(4.75,-3.95832704539908,0.490010628106423));
#7535=CARTESIAN_POINT('',(4.75,-3.95832704539909,0.490010628106422));
#7536=CARTESIAN_POINT('',(5.25,-3.95832704539908,0.490010628106419));
#7537=CARTESIAN_POINT('',(4.75,-3.95832704539908,0.490010628106422));
#7538=CARTESIAN_POINT('',(5.25,-3.95832704539909,0.490010628106418));
#7539=CARTESIAN_POINT('Origin',(5.25,-3.95832704539909,0.490010628106418));
#7540=CARTESIAN_POINT('',(5.25000000000001,-4.02440890544459,0.985624578447736));
#7541=CARTESIAN_POINT('',(5.25,-3.95832704539908,0.490010628106418));
#7542=CARTESIAN_POINT('',(5.25000000000001,-4.02440890544459,0.985624578447736));
#7543=CARTESIAN_POINT('Origin',(4.75000000000001,-4.02440890544459,0.985624578447739));
#7544=CARTESIAN_POINT('',(4.75000000000001,-4.02440890544459,0.985624578447739));
#7545=CARTESIAN_POINT('',(4.75000000000001,-4.02440890544459,0.985624578447739));
#7546=CARTESIAN_POINT('',(4.75000000000001,-4.02440890544459,0.985624578447739));
#7547=CARTESIAN_POINT('Origin',(4.75,-3.95832704539909,0.490010628106422));
#7548=CARTESIAN_POINT('',(4.75,-3.95832704539908,0.490010628106422));
#7549=CARTESIAN_POINT('Origin',(5.,-3.95171885939453,0.440449233072288));
#7550=CARTESIAN_POINT('',(4.75,-3.92935817961953,0.485170592622285));
#7551=CARTESIAN_POINT('Origin',(4.75,-3.95171885939453,0.44044923307229));
#7552=CARTESIAN_POINT('',(5.25,-3.92935817961953,0.485170592622282));
#7553=CARTESIAN_POINT('',(4.75,-3.92935817961953,0.485170592622285));
#7554=CARTESIAN_POINT('Origin',(5.25,-3.95171885939453,0.440449233072286));
#7555=CARTESIAN_POINT('Origin',(5.25,-3.92935817961953,0.485170592622283));
#7556=CARTESIAN_POINT('',(5.25000000000001,-3.70575138186956,0.93238418812224));
#7557=CARTESIAN_POINT('',(5.25,-3.92935817961953,0.485170592622282));
#7558=CARTESIAN_POINT('Origin',(5.25,-3.95171885939453,0.440449233072286));
#7559=CARTESIAN_POINT('Origin',(5.,-3.95171885939453,0.440449233072288));
#7560=CARTESIAN_POINT('',(4.75000000000001,-3.70575138186956,0.932384188122243));
#7561=CARTESIAN_POINT('',(4.75000000000001,-3.70575138186956,0.932384188122243));
#7562=CARTESIAN_POINT('Origin',(4.75,-3.95171885939453,0.44044923307229));
#7563=CARTESIAN_POINT('Origin',(4.75,-3.92935817961953,0.485170592622286));
#7564=CARTESIAN_POINT('',(4.75,-3.92935817961953,0.485170592622285));
#7565=CARTESIAN_POINT('Origin',(4.75,-3.67514708427504,0.358065044950039));
#7566=CARTESIAN_POINT('',(4.75,-3.67514708427503,0.358065044950057));
#7567=CARTESIAN_POINT('',(4.75,-3.67514708427504,0.358065044950039));
#7568=CARTESIAN_POINT('',(5.25,-3.67514708427503,0.358065044950054));
#7569=CARTESIAN_POINT('',(4.75,-3.67514708427504,0.358065044950039));
#7570=CARTESIAN_POINT('',(5.25,-3.67514708427504,0.358065044950035));
#7571=CARTESIAN_POINT('Origin',(5.25,-3.67514708427504,0.358065044950035));
#7572=CARTESIAN_POINT('',(5.25,-3.45154028652505,0.805278640450011));
#7573=CARTESIAN_POINT('',(5.25,-3.67514708427504,0.358065044950036));
#7574=CARTESIAN_POINT('',(5.25,-3.45154028652506,0.805278640449994));
#7575=CARTESIAN_POINT('Origin',(4.75000000000001,-3.45154028652506,0.805278640449997));
#7576=CARTESIAN_POINT('',(4.75000000000001,-3.45154028652505,0.805278640450014));
#7577=CARTESIAN_POINT('',(4.75000000000001,-3.45154028652506,0.805278640449996));
#7578=CARTESIAN_POINT('',(4.75000000000001,-3.45154028652506,0.805278640449997));
#7579=CARTESIAN_POINT('Origin',(4.75,-3.67514708427504,0.358065044950039));
#7580=CARTESIAN_POINT('',(4.75,-3.67514708427504,0.358065044950039));
#7581=CARTESIAN_POINT('Origin',(5.,-3.42917960675006,0.84999999999999));
#7582=CARTESIAN_POINT('',(4.75,-3.42917960675006,0.299999999999994));
#7583=CARTESIAN_POINT('Origin',(4.75000000000001,-3.42917960675006,0.849999999999992));
#7584=CARTESIAN_POINT('',(5.25,-3.42917960675006,0.29999999999999));
#7585=CARTESIAN_POINT('',(4.75,-3.42917960675006,0.299999999999994));
#7586=CARTESIAN_POINT('Origin',(5.25,-3.42917960675006,0.849999999999988));
#7587=CARTESIAN_POINT('Origin',(5.25,-3.42917960675006,0.300000000000009));
#7588=CARTESIAN_POINT('',(5.25,-3.42917960675006,0.79999999999999));
#7589=CARTESIAN_POINT('',(5.25,-3.42917960675006,0.29999999999999));
#7590=CARTESIAN_POINT('Origin',(5.25,-3.42917960675006,0.849999999999988));
#7591=CARTESIAN_POINT('Origin',(5.,-3.42917960675006,0.84999999999999));
#7592=CARTESIAN_POINT('',(4.75000000000001,-3.42917960675006,0.799999999999993));
#7593=CARTESIAN_POINT('',(4.75000000000001,-3.42917960675006,0.799999999999993));
#7594=CARTESIAN_POINT('Origin',(4.75000000000001,-3.42917960675006,0.849999999999992));
#7595=CARTESIAN_POINT('Origin',(4.75,-3.42917960675006,0.300000000000013));
#7596=CARTESIAN_POINT('',(4.75,-3.42917960675006,0.299999999999994));
#7597=CARTESIAN_POINT('Origin',(4.75,2.,0.299999999999993));
#7598=CARTESIAN_POINT('',(4.75,1.7,0.299999999999993));
#7599=CARTESIAN_POINT('',(4.75,2.,0.299999999999993));
#7600=CARTESIAN_POINT('',(5.25,1.7,0.299999999999989));
#7601=CARTESIAN_POINT('',(5.25,1.7,0.299999999999989));
#7602=CARTESIAN_POINT('',(5.25,2.,0.299999999999989));
#7603=CARTESIAN_POINT('Origin',(5.25,2.,0.299999999999989));
#7604=CARTESIAN_POINT('',(5.25,1.7,0.799999999999989));
#7605=CARTESIAN_POINT('',(5.25,1.7,0.799999999999989));
#7606=CARTESIAN_POINT('',(5.25,2.,0.799999999999989));
#7607=CARTESIAN_POINT('Origin',(4.75000000000001,2.,0.799999999999993));
#7608=CARTESIAN_POINT('',(4.75000000000001,1.7,0.799999999999993));
#7609=CARTESIAN_POINT('',(4.75000000000001,1.7,0.799999999999993));
#7610=CARTESIAN_POINT('',(4.75000000000001,2.,0.799999999999993));
#7611=CARTESIAN_POINT('Origin',(4.75,2.,0.299999999999993));
#7612=CARTESIAN_POINT('',(4.75,1.7,0.299999999999993));
#7613=CARTESIAN_POINT('Origin',(6.00000000000001,-6.4,1.09999999999998));
#7614=CARTESIAN_POINT('',(4.85919107027987,-6.4,0.69080892972013));
#7615=CARTESIAN_POINT('',(4.85919107027986,-6.4,0.409191070279853));
#7616=CARTESIAN_POINT('',(4.85919107027987,-6.4,1.09999999999999));
#7617=CARTESIAN_POINT('',(5.14080892972014,-6.4,0.409191070279851));
#7618=CARTESIAN_POINT('',(6.,-6.4,0.409191070279845));
#7619=CARTESIAN_POINT('',(5.14080892972014,-6.4,0.690808929720129));
#7620=CARTESIAN_POINT('',(5.14080892972015,-6.4,1.09999999999999));
#7621=CARTESIAN_POINT('',(6.,-6.4,0.690808929720123));
#7622=CARTESIAN_POINT('Origin',(6.00000000000001,2.,1.09999999999998));
#7623=CARTESIAN_POINT('',(4.85919107027986,2.,0.409191070279853));
#7624=CARTESIAN_POINT('',(4.85919107027987,2.,0.690808929720131));
#7625=CARTESIAN_POINT('',(4.85919107027987,2.,0.799999999999992));
#7626=CARTESIAN_POINT('',(5.14080892972014,2.,0.690808929720129));
#7627=CARTESIAN_POINT('',(5.25,2.,0.690808929720128));
#7628=CARTESIAN_POINT('',(5.14080892972014,2.,0.409191070279851));
#7629=CARTESIAN_POINT('',(5.14080892972014,2.,0.29999999999999));
#7630=CARTESIAN_POINT('',(4.75,2.,0.409191070279854));
#7631=CARTESIAN_POINT('Origin',(4.75000000000001,-6.1,0.799999999999992));
#7632=CARTESIAN_POINT('',(4.75000000000001,-6.1,0.799999999999992));
#7633=CARTESIAN_POINT('',(5.19763647912324,-6.24386759121206,0.747636479123222));
#7634=CARTESIAN_POINT('Origin',(5.25,-6.1,0.299999999999989));
#7635=CARTESIAN_POINT('',(5.25,-6.1,0.299999999999989));
#7636=CARTESIAN_POINT('Origin',(4.75,-6.1,0.299999999999992));
#7637=CARTESIAN_POINT('',(4.75,-6.1,0.299999999999993));
#7638=CARTESIAN_POINT('Origin',(4.75,-6.1,0.299999999999993));
#7639=CARTESIAN_POINT('Origin',(6.,2.,0.409191070279845));
#7640=CARTESIAN_POINT('',(5.06846255409363,2.19877003341324,0.481537445906367));
#7641=CARTESIAN_POINT('',(4.97866461469547,2.32825086550409,0.528664614695459));
#7642=CARTESIAN_POINT('Origin',(4.85919107027987,2.,1.09999999999999));
#7643=CARTESIAN_POINT('',(4.81633769997749,1.88226133274671,0.733662300022504));
#7644=CARTESIAN_POINT('Origin',(5.14080892972015,2.,1.09999999999999));
#7645=CARTESIAN_POINT('',(5.18366230002252,1.88226133274671,0.733662300022501));
#7646=CARTESIAN_POINT('Origin',(6.,2.,0.690808929720123));
#7647=CARTESIAN_POINT('',(-3.,3.,2.16840434497101E-16));
#7648=CARTESIAN_POINT('',(0.,0.,0.));
#7649=CARTESIAN_POINT('Origin',(-0.32,0.,0.32));
#7650=CARTESIAN_POINT('',(-0.32,0.,0.32));
#7651=CARTESIAN_POINT('',(0.32,0.,0.32));
#7652=CARTESIAN_POINT('',(-0.32,0.,0.32));
#7653=CARTESIAN_POINT('',(0.32,15.45,0.32));
#7654=CARTESIAN_POINT('',(0.32,0.,0.32));
#7655=CARTESIAN_POINT('',(-0.32,15.45,0.32));
#7656=CARTESIAN_POINT('',(-0.32,15.45,0.32));
#7657=CARTESIAN_POINT('',(-0.32,0.,0.32));
#7658=CARTESIAN_POINT('Origin',(-0.32,0.,-0.32));
#7659=CARTESIAN_POINT('',(-0.32,0.,-0.32));
#7660=CARTESIAN_POINT('',(-0.32,0.,-0.32));
#7661=CARTESIAN_POINT('',(-0.32,15.45,-0.32));
#7662=CARTESIAN_POINT('',(-0.32,15.45,-0.32));
#7663=CARTESIAN_POINT('',(-0.32,0.,-0.32));
#7664=CARTESIAN_POINT('Origin',(0.32,0.,-0.32));
#7665=CARTESIAN_POINT('',(0.32,0.,-0.32));
#7666=CARTESIAN_POINT('',(0.32,0.,-0.32));
#7667=CARTESIAN_POINT('',(0.32,15.45,-0.32));
#7668=CARTESIAN_POINT('',(0.32,15.45,-0.32));
#7669=CARTESIAN_POINT('',(0.32,0.,-0.32));
#7670=CARTESIAN_POINT('Origin',(0.32,0.,0.32));
#7671=CARTESIAN_POINT('',(0.32,0.,0.32));
#7672=CARTESIAN_POINT('',(0.32,15.45,0.32));
#7673=CARTESIAN_POINT('Origin',(0.,15.45,0.));
#7674=CARTESIAN_POINT('Origin',(0.,0.,0.));
#7675=CARTESIAN_POINT('',(-4.68815095251573,2.25,-0.476108848959631));
#7676=CARTESIAN_POINT('',(-0.688150952515725,-14.,-3.55610884895964));
#7677=CARTESIAN_POINT('',(-2.68815095251572,-14.,-3.55610884895963));
#7678=CARTESIAN_POINT('',(-4.68815095251573,-14.,-3.55610884895962));
#7679=CARTESIAN_POINT('',(-6.68815095251573,-14.,-3.55610884895963));
#7680=CARTESIAN_POINT('',(-8.68815095251572,-14.,-3.55610884895964));
#7681=UNCERTAINTY_MEASURE_WITH_UNIT(LENGTH_MEASURE(0.01),#7691,
'DISTANCE_ACCURACY_VALUE',
'Maximum model space distance between geometric entities at asserted c
onnectivities');
#7682=UNCERTAINTY_MEASURE_WITH_UNIT(LENGTH_MEASURE(0.01),#7691,
'DISTANCE_ACCURACY_VALUE',
'Maximum model space distance between geometric entities at asserted c
onnectivities');
#7683=UNCERTAINTY_MEASURE_WITH_UNIT(LENGTH_MEASURE(0.01),#7691,
'DISTANCE_ACCURACY_VALUE',
'Maximum model space distance between geometric entities at asserted c
onnectivities');
#7684=UNCERTAINTY_MEASURE_WITH_UNIT(LENGTH_MEASURE(0.01),#7691,
'DISTANCE_ACCURACY_VALUE',
'Maximum model space distance between geometric entities at asserted c
onnectivities');
#7685=UNCERTAINTY_MEASURE_WITH_UNIT(LENGTH_MEASURE(0.01),#7691,
'DISTANCE_ACCURACY_VALUE',
'Maximum model space distance between geometric entities at asserted c
onnectivities');
#7686=(
GEOMETRIC_REPRESENTATION_CONTEXT(3)
GLOBAL_UNCERTAINTY_ASSIGNED_CONTEXT((#7681))
GLOBAL_UNIT_ASSIGNED_CONTEXT((#7691,#7693,#7694))
REPRESENTATION_CONTEXT('','3D')
);
#7687=(
GEOMETRIC_REPRESENTATION_CONTEXT(3)
GLOBAL_UNCERTAINTY_ASSIGNED_CONTEXT((#7682))
GLOBAL_UNIT_ASSIGNED_CONTEXT((#7691,#7693,#7694))
REPRESENTATION_CONTEXT('','3D')
);
#7688=(
GEOMETRIC_REPRESENTATION_CONTEXT(3)
GLOBAL_UNCERTAINTY_ASSIGNED_CONTEXT((#7683))
GLOBAL_UNIT_ASSIGNED_CONTEXT((#7691,#7693,#7694))
REPRESENTATION_CONTEXT('','3D')
);
#7689=(
GEOMETRIC_REPRESENTATION_CONTEXT(3)
GLOBAL_UNCERTAINTY_ASSIGNED_CONTEXT((#7684))
GLOBAL_UNIT_ASSIGNED_CONTEXT((#7691,#7693,#7694))
REPRESENTATION_CONTEXT('','3D')
);
#7690=(
GEOMETRIC_REPRESENTATION_CONTEXT(3)
GLOBAL_UNCERTAINTY_ASSIGNED_CONTEXT((#7685))
GLOBAL_UNIT_ASSIGNED_CONTEXT((#7691,#7693,#7694))
REPRESENTATION_CONTEXT('','3D')
);
#7691=(
LENGTH_UNIT()
NAMED_UNIT(*)
SI_UNIT(.MILLI.,.METRE.)
);
#7692=(
LENGTH_UNIT()
NAMED_UNIT(*)
SI_UNIT(.CENTI.,.METRE.)
);
#7693=(
NAMED_UNIT(*)
PLANE_ANGLE_UNIT()
SI_UNIT($,.RADIAN.)
);
#7694=(
NAMED_UNIT(*)
SI_UNIT($,.STERADIAN.)
SOLID_ANGLE_UNIT()
);
#7695=SHAPE_DEFINITION_REPRESENTATION(#7699,#7710);
#7696=SHAPE_DEFINITION_REPRESENTATION(#7700,#7711);
#7697=SHAPE_DEFINITION_REPRESENTATION(#7701,#7712);
#7698=SHAPE_DEFINITION_REPRESENTATION(#7703,#7713);
#7699=PRODUCT_DEFINITION_SHAPE('',$,#7715);
#7700=PRODUCT_DEFINITION_SHAPE('',$,#7716);
#7701=PRODUCT_DEFINITION_SHAPE('',$,#7717);
#7702=PRODUCT_DEFINITION_SHAPE($,$,#32);
#7703=PRODUCT_DEFINITION_SHAPE('',$,#7718);
#7704=PRODUCT_DEFINITION_SHAPE($,$,#33);
#7705=PRODUCT_DEFINITION_SHAPE($,$,#34);
#7706=PRODUCT_DEFINITION_SHAPE($,$,#35);
#7707=PRODUCT_DEFINITION_SHAPE($,$,#36);
#7708=PRODUCT_DEFINITION_SHAPE($,$,#37);
#7709=PRODUCT_DEFINITION_SHAPE($,$,#38);
#7710=SHAPE_REPRESENTATION('',(#4757,#5105,#5106,#5107,#5108,#5109,#5110),
#7686);
#7711=SHAPE_REPRESENTATION('',(#4758,#5097),#7687);
#7712=SHAPE_REPRESENTATION('',(#4759),#7688);
#7713=SHAPE_REPRESENTATION('',(#5098),#7689);
#7714=PRODUCT_DEFINITION_CONTEXT('part definition',#7728,'design');
#7715=PRODUCT_DEFINITION('jst-ph-5p','jst-ph-5p',#7719,#7714);
#7716=PRODUCT_DEFINITION('B5B-PH-K-S','B5B-PH-K-S',#7720,#7714);
#7717=PRODUCT_DEFINITION('B5B-PH-K-S(LF)(SN)','B5B-PH-K-S(LF)(SN)',#7721,
#7714);
#7718=PRODUCT_DEFINITION('jst-ph-5p_wire','jst-ph-5p_wire',#7722,#7714);
#7719=PRODUCT_DEFINITION_FORMATION('',$,#7730);
#7720=PRODUCT_DEFINITION_FORMATION('ANY',$,#7731);
#7721=PRODUCT_DEFINITION_FORMATION('ANY',$,#7732);
#7722=PRODUCT_DEFINITION_FORMATION('',$,#7733);
#7723=PRODUCT_RELATED_PRODUCT_CATEGORY('jst-ph-5p','jst-ph-5p',(#7730));
#7724=PRODUCT_RELATED_PRODUCT_CATEGORY('B5B-PH-K-S','B5B-PH-K-S',(#7731));
#7725=PRODUCT_RELATED_PRODUCT_CATEGORY('B5B-PH-K-S(LF)(SN)',
'B5B-PH-K-S(LF)(SN)',(#7732));
#7726=PRODUCT_RELATED_PRODUCT_CATEGORY('jst-ph-5p_wire',
'jst-ph-5p_wire',(#7733));
#7727=APPLICATION_PROTOCOL_DEFINITION('international standard',
'automotive_design',2009,#7728);
#7728=APPLICATION_CONTEXT(
'Core Data for Automotive Mechanical Design Process');
#7729=PRODUCT_CONTEXT('part definition',#7728,'mechanical');
#7730=PRODUCT('jst-ph-5p','jst-ph-5p',$,(#7729));
#7731=PRODUCT('B5B-PH-K-S','B5B-PH-K-S','STEP AP214',(#7729));
#7732=PRODUCT('B5B-PH-K-S(LF)(SN)','B5B-PH-K-S(LF)(SN)',$,(#7729));
#7733=PRODUCT('jst-ph-5p_wire','jst-ph-5p_wire',$,(#7729));
ENDSEC;
END-ISO-10303-21;
