ISO-10303-21;
HEADER;
/* Generated by software containing ST-Developer
 * from STEP Tools, Inc. (www.steptools.com) 
 */

FILE_DESCRIPTION(
/* description */ (''),
/* implementation_level */ '2;1');

FILE_NAME(
/* name */ 'jst-vh-2p.step',
/* time_stamp */ '2026-01-02T10:25:10Z',
/* author */ ('sam'),
/* organization */ (''),
/* preprocessor_version */ 'ST-DEVELOPER v20',
/* originating_system */ 'Autodesk Inventor 2025',
/* authorisation */ '');

FILE_SCHEMA (('AUTOMOTIVE_DESIGN { 1 0 10303 214 3 1 1 }'));
ENDSEC;

DATA;
#10=MECHANICAL_DESIGN_GEOMETRIC_PRESENTATION_REPRESENTATION('',(#43,#44,
#45,#46),#3008);
#11=ITEM_DEFINED_TRANSFORMATION($,$,#1927,#1968);
#12=ITEM_DEFINED_TRANSFORMATION($,$,#1953,#1969);
#13=ITEM_DEFINED_TRANSFORMATION($,$,#1953,#1970);
#14=ITEM_DEFINED_TRANSFORMATION($,$,#1926,#2029);
#15=ITEM_DEFINED_TRANSFORMATION($,$,#1971,#2030);
#16=ITEM_DEFINED_TRANSFORMATION($,$,#2000,#2031);
#17=(
REPRESENTATION_RELATIONSHIP($,$,#3033,#3032)
REPRESENTATION_RELATIONSHIP_WITH_TRANSFORMATION(#11)
SHAPE_REPRESENTATION_RELATIONSHIP()
);
#18=(
REPRESENTATION_RELATIONSHIP($,$,#3034,#3032)
REPRESENTATION_RELATIONSHIP_WITH_TRANSFORMATION(#12)
SHAPE_REPRESENTATION_RELATIONSHIP()
);
#19=(
REPRESENTATION_RELATIONSHIP($,$,#3034,#3032)
REPRESENTATION_RELATIONSHIP_WITH_TRANSFORMATION(#13)
SHAPE_REPRESENTATION_RELATIONSHIP()
);
#20=(
REPRESENTATION_RELATIONSHIP($,$,#3032,#3031)
REPRESENTATION_RELATIONSHIP_WITH_TRANSFORMATION(#14)
SHAPE_REPRESENTATION_RELATIONSHIP()
);
#21=(
REPRESENTATION_RELATIONSHIP($,$,#3035,#3031)
REPRESENTATION_RELATIONSHIP_WITH_TRANSFORMATION(#15)
SHAPE_REPRESENTATION_RELATIONSHIP()
);
#22=(
REPRESENTATION_RELATIONSHIP($,$,#3036,#3031)
REPRESENTATION_RELATIONSHIP_WITH_TRANSFORMATION(#16)
SHAPE_REPRESENTATION_RELATIONSHIP()
);
#23=CONTEXT_DEPENDENT_SHAPE_REPRESENTATION(#17,#3023);
#24=CONTEXT_DEPENDENT_SHAPE_REPRESENTATION(#18,#3024);
#25=CONTEXT_DEPENDENT_SHAPE_REPRESENTATION(#19,#3025);
#26=CONTEXT_DEPENDENT_SHAPE_REPRESENTATION(#20,#3028);
#27=CONTEXT_DEPENDENT_SHAPE_REPRESENTATION(#21,#3029);
#28=CONTEXT_DEPENDENT_SHAPE_REPRESENTATION(#22,#3030);
#29=NEXT_ASSEMBLY_USAGE_OCCURRENCE('BxP-VH_2_1','BxP-VH_2_1',
'BxP-VH_2_1',#3039,#3040,'BxP-VH_2_1');
#30=NEXT_ASSEMBLY_USAGE_OCCURRENCE('pin_2','pin_2','pin_2',#3039,#3041,
'pin_2');
#31=NEXT_ASSEMBLY_USAGE_OCCURRENCE('pin_3','pin_3','pin_3',#3039,#3041,
'pin_3');
#32=NEXT_ASSEMBLY_USAGE_OCCURRENCE('B2P-VH:1','B2P-VH:1','B2P-VH:1',#3038,
#3039,'B2P-VH:1');
#33=NEXT_ASSEMBLY_USAGE_OCCURRENCE('jst-vh-2p_wire:1',
'jst-vh-2p_wire:1','jst-vh-2p_wire:1',#3038,#3042,'jst-vh-2p_wire:1');
#34=NEXT_ASSEMBLY_USAGE_OCCURRENCE('jst-vh-2p_wire_MIR:1',
'jst-vh-2p_wire_MIR:1','jst-vh-2p_wire_MIR:1',#3038,#3043,
'jst-vh-2p_wire_MIR:1');
#35=SHAPE_REPRESENTATION_RELATIONSHIP('SRR','None',#3033,#39);
#36=SHAPE_REPRESENTATION_RELATIONSHIP('SRR','None',#3034,#40);
#37=SHAPE_REPRESENTATION_RELATIONSHIP('SRR','None',#3035,#41);
#38=SHAPE_REPRESENTATION_RELATIONSHIP('SRR','None',#3036,#42);
#39=ADVANCED_BREP_SHAPE_REPRESENTATION('',(#47),#3004);
#40=ADVANCED_BREP_SHAPE_REPRESENTATION('',(#48),#3005);
#41=ADVANCED_BREP_SHAPE_REPRESENTATION('',(#49),#3006);
#42=ADVANCED_BREP_SHAPE_REPRESENTATION('',(#50),#3007);
#43=STYLED_ITEM('',(#1863),#47);
#44=STYLED_ITEM('',(#1864),#48);
#45=STYLED_ITEM('',(#1862),#49);
#46=STYLED_ITEM('',(#1862),#50);
#47=MANIFOLD_SOLID_BREP('Solid1',#1810);
#48=MANIFOLD_SOLID_BREP('Solid1',#1811);
#49=MANIFOLD_SOLID_BREP('Solid1',#1812);
#50=MANIFOLD_SOLID_BREP('Solid1',#1813);
#51=FACE_BOUND('',#164,.T.);
#52=FACE_BOUND('',#165,.T.);
#53=FACE_BOUND('',#167,.T.);
#54=FACE_BOUND('',#168,.T.);
#55=FACE_OUTER_BOUND('',#150,.T.);
#56=FACE_OUTER_BOUND('',#151,.T.);
#57=FACE_OUTER_BOUND('',#152,.T.);
#58=FACE_OUTER_BOUND('',#153,.T.);
#59=FACE_OUTER_BOUND('',#154,.T.);
#60=FACE_OUTER_BOUND('',#155,.T.);
#61=FACE_OUTER_BOUND('',#156,.T.);
#62=FACE_OUTER_BOUND('',#157,.T.);
#63=FACE_OUTER_BOUND('',#158,.T.);
#64=FACE_OUTER_BOUND('',#159,.T.);
#65=FACE_OUTER_BOUND('',#160,.T.);
#66=FACE_OUTER_BOUND('',#161,.T.);
#67=FACE_OUTER_BOUND('',#162,.T.);
#68=FACE_OUTER_BOUND('',#163,.T.);
#69=FACE_OUTER_BOUND('',#166,.T.);
#70=FACE_OUTER_BOUND('',#169,.T.);
#71=FACE_OUTER_BOUND('',#170,.T.);
#72=FACE_OUTER_BOUND('',#171,.T.);
#73=FACE_OUTER_BOUND('',#172,.T.);
#74=FACE_OUTER_BOUND('',#173,.T.);
#75=FACE_OUTER_BOUND('',#174,.T.);
#76=FACE_OUTER_BOUND('',#175,.T.);
#77=FACE_OUTER_BOUND('',#176,.T.);
#78=FACE_OUTER_BOUND('',#177,.T.);
#79=FACE_OUTER_BOUND('',#178,.T.);
#80=FACE_OUTER_BOUND('',#179,.T.);
#81=FACE_OUTER_BOUND('',#180,.T.);
#82=FACE_OUTER_BOUND('',#181,.T.);
#83=FACE_OUTER_BOUND('',#182,.T.);
#84=FACE_OUTER_BOUND('',#183,.T.);
#85=FACE_OUTER_BOUND('',#184,.T.);
#86=FACE_OUTER_BOUND('',#185,.T.);
#87=FACE_OUTER_BOUND('',#186,.T.);
#88=FACE_OUTER_BOUND('',#187,.T.);
#89=FACE_OUTER_BOUND('',#188,.T.);
#90=FACE_OUTER_BOUND('',#189,.T.);
#91=FACE_OUTER_BOUND('',#190,.T.);
#92=FACE_OUTER_BOUND('',#191,.T.);
#93=FACE_OUTER_BOUND('',#192,.T.);
#94=FACE_OUTER_BOUND('',#193,.T.);
#95=FACE_OUTER_BOUND('',#194,.T.);
#96=FACE_OUTER_BOUND('',#195,.T.);
#97=FACE_OUTER_BOUND('',#196,.T.);
#98=FACE_OUTER_BOUND('',#197,.T.);
#99=FACE_OUTER_BOUND('',#198,.T.);
#100=FACE_OUTER_BOUND('',#199,.T.);
#101=FACE_OUTER_BOUND('',#200,.T.);
#102=FACE_OUTER_BOUND('',#201,.T.);
#103=FACE_OUTER_BOUND('',#202,.T.);
#104=FACE_OUTER_BOUND('',#203,.T.);
#105=FACE_OUTER_BOUND('',#204,.T.);
#106=FACE_OUTER_BOUND('',#205,.T.);
#107=FACE_OUTER_BOUND('',#206,.T.);
#108=FACE_OUTER_BOUND('',#207,.T.);
#109=FACE_OUTER_BOUND('',#208,.T.);
#110=FACE_OUTER_BOUND('',#209,.T.);
#111=FACE_OUTER_BOUND('',#210,.T.);
#112=FACE_OUTER_BOUND('',#211,.T.);
#113=FACE_OUTER_BOUND('',#212,.T.);
#114=FACE_OUTER_BOUND('',#213,.T.);
#115=FACE_OUTER_BOUND('',#214,.T.);
#116=FACE_OUTER_BOUND('',#215,.T.);
#117=FACE_OUTER_BOUND('',#216,.T.);
#118=FACE_OUTER_BOUND('',#217,.T.);
#119=FACE_OUTER_BOUND('',#218,.T.);
#120=FACE_OUTER_BOUND('',#219,.T.);
#121=FACE_OUTER_BOUND('',#220,.T.);
#122=FACE_OUTER_BOUND('',#221,.T.);
#123=FACE_OUTER_BOUND('',#222,.T.);
#124=FACE_OUTER_BOUND('',#223,.T.);
#125=FACE_OUTER_BOUND('',#224,.T.);
#126=FACE_OUTER_BOUND('',#225,.T.);
#127=FACE_OUTER_BOUND('',#226,.T.);
#128=FACE_OUTER_BOUND('',#227,.T.);
#129=FACE_OUTER_BOUND('',#228,.T.);
#130=FACE_OUTER_BOUND('',#229,.T.);
#131=FACE_OUTER_BOUND('',#230,.T.);
#132=FACE_OUTER_BOUND('',#231,.T.);
#133=FACE_OUTER_BOUND('',#232,.T.);
#134=FACE_OUTER_BOUND('',#233,.T.);
#135=FACE_OUTER_BOUND('',#234,.T.);
#136=FACE_OUTER_BOUND('',#235,.T.);
#137=FACE_OUTER_BOUND('',#236,.T.);
#138=FACE_OUTER_BOUND('',#237,.T.);
#139=FACE_OUTER_BOUND('',#238,.T.);
#140=FACE_OUTER_BOUND('',#239,.T.);
#141=FACE_OUTER_BOUND('',#240,.T.);
#142=FACE_OUTER_BOUND('',#241,.T.);
#143=FACE_OUTER_BOUND('',#242,.T.);
#144=FACE_OUTER_BOUND('',#243,.T.);
#145=FACE_OUTER_BOUND('',#244,.T.);
#146=FACE_OUTER_BOUND('',#245,.T.);
#147=FACE_OUTER_BOUND('',#246,.T.);
#148=FACE_OUTER_BOUND('',#247,.T.);
#149=FACE_OUTER_BOUND('',#248,.T.);
#150=EDGE_LOOP('',(#1134,#1135,#1136,#1137,#1138,#1139,#1140,#1141,#1142,
#1143));
#151=EDGE_LOOP('',(#1144,#1145,#1146,#1147));
#152=EDGE_LOOP('',(#1148,#1149,#1150,#1151));
#153=EDGE_LOOP('',(#1152,#1153,#1154,#1155));
#154=EDGE_LOOP('',(#1156,#1157,#1158,#1159));
#155=EDGE_LOOP('',(#1160,#1161,#1162,#1163));
#156=EDGE_LOOP('',(#1164,#1165,#1166,#1167));
#157=EDGE_LOOP('',(#1168,#1169,#1170,#1171));
#158=EDGE_LOOP('',(#1172,#1173,#1174,#1175));
#159=EDGE_LOOP('',(#1176,#1177,#1178,#1179));
#160=EDGE_LOOP('',(#1180,#1181,#1182,#1183));
#161=EDGE_LOOP('',(#1184,#1185,#1186,#1187));
#162=EDGE_LOOP('',(#1188,#1189,#1190,#1191));
#163=EDGE_LOOP('',(#1192,#1193,#1194,#1195,#1196,#1197));
#164=EDGE_LOOP('',(#1198,#1199,#1200,#1201));
#165=EDGE_LOOP('',(#1202,#1203,#1204,#1205));
#166=EDGE_LOOP('',(#1206,#1207,#1208,#1209,#1210,#1211,#1212,#1213));
#167=EDGE_LOOP('',(#1214,#1215,#1216,#1217));
#168=EDGE_LOOP('',(#1218,#1219,#1220,#1221));
#169=EDGE_LOOP('',(#1222,#1223,#1224,#1225));
#170=EDGE_LOOP('',(#1226,#1227,#1228,#1229));
#171=EDGE_LOOP('',(#1230,#1231,#1232,#1233));
#172=EDGE_LOOP('',(#1234,#1235,#1236,#1237));
#173=EDGE_LOOP('',(#1238,#1239,#1240,#1241));
#174=EDGE_LOOP('',(#1242,#1243,#1244,#1245));
#175=EDGE_LOOP('',(#1246,#1247,#1248,#1249));
#176=EDGE_LOOP('',(#1250,#1251,#1252,#1253));
#177=EDGE_LOOP('',(#1254,#1255,#1256,#1257));
#178=EDGE_LOOP('',(#1258,#1259,#1260,#1261,#1262,#1263,#1264,#1265,#1266,
#1267));
#179=EDGE_LOOP('',(#1268,#1269,#1270,#1271));
#180=EDGE_LOOP('',(#1272,#1273,#1274,#1275));
#181=EDGE_LOOP('',(#1276,#1277,#1278,#1279));
#182=EDGE_LOOP('',(#1280,#1281,#1282,#1283));
#183=EDGE_LOOP('',(#1284,#1285,#1286,#1287));
#184=EDGE_LOOP('',(#1288,#1289,#1290,#1291));
#185=EDGE_LOOP('',(#1292,#1293,#1294,#1295));
#186=EDGE_LOOP('',(#1296,#1297,#1298,#1299));
#187=EDGE_LOOP('',(#1300,#1301,#1302,#1303));
#188=EDGE_LOOP('',(#1304,#1305,#1306,#1307));
#189=EDGE_LOOP('',(#1308,#1309,#1310,#1311));
#190=EDGE_LOOP('',(#1312,#1313,#1314,#1315));
#191=EDGE_LOOP('',(#1316,#1317,#1318,#1319));
#192=EDGE_LOOP('',(#1320,#1321,#1322,#1323));
#193=EDGE_LOOP('',(#1324,#1325,#1326,#1327));
#194=EDGE_LOOP('',(#1328,#1329,#1330,#1331));
#195=EDGE_LOOP('',(#1332,#1333,#1334,#1335));
#196=EDGE_LOOP('',(#1336,#1337,#1338,#1339));
#197=EDGE_LOOP('',(#1340,#1341,#1342,#1343));
#198=EDGE_LOOP('',(#1344,#1345,#1346,#1347));
#199=EDGE_LOOP('',(#1348,#1349,#1350,#1351));
#200=EDGE_LOOP('',(#1352,#1353,#1354,#1355));
#201=EDGE_LOOP('',(#1356,#1357,#1358,#1359));
#202=EDGE_LOOP('',(#1360,#1361,#1362,#1363));
#203=EDGE_LOOP('',(#1364,#1365,#1366,#1367));
#204=EDGE_LOOP('',(#1368,#1369,#1370,#1371));
#205=EDGE_LOOP('',(#1372,#1373,#1374,#1375));
#206=EDGE_LOOP('',(#1376,#1377,#1378,#1379,#1380,#1381,#1382,#1383,#1384,
#1385,#1386,#1387,#1388,#1389));
#207=EDGE_LOOP('',(#1390,#1391,#1392,#1393,#1394,#1395,#1396,#1397,#1398,
#1399,#1400,#1401,#1402,#1403));
#208=EDGE_LOOP('',(#1404,#1405,#1406,#1407));
#209=EDGE_LOOP('',(#1408,#1409,#1410,#1411));
#210=EDGE_LOOP('',(#1412,#1413,#1414,#1415));
#211=EDGE_LOOP('',(#1416,#1417,#1418,#1419));
#212=EDGE_LOOP('',(#1420,#1421,#1422,#1423));
#213=EDGE_LOOP('',(#1424,#1425,#1426,#1427));
#214=EDGE_LOOP('',(#1428,#1429,#1430,#1431));
#215=EDGE_LOOP('',(#1432,#1433,#1434,#1435));
#216=EDGE_LOOP('',(#1436,#1437,#1438,#1439));
#217=EDGE_LOOP('',(#1440,#1441,#1442,#1443));
#218=EDGE_LOOP('',(#1444,#1445,#1446,#1447));
#219=EDGE_LOOP('',(#1448,#1449,#1450,#1451,#1452,#1453,#1454,#1455,#1456,
#1457,#1458,#1459));
#220=EDGE_LOOP('',(#1460,#1461,#1462,#1463,#1464,#1465,#1466,#1467,#1468,
#1469,#1470,#1471));
#221=EDGE_LOOP('',(#1472,#1473,#1474,#1475));
#222=EDGE_LOOP('',(#1476,#1477,#1478,#1479));
#223=EDGE_LOOP('',(#1480,#1481,#1482,#1483));
#224=EDGE_LOOP('',(#1484,#1485,#1486,#1487));
#225=EDGE_LOOP('',(#1488,#1489,#1490,#1491));
#226=EDGE_LOOP('',(#1492,#1493,#1494,#1495));
#227=EDGE_LOOP('',(#1496,#1497,#1498,#1499));
#228=EDGE_LOOP('',(#1500,#1501,#1502,#1503));
#229=EDGE_LOOP('',(#1504,#1505,#1506,#1507));
#230=EDGE_LOOP('',(#1508,#1509,#1510,#1511));
#231=EDGE_LOOP('',(#1512,#1513,#1514,#1515));
#232=EDGE_LOOP('',(#1516,#1517,#1518,#1519));
#233=EDGE_LOOP('',(#1520,#1521,#1522,#1523));
#234=EDGE_LOOP('',(#1524,#1525,#1526,#1527,#1528,#1529,#1530,#1531,#1532,
#1533,#1534,#1535,#1536,#1537));
#235=EDGE_LOOP('',(#1538,#1539,#1540,#1541,#1542,#1543,#1544,#1545,#1546,
#1547,#1548,#1549,#1550,#1551));
#236=EDGE_LOOP('',(#1552,#1553,#1554,#1555));
#237=EDGE_LOOP('',(#1556,#1557,#1558,#1559));
#238=EDGE_LOOP('',(#1560,#1561,#1562,#1563));
#239=EDGE_LOOP('',(#1564,#1565,#1566,#1567));
#240=EDGE_LOOP('',(#1568,#1569,#1570,#1571));
#241=EDGE_LOOP('',(#1572,#1573,#1574,#1575));
#242=EDGE_LOOP('',(#1576,#1577,#1578,#1579));
#243=EDGE_LOOP('',(#1580,#1581,#1582,#1583));
#244=EDGE_LOOP('',(#1584,#1585,#1586,#1587));
#245=EDGE_LOOP('',(#1588,#1589,#1590,#1591));
#246=EDGE_LOOP('',(#1592,#1593,#1594,#1595));
#247=EDGE_LOOP('',(#1596,#1597,#1598,#1599,#1600,#1601,#1602,#1603,#1604,
#1605,#1606,#1607));
#248=EDGE_LOOP('',(#1608,#1609,#1610,#1611,#1612,#1613,#1614,#1615,#1616,
#1617,#1618,#1619));
#249=LINE('',#2495,#492);
#250=LINE('',#2497,#493);
#251=LINE('',#2499,#494);
#252=LINE('',#2501,#495);
#253=LINE('',#2503,#496);
#254=LINE('',#2505,#497);
#255=LINE('',#2507,#498);
#256=LINE('',#2509,#499);
#257=LINE('',#2511,#500);
#258=LINE('',#2512,#501);
#259=LINE('',#2515,#502);
#260=LINE('',#2517,#503);
#261=LINE('',#2518,#504);
#262=LINE('',#2521,#505);
#263=LINE('',#2522,#506);
#264=LINE('',#2525,#507);
#265=LINE('',#2526,#508);
#266=LINE('',#2529,#509);
#267=LINE('',#2530,#510);
#268=LINE('',#2533,#511);
#269=LINE('',#2534,#512);
#270=LINE('',#2537,#513);
#271=LINE('',#2538,#514);
#272=LINE('',#2541,#515);
#273=LINE('',#2542,#516);
#274=LINE('',#2545,#517);
#275=LINE('',#2546,#518);
#276=LINE('',#2550,#519);
#277=LINE('',#2552,#520);
#278=LINE('',#2554,#521);
#279=LINE('',#2555,#522);
#280=LINE('',#2558,#523);
#281=LINE('',#2560,#524);
#282=LINE('',#2561,#525);
#283=LINE('',#2564,#526);
#284=LINE('',#2566,#527);
#285=LINE('',#2567,#528);
#286=LINE('',#2569,#529);
#287=LINE('',#2570,#530);
#288=LINE('',#2573,#531);
#289=LINE('',#2575,#532);
#290=LINE('',#2577,#533);
#291=LINE('',#2579,#534);
#292=LINE('',#2580,#535);
#293=LINE('',#2583,#536);
#294=LINE('',#2585,#537);
#295=LINE('',#2587,#538);
#296=LINE('',#2588,#539);
#297=LINE('',#2591,#540);
#298=LINE('',#2593,#541);
#299=LINE('',#2595,#542);
#300=LINE('',#2597,#543);
#301=LINE('',#2599,#544);
#302=LINE('',#2600,#545);
#303=LINE('',#2603,#546);
#304=LINE('',#2605,#547);
#305=LINE('',#2607,#548);
#306=LINE('',#2608,#549);
#307=LINE('',#2610,#550);
#308=LINE('',#2611,#551);
#309=LINE('',#2613,#552);
#310=LINE('',#2616,#553);
#311=LINE('',#2618,#554);
#312=LINE('',#2620,#555);
#313=LINE('',#2621,#556);
#314=LINE('',#2623,#557);
#315=LINE('',#2625,#558);
#316=LINE('',#2632,#559);
#317=LINE('',#2634,#560);
#318=LINE('',#2636,#561);
#319=LINE('',#2637,#562);
#320=LINE('',#2641,#563);
#321=LINE('',#2642,#564);
#322=LINE('',#2643,#565);
#323=LINE('',#2647,#566);
#324=LINE('',#2648,#567);
#325=LINE('',#2649,#568);
#326=LINE('',#2651,#569);
#327=LINE('',#2652,#570);
#328=LINE('',#2656,#571);
#329=LINE('',#2658,#572);
#330=LINE('',#2660,#573);
#331=LINE('',#2661,#574);
#332=LINE('',#2665,#575);
#333=LINE('',#2666,#576);
#334=LINE('',#2667,#577);
#335=LINE('',#2671,#578);
#336=LINE('',#2672,#579);
#337=LINE('',#2673,#580);
#338=LINE('',#2675,#581);
#339=LINE('',#2676,#582);
#340=LINE('',#2678,#583);
#341=LINE('',#2679,#584);
#342=LINE('',#2681,#585);
#343=LINE('',#2682,#586);
#344=LINE('',#2694,#587);
#345=LINE('',#2696,#588);
#346=LINE('',#2698,#589);
#347=LINE('',#2699,#590);
#348=LINE('',#2703,#591);
#349=LINE('',#2705,#592);
#350=LINE('',#2707,#593);
#351=LINE('',#2708,#594);
#352=LINE('',#2710,#595);
#353=LINE('',#2711,#596);
#354=LINE('',#2714,#597);
#355=LINE('',#2716,#598);
#356=LINE('',#2717,#599);
#357=LINE('',#2720,#600);
#358=LINE('',#2722,#601);
#359=LINE('',#2723,#602);
#360=LINE('',#2726,#603);
#361=LINE('',#2728,#604);
#362=LINE('',#2729,#605);
#363=LINE('',#2732,#606);
#364=LINE('',#2734,#607);
#365=LINE('',#2735,#608);
#366=LINE('',#2738,#609);
#367=LINE('',#2740,#610);
#368=LINE('',#2741,#611);
#369=LINE('',#2745,#612);
#370=LINE('',#2747,#613);
#371=LINE('',#2749,#614);
#372=LINE('',#2750,#615);
#373=LINE('',#2753,#616);
#374=LINE('',#2755,#617);
#375=LINE('',#2756,#618);
#376=LINE('',#2759,#619);
#377=LINE('',#2761,#620);
#378=LINE('',#2762,#621);
#379=LINE('',#2765,#622);
#380=LINE('',#2767,#623);
#381=LINE('',#2768,#624);
#382=LINE('',#2770,#625);
#383=LINE('',#2771,#626);
#384=LINE('',#2773,#627);
#385=LINE('',#2775,#628);
#386=LINE('',#2779,#629);
#387=LINE('',#2781,#630);
#388=LINE('',#2783,#631);
#389=LINE('',#2784,#632);
#390=LINE('',#2788,#633);
#391=LINE('',#2790,#634);
#392=LINE('',#2792,#635);
#393=LINE('',#2793,#636);
#394=LINE('',#2795,#637);
#395=LINE('',#2796,#638);
#396=LINE('',#2799,#639);
#397=LINE('',#2801,#640);
#398=LINE('',#2802,#641);
#399=LINE('',#2805,#642);
#400=LINE('',#2807,#643);
#401=LINE('',#2808,#644);
#402=LINE('',#2811,#645);
#403=LINE('',#2813,#646);
#404=LINE('',#2814,#647);
#405=LINE('',#2816,#648);
#406=LINE('',#2817,#649);
#407=LINE('',#2820,#650);
#408=LINE('',#2822,#651);
#409=LINE('',#2823,#652);
#410=LINE('',#2826,#653);
#411=LINE('',#2828,#654);
#412=LINE('',#2829,#655);
#413=LINE('',#2832,#656);
#414=LINE('',#2834,#657);
#415=LINE('',#2835,#658);
#416=LINE('',#2837,#659);
#417=LINE('',#2838,#660);
#418=LINE('',#2845,#661);
#419=LINE('',#2847,#662);
#420=LINE('',#2849,#663);
#421=LINE('',#2850,#664);
#422=LINE('',#2854,#665);
#423=LINE('',#2856,#666);
#424=LINE('',#2858,#667);
#425=LINE('',#2859,#668);
#426=LINE('',#2861,#669);
#427=LINE('',#2862,#670);
#428=LINE('',#2865,#671);
#429=LINE('',#2867,#672);
#430=LINE('',#2868,#673);
#431=LINE('',#2871,#674);
#432=LINE('',#2873,#675);
#433=LINE('',#2874,#676);
#434=LINE('',#2877,#677);
#435=LINE('',#2879,#678);
#436=LINE('',#2880,#679);
#437=LINE('',#2883,#680);
#438=LINE('',#2885,#681);
#439=LINE('',#2886,#682);
#440=LINE('',#2889,#683);
#441=LINE('',#2891,#684);
#442=LINE('',#2892,#685);
#443=LINE('',#2896,#686);
#444=LINE('',#2898,#687);
#445=LINE('',#2900,#688);
#446=LINE('',#2901,#689);
#447=LINE('',#2904,#690);
#448=LINE('',#2906,#691);
#449=LINE('',#2907,#692);
#450=LINE('',#2910,#693);
#451=LINE('',#2912,#694);
#452=LINE('',#2913,#695);
#453=LINE('',#2916,#696);
#454=LINE('',#2918,#697);
#455=LINE('',#2919,#698);
#456=LINE('',#2921,#699);
#457=LINE('',#2922,#700);
#458=LINE('',#2924,#701);
#459=LINE('',#2926,#702);
#460=LINE('',#2930,#703);
#461=LINE('',#2932,#704);
#462=LINE('',#2934,#705);
#463=LINE('',#2935,#706);
#464=LINE('',#2939,#707);
#465=LINE('',#2941,#708);
#466=LINE('',#2943,#709);
#467=LINE('',#2944,#710);
#468=LINE('',#2946,#711);
#469=LINE('',#2947,#712);
#470=LINE('',#2950,#713);
#471=LINE('',#2952,#714);
#472=LINE('',#2953,#715);
#473=LINE('',#2956,#716);
#474=LINE('',#2958,#717);
#475=LINE('',#2959,#718);
#476=LINE('',#2962,#719);
#477=LINE('',#2964,#720);
#478=LINE('',#2965,#721);
#479=LINE('',#2967,#722);
#480=LINE('',#2968,#723);
#481=LINE('',#2971,#724);
#482=LINE('',#2973,#725);
#483=LINE('',#2974,#726);
#484=LINE('',#2977,#727);
#485=LINE('',#2979,#728);
#486=LINE('',#2980,#729);
#487=LINE('',#2983,#730);
#488=LINE('',#2985,#731);
#489=LINE('',#2986,#732);
#490=LINE('',#2988,#733);
#491=LINE('',#2989,#734);
#492=VECTOR('',#2040,1000.);
#493=VECTOR('',#2041,1000.);
#494=VECTOR('',#2042,1000.);
#495=VECTOR('',#2043,1000.);
#496=VECTOR('',#2044,1000.);
#497=VECTOR('',#2045,1000.);
#498=VECTOR('',#2046,1000.);
#499=VECTOR('',#2047,1000.);
#500=VECTOR('',#2048,1000.);
#501=VECTOR('',#2049,1000.);
#502=VECTOR('',#2052,1000.);
#503=VECTOR('',#2053,1000.);
#504=VECTOR('',#2054,1000.);
#505=VECTOR('',#2057,1000.);
#506=VECTOR('',#2058,1000.);
#507=VECTOR('',#2061,1000.);
#508=VECTOR('',#2062,1000.);
#509=VECTOR('',#2065,1000.);
#510=VECTOR('',#2066,1000.);
#511=VECTOR('',#2069,1000.);
#512=VECTOR('',#2070,1000.);
#513=VECTOR('',#2073,1000.);
#514=VECTOR('',#2074,1000.);
#515=VECTOR('',#2077,1000.);
#516=VECTOR('',#2078,1000.);
#517=VECTOR('',#2081,1000.);
#518=VECTOR('',#2082,1000.);
#519=VECTOR('',#2085,1000.);
#520=VECTOR('',#2086,1000.);
#521=VECTOR('',#2087,1000.);
#522=VECTOR('',#2088,1000.);
#523=VECTOR('',#2091,1000.);
#524=VECTOR('',#2092,1000.);
#525=VECTOR('',#2093,1000.);
#526=VECTOR('',#2096,1000.);
#527=VECTOR('',#2097,1000.);
#528=VECTOR('',#2098,1000.);
#529=VECTOR('',#2101,1000.);
#530=VECTOR('',#2102,1000.);
#531=VECTOR('',#2105,1000.);
#532=VECTOR('',#2106,1000.);
#533=VECTOR('',#2107,1000.);
#534=VECTOR('',#2108,1000.);
#535=VECTOR('',#2109,1000.);
#536=VECTOR('',#2110,1000.);
#537=VECTOR('',#2111,1000.);
#538=VECTOR('',#2112,1000.);
#539=VECTOR('',#2113,1000.);
#540=VECTOR('',#2116,1000.);
#541=VECTOR('',#2117,1000.);
#542=VECTOR('',#2118,1000.);
#543=VECTOR('',#2119,1000.);
#544=VECTOR('',#2120,1000.);
#545=VECTOR('',#2121,1000.);
#546=VECTOR('',#2122,1000.);
#547=VECTOR('',#2123,1000.);
#548=VECTOR('',#2124,1000.);
#549=VECTOR('',#2125,1000.);
#550=VECTOR('',#2128,1000.);
#551=VECTOR('',#2129,1000.);
#552=VECTOR('',#2132,1000.);
#553=VECTOR('',#2137,1000.);
#554=VECTOR('',#2140,1000.);
#555=VECTOR('',#2143,1000.);
#556=VECTOR('',#2144,1000.);
#557=VECTOR('',#2147,1000.);
#558=VECTOR('',#2150,1000.);
#559=VECTOR('',#2159,1000.);
#560=VECTOR('',#2160,1000.);
#561=VECTOR('',#2161,1000.);
#562=VECTOR('',#2162,1000.);
#563=VECTOR('',#2165,1000.);
#564=VECTOR('',#2166,1000.);
#565=VECTOR('',#2167,1000.);
#566=VECTOR('',#2170,1000.);
#567=VECTOR('',#2171,1000.);
#568=VECTOR('',#2172,1000.);
#569=VECTOR('',#2175,1000.);
#570=VECTOR('',#2176,1000.);
#571=VECTOR('',#2179,1000.);
#572=VECTOR('',#2180,1000.);
#573=VECTOR('',#2181,1000.);
#574=VECTOR('',#2182,1000.);
#575=VECTOR('',#2185,1000.);
#576=VECTOR('',#2186,1000.);
#577=VECTOR('',#2187,1000.);
#578=VECTOR('',#2190,1000.);
#579=VECTOR('',#2191,1000.);
#580=VECTOR('',#2192,1000.);
#581=VECTOR('',#2195,1000.);
#582=VECTOR('',#2196,1000.);
#583=VECTOR('',#2199,1000.);
#584=VECTOR('',#2200,1000.);
#585=VECTOR('',#2203,1000.);
#586=VECTOR('',#2204,1000.);
#587=VECTOR('',#2223,10.);
#588=VECTOR('',#2224,10.);
#589=VECTOR('',#2225,10.);
#590=VECTOR('',#2226,10.);
#591=VECTOR('',#2229,10.);
#592=VECTOR('',#2230,10.);
#593=VECTOR('',#2231,10.);
#594=VECTOR('',#2232,10.);
#595=VECTOR('',#2235,10.);
#596=VECTOR('',#2236,10.);
#597=VECTOR('',#2239,10.);
#598=VECTOR('',#2240,10.);
#599=VECTOR('',#2241,10.);
#600=VECTOR('',#2244,10.);
#601=VECTOR('',#2245,10.);
#602=VECTOR('',#2246,10.);
#603=VECTOR('',#2249,10.);
#604=VECTOR('',#2250,10.);
#605=VECTOR('',#2251,10.);
#606=VECTOR('',#2254,10.);
#607=VECTOR('',#2255,10.);
#608=VECTOR('',#2256,10.);
#609=VECTOR('',#2259,10.);
#610=VECTOR('',#2260,10.);
#611=VECTOR('',#2261,10.);
#612=VECTOR('',#2264,10.);
#613=VECTOR('',#2265,10.);
#614=VECTOR('',#2266,10.);
#615=VECTOR('',#2267,10.);
#616=VECTOR('',#2270,10.);
#617=VECTOR('',#2271,10.);
#618=VECTOR('',#2272,10.);
#619=VECTOR('',#2275,10.);
#620=VECTOR('',#2276,10.);
#621=VECTOR('',#2277,10.);
#622=VECTOR('',#2280,10.);
#623=VECTOR('',#2281,10.);
#624=VECTOR('',#2282,10.);
#625=VECTOR('',#2285,10.);
#626=VECTOR('',#2286,10.);
#627=VECTOR('',#2289,10.);
#628=VECTOR('',#2292,10.);
#629=VECTOR('',#2295,10.);
#630=VECTOR('',#2296,10.);
#631=VECTOR('',#2297,10.);
#632=VECTOR('',#2298,10.);
#633=VECTOR('',#2301,10.);
#634=VECTOR('',#2302,10.);
#635=VECTOR('',#2303,10.);
#636=VECTOR('',#2304,10.);
#637=VECTOR('',#2307,10.);
#638=VECTOR('',#2308,10.);
#639=VECTOR('',#2311,10.);
#640=VECTOR('',#2312,10.);
#641=VECTOR('',#2313,10.);
#642=VECTOR('',#2316,10.);
#643=VECTOR('',#2317,10.);
#644=VECTOR('',#2318,10.);
#645=VECTOR('',#2321,10.);
#646=VECTOR('',#2322,10.);
#647=VECTOR('',#2323,10.);
#648=VECTOR('',#2326,10.);
#649=VECTOR('',#2327,10.);
#650=VECTOR('',#2330,10.);
#651=VECTOR('',#2331,10.);
#652=VECTOR('',#2332,10.);
#653=VECTOR('',#2335,10.);
#654=VECTOR('',#2336,10.);
#655=VECTOR('',#2337,10.);
#656=VECTOR('',#2340,10.);
#657=VECTOR('',#2341,10.);
#658=VECTOR('',#2342,10.);
#659=VECTOR('',#2345,10.);
#660=VECTOR('',#2346,10.);
#661=VECTOR('',#2355,10.);
#662=VECTOR('',#2356,10.);
#663=VECTOR('',#2357,10.);
#664=VECTOR('',#2358,10.);
#665=VECTOR('',#2361,10.);
#666=VECTOR('',#2362,10.);
#667=VECTOR('',#2363,10.);
#668=VECTOR('',#2364,10.);
#669=VECTOR('',#2367,10.);
#670=VECTOR('',#2368,10.);
#671=VECTOR('',#2371,10.);
#672=VECTOR('',#2372,10.);
#673=VECTOR('',#2373,10.);
#674=VECTOR('',#2376,10.);
#675=VECTOR('',#2377,10.);
#676=VECTOR('',#2378,10.);
#677=VECTOR('',#2381,10.);
#678=VECTOR('',#2382,10.);
#679=VECTOR('',#2383,10.);
#680=VECTOR('',#2386,10.);
#681=VECTOR('',#2387,10.);
#682=VECTOR('',#2388,10.);
#683=VECTOR('',#2391,10.);
#684=VECTOR('',#2392,10.);
#685=VECTOR('',#2393,10.);
#686=VECTOR('',#2396,10.);
#687=VECTOR('',#2397,10.);
#688=VECTOR('',#2398,10.);
#689=VECTOR('',#2399,10.);
#690=VECTOR('',#2402,10.);
#691=VECTOR('',#2403,10.);
#692=VECTOR('',#2404,10.);
#693=VECTOR('',#2407,10.);
#694=VECTOR('',#2408,10.);
#695=VECTOR('',#2409,10.);
#696=VECTOR('',#2412,10.);
#697=VECTOR('',#2413,10.);
#698=VECTOR('',#2414,10.);
#699=VECTOR('',#2417,10.);
#700=VECTOR('',#2418,10.);
#701=VECTOR('',#2421,10.);
#702=VECTOR('',#2424,10.);
#703=VECTOR('',#2427,10.);
#704=VECTOR('',#2428,10.);
#705=VECTOR('',#2429,10.);
#706=VECTOR('',#2430,10.);
#707=VECTOR('',#2433,10.);
#708=VECTOR('',#2434,10.);
#709=VECTOR('',#2435,10.);
#710=VECTOR('',#2436,10.);
#711=VECTOR('',#2439,10.);
#712=VECTOR('',#2440,10.);
#713=VECTOR('',#2443,10.);
#714=VECTOR('',#2444,10.);
#715=VECTOR('',#2445,10.);
#716=VECTOR('',#2448,10.);
#717=VECTOR('',#2449,10.);
#718=VECTOR('',#2450,10.);
#719=VECTOR('',#2453,10.);
#720=VECTOR('',#2454,10.);
#721=VECTOR('',#2455,10.);
#722=VECTOR('',#2458,10.);
#723=VECTOR('',#2459,10.);
#724=VECTOR('',#2462,10.);
#725=VECTOR('',#2463,10.);
#726=VECTOR('',#2464,10.);
#727=VECTOR('',#2467,10.);
#728=VECTOR('',#2468,10.);
#729=VECTOR('',#2469,10.);
#730=VECTOR('',#2472,10.);
#731=VECTOR('',#2473,10.);
#732=VECTOR('',#2474,10.);
#733=VECTOR('',#2477,10.);
#734=VECTOR('',#2478,10.);
#735=VERTEX_POINT('',#2493);
#736=VERTEX_POINT('',#2494);
#737=VERTEX_POINT('',#2496);
#738=VERTEX_POINT('',#2498);
#739=VERTEX_POINT('',#2500);
#740=VERTEX_POINT('',#2502);
#741=VERTEX_POINT('',#2504);
#742=VERTEX_POINT('',#2506);
#743=VERTEX_POINT('',#2508);
#744=VERTEX_POINT('',#2510);
#745=VERTEX_POINT('',#2514);
#746=VERTEX_POINT('',#2516);
#747=VERTEX_POINT('',#2520);
#748=VERTEX_POINT('',#2524);
#749=VERTEX_POINT('',#2528);
#750=VERTEX_POINT('',#2532);
#751=VERTEX_POINT('',#2536);
#752=VERTEX_POINT('',#2540);
#753=VERTEX_POINT('',#2544);
#754=VERTEX_POINT('',#2548);
#755=VERTEX_POINT('',#2549);
#756=VERTEX_POINT('',#2551);
#757=VERTEX_POINT('',#2553);
#758=VERTEX_POINT('',#2557);
#759=VERTEX_POINT('',#2559);
#760=VERTEX_POINT('',#2563);
#761=VERTEX_POINT('',#2565);
#762=VERTEX_POINT('',#2572);
#763=VERTEX_POINT('',#2574);
#764=VERTEX_POINT('',#2576);
#765=VERTEX_POINT('',#2578);
#766=VERTEX_POINT('',#2581);
#767=VERTEX_POINT('',#2582);
#768=VERTEX_POINT('',#2584);
#769=VERTEX_POINT('',#2586);
#770=VERTEX_POINT('',#2590);
#771=VERTEX_POINT('',#2592);
#772=VERTEX_POINT('',#2594);
#773=VERTEX_POINT('',#2596);
#774=VERTEX_POINT('',#2598);
#775=VERTEX_POINT('',#2601);
#776=VERTEX_POINT('',#2602);
#777=VERTEX_POINT('',#2604);
#778=VERTEX_POINT('',#2606);
#779=VERTEX_POINT('',#2630);
#780=VERTEX_POINT('',#2631);
#781=VERTEX_POINT('',#2633);
#782=VERTEX_POINT('',#2635);
#783=VERTEX_POINT('',#2639);
#784=VERTEX_POINT('',#2640);
#785=VERTEX_POINT('',#2645);
#786=VERTEX_POINT('',#2646);
#787=VERTEX_POINT('',#2654);
#788=VERTEX_POINT('',#2655);
#789=VERTEX_POINT('',#2657);
#790=VERTEX_POINT('',#2659);
#791=VERTEX_POINT('',#2663);
#792=VERTEX_POINT('',#2664);
#793=VERTEX_POINT('',#2669);
#794=VERTEX_POINT('',#2670);
#795=VERTEX_POINT('',#2692);
#796=VERTEX_POINT('',#2693);
#797=VERTEX_POINT('',#2695);
#798=VERTEX_POINT('',#2697);
#799=VERTEX_POINT('',#2701);
#800=VERTEX_POINT('',#2702);
#801=VERTEX_POINT('',#2704);
#802=VERTEX_POINT('',#2706);
#803=VERTEX_POINT('',#2713);
#804=VERTEX_POINT('',#2715);
#805=VERTEX_POINT('',#2719);
#806=VERTEX_POINT('',#2721);
#807=VERTEX_POINT('',#2725);
#808=VERTEX_POINT('',#2727);
#809=VERTEX_POINT('',#2731);
#810=VERTEX_POINT('',#2733);
#811=VERTEX_POINT('',#2737);
#812=VERTEX_POINT('',#2739);
#813=VERTEX_POINT('',#2743);
#814=VERTEX_POINT('',#2744);
#815=VERTEX_POINT('',#2746);
#816=VERTEX_POINT('',#2748);
#817=VERTEX_POINT('',#2752);
#818=VERTEX_POINT('',#2754);
#819=VERTEX_POINT('',#2758);
#820=VERTEX_POINT('',#2760);
#821=VERTEX_POINT('',#2764);
#822=VERTEX_POINT('',#2766);
#823=VERTEX_POINT('',#2777);
#824=VERTEX_POINT('',#2778);
#825=VERTEX_POINT('',#2780);
#826=VERTEX_POINT('',#2782);
#827=VERTEX_POINT('',#2786);
#828=VERTEX_POINT('',#2787);
#829=VERTEX_POINT('',#2789);
#830=VERTEX_POINT('',#2791);
#831=VERTEX_POINT('',#2798);
#832=VERTEX_POINT('',#2800);
#833=VERTEX_POINT('',#2804);
#834=VERTEX_POINT('',#2806);
#835=VERTEX_POINT('',#2810);
#836=VERTEX_POINT('',#2812);
#837=VERTEX_POINT('',#2819);
#838=VERTEX_POINT('',#2821);
#839=VERTEX_POINT('',#2825);
#840=VERTEX_POINT('',#2827);
#841=VERTEX_POINT('',#2831);
#842=VERTEX_POINT('',#2833);
#843=VERTEX_POINT('',#2843);
#844=VERTEX_POINT('',#2844);
#845=VERTEX_POINT('',#2846);
#846=VERTEX_POINT('',#2848);
#847=VERTEX_POINT('',#2852);
#848=VERTEX_POINT('',#2853);
#849=VERTEX_POINT('',#2855);
#850=VERTEX_POINT('',#2857);
#851=VERTEX_POINT('',#2864);
#852=VERTEX_POINT('',#2866);
#853=VERTEX_POINT('',#2870);
#854=VERTEX_POINT('',#2872);
#855=VERTEX_POINT('',#2876);
#856=VERTEX_POINT('',#2878);
#857=VERTEX_POINT('',#2882);
#858=VERTEX_POINT('',#2884);
#859=VERTEX_POINT('',#2888);
#860=VERTEX_POINT('',#2890);
#861=VERTEX_POINT('',#2894);
#862=VERTEX_POINT('',#2895);
#863=VERTEX_POINT('',#2897);
#864=VERTEX_POINT('',#2899);
#865=VERTEX_POINT('',#2903);
#866=VERTEX_POINT('',#2905);
#867=VERTEX_POINT('',#2909);
#868=VERTEX_POINT('',#2911);
#869=VERTEX_POINT('',#2915);
#870=VERTEX_POINT('',#2917);
#871=VERTEX_POINT('',#2928);
#872=VERTEX_POINT('',#2929);
#873=VERTEX_POINT('',#2931);
#874=VERTEX_POINT('',#2933);
#875=VERTEX_POINT('',#2937);
#876=VERTEX_POINT('',#2938);
#877=VERTEX_POINT('',#2940);
#878=VERTEX_POINT('',#2942);
#879=VERTEX_POINT('',#2949);
#880=VERTEX_POINT('',#2951);
#881=VERTEX_POINT('',#2955);
#882=VERTEX_POINT('',#2957);
#883=VERTEX_POINT('',#2961);
#884=VERTEX_POINT('',#2963);
#885=VERTEX_POINT('',#2970);
#886=VERTEX_POINT('',#2972);
#887=VERTEX_POINT('',#2976);
#888=VERTEX_POINT('',#2978);
#889=VERTEX_POINT('',#2982);
#890=VERTEX_POINT('',#2984);
#891=EDGE_CURVE('',#735,#736,#249,.T.);
#892=EDGE_CURVE('',#737,#735,#250,.T.);
#893=EDGE_CURVE('',#738,#737,#251,.T.);
#894=EDGE_CURVE('',#739,#738,#252,.T.);
#895=EDGE_CURVE('',#740,#739,#253,.T.);
#896=EDGE_CURVE('',#741,#740,#254,.T.);
#897=EDGE_CURVE('',#742,#741,#255,.T.);
#898=EDGE_CURVE('',#743,#742,#256,.T.);
#899=EDGE_CURVE('',#744,#743,#257,.T.);
#900=EDGE_CURVE('',#736,#744,#258,.T.);
#901=EDGE_CURVE('',#745,#737,#259,.T.);
#902=EDGE_CURVE('',#746,#745,#260,.T.);
#903=EDGE_CURVE('',#746,#738,#261,.T.);
#904=EDGE_CURVE('',#747,#746,#262,.T.);
#905=EDGE_CURVE('',#747,#739,#263,.T.);
#906=EDGE_CURVE('',#748,#747,#264,.T.);
#907=EDGE_CURVE('',#748,#740,#265,.T.);
#908=EDGE_CURVE('',#749,#748,#266,.T.);
#909=EDGE_CURVE('',#749,#741,#267,.T.);
#910=EDGE_CURVE('',#750,#749,#268,.T.);
#911=EDGE_CURVE('',#750,#742,#269,.T.);
#912=EDGE_CURVE('',#751,#750,#270,.T.);
#913=EDGE_CURVE('',#751,#743,#271,.T.);
#914=EDGE_CURVE('',#752,#751,#272,.T.);
#915=EDGE_CURVE('',#752,#744,#273,.T.);
#916=EDGE_CURVE('',#753,#752,#274,.T.);
#917=EDGE_CURVE('',#753,#736,#275,.T.);
#918=EDGE_CURVE('',#754,#755,#276,.T.);
#919=EDGE_CURVE('',#756,#755,#277,.T.);
#920=EDGE_CURVE('',#757,#756,#278,.T.);
#921=EDGE_CURVE('',#757,#754,#279,.T.);
#922=EDGE_CURVE('',#755,#758,#280,.T.);
#923=EDGE_CURVE('',#759,#758,#281,.T.);
#924=EDGE_CURVE('',#756,#759,#282,.T.);
#925=EDGE_CURVE('',#758,#760,#283,.T.);
#926=EDGE_CURVE('',#761,#760,#284,.T.);
#927=EDGE_CURVE('',#759,#761,#285,.T.);
#928=EDGE_CURVE('',#760,#754,#286,.T.);
#929=EDGE_CURVE('',#761,#757,#287,.T.);
#930=EDGE_CURVE('',#745,#762,#288,.T.);
#931=EDGE_CURVE('',#737,#763,#289,.T.);
#932=EDGE_CURVE('',#763,#764,#290,.T.);
#933=EDGE_CURVE('',#764,#765,#291,.T.);
#934=EDGE_CURVE('',#762,#765,#292,.T.);
#935=EDGE_CURVE('',#766,#767,#293,.T.);
#936=EDGE_CURVE('',#767,#768,#294,.T.);
#937=EDGE_CURVE('',#768,#769,#295,.T.);
#938=EDGE_CURVE('',#769,#766,#296,.T.);
#939=EDGE_CURVE('',#770,#753,#297,.T.);
#940=EDGE_CURVE('',#770,#771,#298,.T.);
#941=EDGE_CURVE('',#771,#772,#299,.T.);
#942=EDGE_CURVE('',#773,#772,#300,.T.);
#943=EDGE_CURVE('',#774,#773,#301,.T.);
#944=EDGE_CURVE('',#735,#774,#302,.T.);
#945=EDGE_CURVE('',#775,#776,#303,.T.);
#946=EDGE_CURVE('',#777,#775,#304,.T.);
#947=EDGE_CURVE('',#778,#777,#305,.T.);
#948=EDGE_CURVE('',#776,#778,#306,.T.);
#949=EDGE_CURVE('',#773,#764,#307,.T.);
#950=EDGE_CURVE('',#774,#763,#308,.T.);
#951=EDGE_CURVE('',#765,#772,#309,.T.);
#952=EDGE_CURVE('',#771,#762,#310,.T.);
#953=EDGE_CURVE('',#745,#770,#311,.T.);
#954=EDGE_CURVE('',#775,#769,#312,.T.);
#955=EDGE_CURVE('',#776,#766,#313,.T.);
#956=EDGE_CURVE('',#777,#768,#314,.T.);
#957=EDGE_CURVE('',#778,#767,#315,.T.);
#958=EDGE_CURVE('',#779,#780,#316,.T.);
#959=EDGE_CURVE('',#781,#780,#317,.T.);
#960=EDGE_CURVE('',#781,#782,#318,.T.);
#961=EDGE_CURVE('',#779,#782,#319,.T.);
#962=EDGE_CURVE('',#783,#784,#320,.T.);
#963=EDGE_CURVE('',#782,#784,#321,.T.);
#964=EDGE_CURVE('',#783,#781,#322,.T.);
#965=EDGE_CURVE('',#785,#786,#323,.T.);
#966=EDGE_CURVE('',#780,#786,#324,.T.);
#967=EDGE_CURVE('',#785,#779,#325,.T.);
#968=EDGE_CURVE('',#786,#783,#326,.T.);
#969=EDGE_CURVE('',#784,#785,#327,.T.);
#970=EDGE_CURVE('',#787,#788,#328,.T.);
#971=EDGE_CURVE('',#789,#788,#329,.T.);
#972=EDGE_CURVE('',#789,#790,#330,.T.);
#973=EDGE_CURVE('',#787,#790,#331,.T.);
#974=EDGE_CURVE('',#791,#792,#332,.T.);
#975=EDGE_CURVE('',#790,#792,#333,.T.);
#976=EDGE_CURVE('',#791,#789,#334,.T.);
#977=EDGE_CURVE('',#793,#794,#335,.T.);
#978=EDGE_CURVE('',#788,#794,#336,.T.);
#979=EDGE_CURVE('',#793,#787,#337,.T.);
#980=EDGE_CURVE('',#794,#791,#338,.T.);
#981=EDGE_CURVE('',#792,#793,#339,.T.);
#982=EDGE_CURVE('',#791,#781,#340,.T.);
#983=EDGE_CURVE('',#783,#789,#341,.T.);
#984=EDGE_CURVE('',#786,#788,#342,.T.);
#985=EDGE_CURVE('',#794,#780,#343,.T.);
#986=EDGE_CURVE('',#795,#796,#344,.T.);
#987=EDGE_CURVE('',#796,#797,#345,.T.);
#988=EDGE_CURVE('',#798,#797,#346,.T.);
#989=EDGE_CURVE('',#795,#798,#347,.T.);
#990=EDGE_CURVE('',#799,#800,#348,.T.);
#991=EDGE_CURVE('',#799,#801,#349,.T.);
#992=EDGE_CURVE('',#802,#801,#350,.T.);
#993=EDGE_CURVE('',#800,#802,#351,.T.);
#994=EDGE_CURVE('',#797,#802,#352,.T.);
#995=EDGE_CURVE('',#801,#798,#353,.T.);
#996=EDGE_CURVE('',#799,#803,#354,.T.);
#997=EDGE_CURVE('',#804,#800,#355,.T.);
#998=EDGE_CURVE('',#803,#804,#356,.T.);
#999=EDGE_CURVE('',#803,#805,#357,.T.);
#1000=EDGE_CURVE('',#806,#804,#358,.T.);
#1001=EDGE_CURVE('',#805,#806,#359,.T.);
#1002=EDGE_CURVE('',#805,#807,#360,.T.);
#1003=EDGE_CURVE('',#808,#806,#361,.T.);
#1004=EDGE_CURVE('',#807,#808,#362,.T.);
#1005=EDGE_CURVE('',#807,#809,#363,.T.);
#1006=EDGE_CURVE('',#810,#808,#364,.T.);
#1007=EDGE_CURVE('',#809,#810,#365,.T.);
#1008=EDGE_CURVE('',#809,#811,#366,.T.);
#1009=EDGE_CURVE('',#812,#810,#367,.T.);
#1010=EDGE_CURVE('',#812,#811,#368,.T.);
#1011=EDGE_CURVE('',#813,#814,#369,.T.);
#1012=EDGE_CURVE('',#815,#813,#370,.T.);
#1013=EDGE_CURVE('',#816,#815,#371,.T.);
#1014=EDGE_CURVE('',#814,#816,#372,.T.);
#1015=EDGE_CURVE('',#814,#817,#373,.T.);
#1016=EDGE_CURVE('',#818,#816,#374,.T.);
#1017=EDGE_CURVE('',#817,#818,#375,.T.);
#1018=EDGE_CURVE('',#817,#819,#376,.T.);
#1019=EDGE_CURVE('',#820,#818,#377,.T.);
#1020=EDGE_CURVE('',#819,#820,#378,.T.);
#1021=EDGE_CURVE('',#819,#821,#379,.T.);
#1022=EDGE_CURVE('',#822,#820,#380,.T.);
#1023=EDGE_CURVE('',#821,#822,#381,.T.);
#1024=EDGE_CURVE('',#821,#795,#382,.T.);
#1025=EDGE_CURVE('',#796,#822,#383,.T.);
#1026=EDGE_CURVE('',#811,#813,#384,.T.);
#1027=EDGE_CURVE('',#812,#815,#385,.T.);
#1028=EDGE_CURVE('',#823,#824,#386,.T.);
#1029=EDGE_CURVE('',#823,#825,#387,.T.);
#1030=EDGE_CURVE('',#826,#825,#388,.T.);
#1031=EDGE_CURVE('',#824,#826,#389,.T.);
#1032=EDGE_CURVE('',#827,#828,#390,.T.);
#1033=EDGE_CURVE('',#828,#829,#391,.T.);
#1034=EDGE_CURVE('',#830,#829,#392,.T.);
#1035=EDGE_CURVE('',#827,#830,#393,.T.);
#1036=EDGE_CURVE('',#829,#826,#394,.T.);
#1037=EDGE_CURVE('',#825,#830,#395,.T.);
#1038=EDGE_CURVE('',#831,#823,#396,.T.);
#1039=EDGE_CURVE('',#832,#824,#397,.T.);
#1040=EDGE_CURVE('',#831,#832,#398,.T.);
#1041=EDGE_CURVE('',#833,#831,#399,.T.);
#1042=EDGE_CURVE('',#834,#832,#400,.T.);
#1043=EDGE_CURVE('',#833,#834,#401,.T.);
#1044=EDGE_CURVE('',#835,#833,#402,.T.);
#1045=EDGE_CURVE('',#836,#834,#403,.T.);
#1046=EDGE_CURVE('',#835,#836,#404,.T.);
#1047=EDGE_CURVE('',#811,#835,#405,.T.);
#1048=EDGE_CURVE('',#813,#836,#406,.T.);
#1049=EDGE_CURVE('',#837,#812,#407,.T.);
#1050=EDGE_CURVE('',#838,#815,#408,.T.);
#1051=EDGE_CURVE('',#837,#838,#409,.T.);
#1052=EDGE_CURVE('',#839,#837,#410,.T.);
#1053=EDGE_CURVE('',#840,#838,#411,.T.);
#1054=EDGE_CURVE('',#839,#840,#412,.T.);
#1055=EDGE_CURVE('',#841,#839,#413,.T.);
#1056=EDGE_CURVE('',#842,#840,#414,.T.);
#1057=EDGE_CURVE('',#841,#842,#415,.T.);
#1058=EDGE_CURVE('',#827,#841,#416,.T.);
#1059=EDGE_CURVE('',#828,#842,#417,.T.);
#1060=EDGE_CURVE('',#843,#844,#418,.T.);
#1061=EDGE_CURVE('',#843,#845,#419,.T.);
#1062=EDGE_CURVE('',#845,#846,#420,.T.);
#1063=EDGE_CURVE('',#844,#846,#421,.T.);
#1064=EDGE_CURVE('',#847,#848,#422,.T.);
#1065=EDGE_CURVE('',#848,#849,#423,.T.);
#1066=EDGE_CURVE('',#849,#850,#424,.T.);
#1067=EDGE_CURVE('',#847,#850,#425,.T.);
#1068=EDGE_CURVE('',#846,#849,#426,.T.);
#1069=EDGE_CURVE('',#850,#845,#427,.T.);
#1070=EDGE_CURVE('',#847,#851,#428,.T.);
#1071=EDGE_CURVE('',#851,#852,#429,.T.);
#1072=EDGE_CURVE('',#852,#848,#430,.T.);
#1073=EDGE_CURVE('',#851,#853,#431,.T.);
#1074=EDGE_CURVE('',#853,#854,#432,.T.);
#1075=EDGE_CURVE('',#854,#852,#433,.T.);
#1076=EDGE_CURVE('',#853,#855,#434,.T.);
#1077=EDGE_CURVE('',#855,#856,#435,.T.);
#1078=EDGE_CURVE('',#856,#854,#436,.T.);
#1079=EDGE_CURVE('',#855,#857,#437,.T.);
#1080=EDGE_CURVE('',#857,#858,#438,.T.);
#1081=EDGE_CURVE('',#858,#856,#439,.T.);
#1082=EDGE_CURVE('',#857,#859,#440,.T.);
#1083=EDGE_CURVE('',#860,#859,#441,.T.);
#1084=EDGE_CURVE('',#860,#858,#442,.T.);
#1085=EDGE_CURVE('',#861,#862,#443,.T.);
#1086=EDGE_CURVE('',#862,#863,#444,.T.);
#1087=EDGE_CURVE('',#863,#864,#445,.T.);
#1088=EDGE_CURVE('',#864,#861,#446,.T.);
#1089=EDGE_CURVE('',#862,#865,#447,.T.);
#1090=EDGE_CURVE('',#865,#866,#448,.T.);
#1091=EDGE_CURVE('',#866,#863,#449,.T.);
#1092=EDGE_CURVE('',#865,#867,#450,.T.);
#1093=EDGE_CURVE('',#867,#868,#451,.T.);
#1094=EDGE_CURVE('',#868,#866,#452,.T.);
#1095=EDGE_CURVE('',#867,#869,#453,.T.);
#1096=EDGE_CURVE('',#869,#870,#454,.T.);
#1097=EDGE_CURVE('',#870,#868,#455,.T.);
#1098=EDGE_CURVE('',#869,#843,#456,.T.);
#1099=EDGE_CURVE('',#844,#870,#457,.T.);
#1100=EDGE_CURVE('',#859,#861,#458,.T.);
#1101=EDGE_CURVE('',#860,#864,#459,.T.);
#1102=EDGE_CURVE('',#871,#872,#460,.T.);
#1103=EDGE_CURVE('',#872,#873,#461,.T.);
#1104=EDGE_CURVE('',#873,#874,#462,.T.);
#1105=EDGE_CURVE('',#871,#874,#463,.T.);
#1106=EDGE_CURVE('',#875,#876,#464,.T.);
#1107=EDGE_CURVE('',#875,#877,#465,.T.);
#1108=EDGE_CURVE('',#877,#878,#466,.T.);
#1109=EDGE_CURVE('',#876,#878,#467,.T.);
#1110=EDGE_CURVE('',#874,#877,#468,.T.);
#1111=EDGE_CURVE('',#878,#873,#469,.T.);
#1112=EDGE_CURVE('',#879,#871,#470,.T.);
#1113=EDGE_CURVE('',#879,#880,#471,.T.);
#1114=EDGE_CURVE('',#880,#872,#472,.T.);
#1115=EDGE_CURVE('',#881,#879,#473,.T.);
#1116=EDGE_CURVE('',#881,#882,#474,.T.);
#1117=EDGE_CURVE('',#882,#880,#475,.T.);
#1118=EDGE_CURVE('',#883,#881,#476,.T.);
#1119=EDGE_CURVE('',#883,#884,#477,.T.);
#1120=EDGE_CURVE('',#884,#882,#478,.T.);
#1121=EDGE_CURVE('',#859,#883,#479,.T.);
#1122=EDGE_CURVE('',#861,#884,#480,.T.);
#1123=EDGE_CURVE('',#885,#860,#481,.T.);
#1124=EDGE_CURVE('',#885,#886,#482,.T.);
#1125=EDGE_CURVE('',#886,#864,#483,.T.);
#1126=EDGE_CURVE('',#887,#885,#484,.T.);
#1127=EDGE_CURVE('',#887,#888,#485,.T.);
#1128=EDGE_CURVE('',#888,#886,#486,.T.);
#1129=EDGE_CURVE('',#889,#887,#487,.T.);
#1130=EDGE_CURVE('',#889,#890,#488,.T.);
#1131=EDGE_CURVE('',#890,#888,#489,.T.);
#1132=EDGE_CURVE('',#875,#889,#490,.T.);
#1133=EDGE_CURVE('',#876,#890,#491,.T.);
#1134=ORIENTED_EDGE('',*,*,#891,.F.);
#1135=ORIENTED_EDGE('',*,*,#892,.F.);
#1136=ORIENTED_EDGE('',*,*,#893,.F.);
#1137=ORIENTED_EDGE('',*,*,#894,.F.);
#1138=ORIENTED_EDGE('',*,*,#895,.F.);
#1139=ORIENTED_EDGE('',*,*,#896,.F.);
#1140=ORIENTED_EDGE('',*,*,#897,.F.);
#1141=ORIENTED_EDGE('',*,*,#898,.F.);
#1142=ORIENTED_EDGE('',*,*,#899,.F.);
#1143=ORIENTED_EDGE('',*,*,#900,.F.);
#1144=ORIENTED_EDGE('',*,*,#901,.F.);
#1145=ORIENTED_EDGE('',*,*,#902,.F.);
#1146=ORIENTED_EDGE('',*,*,#903,.T.);
#1147=ORIENTED_EDGE('',*,*,#893,.T.);
#1148=ORIENTED_EDGE('',*,*,#903,.F.);
#1149=ORIENTED_EDGE('',*,*,#904,.F.);
#1150=ORIENTED_EDGE('',*,*,#905,.T.);
#1151=ORIENTED_EDGE('',*,*,#894,.T.);
#1152=ORIENTED_EDGE('',*,*,#905,.F.);
#1153=ORIENTED_EDGE('',*,*,#906,.F.);
#1154=ORIENTED_EDGE('',*,*,#907,.T.);
#1155=ORIENTED_EDGE('',*,*,#895,.T.);
#1156=ORIENTED_EDGE('',*,*,#907,.F.);
#1157=ORIENTED_EDGE('',*,*,#908,.F.);
#1158=ORIENTED_EDGE('',*,*,#909,.T.);
#1159=ORIENTED_EDGE('',*,*,#896,.T.);
#1160=ORIENTED_EDGE('',*,*,#909,.F.);
#1161=ORIENTED_EDGE('',*,*,#910,.F.);
#1162=ORIENTED_EDGE('',*,*,#911,.T.);
#1163=ORIENTED_EDGE('',*,*,#897,.T.);
#1164=ORIENTED_EDGE('',*,*,#911,.F.);
#1165=ORIENTED_EDGE('',*,*,#912,.F.);
#1166=ORIENTED_EDGE('',*,*,#913,.T.);
#1167=ORIENTED_EDGE('',*,*,#898,.T.);
#1168=ORIENTED_EDGE('',*,*,#913,.F.);
#1169=ORIENTED_EDGE('',*,*,#914,.F.);
#1170=ORIENTED_EDGE('',*,*,#915,.T.);
#1171=ORIENTED_EDGE('',*,*,#899,.T.);
#1172=ORIENTED_EDGE('',*,*,#915,.F.);
#1173=ORIENTED_EDGE('',*,*,#916,.F.);
#1174=ORIENTED_EDGE('',*,*,#917,.T.);
#1175=ORIENTED_EDGE('',*,*,#900,.T.);
#1176=ORIENTED_EDGE('',*,*,#918,.T.);
#1177=ORIENTED_EDGE('',*,*,#919,.F.);
#1178=ORIENTED_EDGE('',*,*,#920,.F.);
#1179=ORIENTED_EDGE('',*,*,#921,.T.);
#1180=ORIENTED_EDGE('',*,*,#922,.T.);
#1181=ORIENTED_EDGE('',*,*,#923,.F.);
#1182=ORIENTED_EDGE('',*,*,#924,.F.);
#1183=ORIENTED_EDGE('',*,*,#919,.T.);
#1184=ORIENTED_EDGE('',*,*,#925,.T.);
#1185=ORIENTED_EDGE('',*,*,#926,.F.);
#1186=ORIENTED_EDGE('',*,*,#927,.F.);
#1187=ORIENTED_EDGE('',*,*,#923,.T.);
#1188=ORIENTED_EDGE('',*,*,#928,.T.);
#1189=ORIENTED_EDGE('',*,*,#921,.F.);
#1190=ORIENTED_EDGE('',*,*,#929,.F.);
#1191=ORIENTED_EDGE('',*,*,#926,.T.);
#1192=ORIENTED_EDGE('',*,*,#930,.F.);
#1193=ORIENTED_EDGE('',*,*,#901,.T.);
#1194=ORIENTED_EDGE('',*,*,#931,.T.);
#1195=ORIENTED_EDGE('',*,*,#932,.T.);
#1196=ORIENTED_EDGE('',*,*,#933,.T.);
#1197=ORIENTED_EDGE('',*,*,#934,.F.);
#1198=ORIENTED_EDGE('',*,*,#935,.T.);
#1199=ORIENTED_EDGE('',*,*,#936,.T.);
#1200=ORIENTED_EDGE('',*,*,#937,.T.);
#1201=ORIENTED_EDGE('',*,*,#938,.T.);
#1202=ORIENTED_EDGE('',*,*,#918,.F.);
#1203=ORIENTED_EDGE('',*,*,#928,.F.);
#1204=ORIENTED_EDGE('',*,*,#925,.F.);
#1205=ORIENTED_EDGE('',*,*,#922,.F.);
#1206=ORIENTED_EDGE('',*,*,#917,.F.);
#1207=ORIENTED_EDGE('',*,*,#939,.F.);
#1208=ORIENTED_EDGE('',*,*,#940,.T.);
#1209=ORIENTED_EDGE('',*,*,#941,.T.);
#1210=ORIENTED_EDGE('',*,*,#942,.F.);
#1211=ORIENTED_EDGE('',*,*,#943,.F.);
#1212=ORIENTED_EDGE('',*,*,#944,.F.);
#1213=ORIENTED_EDGE('',*,*,#891,.T.);
#1214=ORIENTED_EDGE('',*,*,#929,.T.);
#1215=ORIENTED_EDGE('',*,*,#920,.T.);
#1216=ORIENTED_EDGE('',*,*,#924,.T.);
#1217=ORIENTED_EDGE('',*,*,#927,.T.);
#1218=ORIENTED_EDGE('',*,*,#945,.F.);
#1219=ORIENTED_EDGE('',*,*,#946,.F.);
#1220=ORIENTED_EDGE('',*,*,#947,.F.);
#1221=ORIENTED_EDGE('',*,*,#948,.F.);
#1222=ORIENTED_EDGE('',*,*,#949,.T.);
#1223=ORIENTED_EDGE('',*,*,#932,.F.);
#1224=ORIENTED_EDGE('',*,*,#950,.F.);
#1225=ORIENTED_EDGE('',*,*,#943,.T.);
#1226=ORIENTED_EDGE('',*,*,#942,.T.);
#1227=ORIENTED_EDGE('',*,*,#951,.F.);
#1228=ORIENTED_EDGE('',*,*,#933,.F.);
#1229=ORIENTED_EDGE('',*,*,#949,.F.);
#1230=ORIENTED_EDGE('',*,*,#931,.F.);
#1231=ORIENTED_EDGE('',*,*,#892,.T.);
#1232=ORIENTED_EDGE('',*,*,#944,.T.);
#1233=ORIENTED_EDGE('',*,*,#950,.T.);
#1234=ORIENTED_EDGE('',*,*,#951,.T.);
#1235=ORIENTED_EDGE('',*,*,#941,.F.);
#1236=ORIENTED_EDGE('',*,*,#952,.T.);
#1237=ORIENTED_EDGE('',*,*,#934,.T.);
#1238=ORIENTED_EDGE('',*,*,#930,.T.);
#1239=ORIENTED_EDGE('',*,*,#952,.F.);
#1240=ORIENTED_EDGE('',*,*,#940,.F.);
#1241=ORIENTED_EDGE('',*,*,#953,.F.);
#1242=ORIENTED_EDGE('',*,*,#938,.F.);
#1243=ORIENTED_EDGE('',*,*,#954,.F.);
#1244=ORIENTED_EDGE('',*,*,#945,.T.);
#1245=ORIENTED_EDGE('',*,*,#955,.T.);
#1246=ORIENTED_EDGE('',*,*,#937,.F.);
#1247=ORIENTED_EDGE('',*,*,#956,.F.);
#1248=ORIENTED_EDGE('',*,*,#946,.T.);
#1249=ORIENTED_EDGE('',*,*,#954,.T.);
#1250=ORIENTED_EDGE('',*,*,#936,.F.);
#1251=ORIENTED_EDGE('',*,*,#957,.F.);
#1252=ORIENTED_EDGE('',*,*,#947,.T.);
#1253=ORIENTED_EDGE('',*,*,#956,.T.);
#1254=ORIENTED_EDGE('',*,*,#935,.F.);
#1255=ORIENTED_EDGE('',*,*,#955,.F.);
#1256=ORIENTED_EDGE('',*,*,#948,.T.);
#1257=ORIENTED_EDGE('',*,*,#957,.T.);
#1258=ORIENTED_EDGE('',*,*,#939,.T.);
#1259=ORIENTED_EDGE('',*,*,#916,.T.);
#1260=ORIENTED_EDGE('',*,*,#914,.T.);
#1261=ORIENTED_EDGE('',*,*,#912,.T.);
#1262=ORIENTED_EDGE('',*,*,#910,.T.);
#1263=ORIENTED_EDGE('',*,*,#908,.T.);
#1264=ORIENTED_EDGE('',*,*,#906,.T.);
#1265=ORIENTED_EDGE('',*,*,#904,.T.);
#1266=ORIENTED_EDGE('',*,*,#902,.T.);
#1267=ORIENTED_EDGE('',*,*,#953,.T.);
#1268=ORIENTED_EDGE('',*,*,#958,.T.);
#1269=ORIENTED_EDGE('',*,*,#959,.F.);
#1270=ORIENTED_EDGE('',*,*,#960,.T.);
#1271=ORIENTED_EDGE('',*,*,#961,.F.);
#1272=ORIENTED_EDGE('',*,*,#962,.T.);
#1273=ORIENTED_EDGE('',*,*,#963,.F.);
#1274=ORIENTED_EDGE('',*,*,#960,.F.);
#1275=ORIENTED_EDGE('',*,*,#964,.F.);
#1276=ORIENTED_EDGE('',*,*,#965,.T.);
#1277=ORIENTED_EDGE('',*,*,#966,.F.);
#1278=ORIENTED_EDGE('',*,*,#958,.F.);
#1279=ORIENTED_EDGE('',*,*,#967,.F.);
#1280=ORIENTED_EDGE('',*,*,#962,.F.);
#1281=ORIENTED_EDGE('',*,*,#968,.F.);
#1282=ORIENTED_EDGE('',*,*,#965,.F.);
#1283=ORIENTED_EDGE('',*,*,#969,.F.);
#1284=ORIENTED_EDGE('',*,*,#970,.T.);
#1285=ORIENTED_EDGE('',*,*,#971,.F.);
#1286=ORIENTED_EDGE('',*,*,#972,.T.);
#1287=ORIENTED_EDGE('',*,*,#973,.F.);
#1288=ORIENTED_EDGE('',*,*,#974,.T.);
#1289=ORIENTED_EDGE('',*,*,#975,.F.);
#1290=ORIENTED_EDGE('',*,*,#972,.F.);
#1291=ORIENTED_EDGE('',*,*,#976,.F.);
#1292=ORIENTED_EDGE('',*,*,#977,.T.);
#1293=ORIENTED_EDGE('',*,*,#978,.F.);
#1294=ORIENTED_EDGE('',*,*,#970,.F.);
#1295=ORIENTED_EDGE('',*,*,#979,.F.);
#1296=ORIENTED_EDGE('',*,*,#974,.F.);
#1297=ORIENTED_EDGE('',*,*,#980,.F.);
#1298=ORIENTED_EDGE('',*,*,#977,.F.);
#1299=ORIENTED_EDGE('',*,*,#981,.F.);
#1300=ORIENTED_EDGE('',*,*,#982,.F.);
#1301=ORIENTED_EDGE('',*,*,#976,.T.);
#1302=ORIENTED_EDGE('',*,*,#983,.F.);
#1303=ORIENTED_EDGE('',*,*,#964,.T.);
#1304=ORIENTED_EDGE('',*,*,#984,.T.);
#1305=ORIENTED_EDGE('',*,*,#978,.T.);
#1306=ORIENTED_EDGE('',*,*,#985,.T.);
#1307=ORIENTED_EDGE('',*,*,#966,.T.);
#1308=ORIENTED_EDGE('',*,*,#985,.F.);
#1309=ORIENTED_EDGE('',*,*,#980,.T.);
#1310=ORIENTED_EDGE('',*,*,#982,.T.);
#1311=ORIENTED_EDGE('',*,*,#959,.T.);
#1312=ORIENTED_EDGE('',*,*,#979,.T.);
#1313=ORIENTED_EDGE('',*,*,#973,.T.);
#1314=ORIENTED_EDGE('',*,*,#975,.T.);
#1315=ORIENTED_EDGE('',*,*,#981,.T.);
#1316=ORIENTED_EDGE('',*,*,#983,.T.);
#1317=ORIENTED_EDGE('',*,*,#971,.T.);
#1318=ORIENTED_EDGE('',*,*,#984,.F.);
#1319=ORIENTED_EDGE('',*,*,#968,.T.);
#1320=ORIENTED_EDGE('',*,*,#967,.T.);
#1321=ORIENTED_EDGE('',*,*,#961,.T.);
#1322=ORIENTED_EDGE('',*,*,#963,.T.);
#1323=ORIENTED_EDGE('',*,*,#969,.T.);
#1324=ORIENTED_EDGE('',*,*,#986,.T.);
#1325=ORIENTED_EDGE('',*,*,#987,.T.);
#1326=ORIENTED_EDGE('',*,*,#988,.F.);
#1327=ORIENTED_EDGE('',*,*,#989,.F.);
#1328=ORIENTED_EDGE('',*,*,#990,.F.);
#1329=ORIENTED_EDGE('',*,*,#991,.T.);
#1330=ORIENTED_EDGE('',*,*,#992,.F.);
#1331=ORIENTED_EDGE('',*,*,#993,.F.);
#1332=ORIENTED_EDGE('',*,*,#994,.T.);
#1333=ORIENTED_EDGE('',*,*,#992,.T.);
#1334=ORIENTED_EDGE('',*,*,#995,.T.);
#1335=ORIENTED_EDGE('',*,*,#988,.T.);
#1336=ORIENTED_EDGE('',*,*,#996,.F.);
#1337=ORIENTED_EDGE('',*,*,#990,.T.);
#1338=ORIENTED_EDGE('',*,*,#997,.F.);
#1339=ORIENTED_EDGE('',*,*,#998,.F.);
#1340=ORIENTED_EDGE('',*,*,#999,.F.);
#1341=ORIENTED_EDGE('',*,*,#998,.T.);
#1342=ORIENTED_EDGE('',*,*,#1000,.F.);
#1343=ORIENTED_EDGE('',*,*,#1001,.F.);
#1344=ORIENTED_EDGE('',*,*,#1002,.F.);
#1345=ORIENTED_EDGE('',*,*,#1001,.T.);
#1346=ORIENTED_EDGE('',*,*,#1003,.F.);
#1347=ORIENTED_EDGE('',*,*,#1004,.F.);
#1348=ORIENTED_EDGE('',*,*,#1005,.F.);
#1349=ORIENTED_EDGE('',*,*,#1004,.T.);
#1350=ORIENTED_EDGE('',*,*,#1006,.F.);
#1351=ORIENTED_EDGE('',*,*,#1007,.F.);
#1352=ORIENTED_EDGE('',*,*,#1008,.F.);
#1353=ORIENTED_EDGE('',*,*,#1007,.T.);
#1354=ORIENTED_EDGE('',*,*,#1009,.F.);
#1355=ORIENTED_EDGE('',*,*,#1010,.T.);
#1356=ORIENTED_EDGE('',*,*,#1011,.F.);
#1357=ORIENTED_EDGE('',*,*,#1012,.F.);
#1358=ORIENTED_EDGE('',*,*,#1013,.F.);
#1359=ORIENTED_EDGE('',*,*,#1014,.F.);
#1360=ORIENTED_EDGE('',*,*,#1015,.F.);
#1361=ORIENTED_EDGE('',*,*,#1014,.T.);
#1362=ORIENTED_EDGE('',*,*,#1016,.F.);
#1363=ORIENTED_EDGE('',*,*,#1017,.F.);
#1364=ORIENTED_EDGE('',*,*,#1018,.F.);
#1365=ORIENTED_EDGE('',*,*,#1017,.T.);
#1366=ORIENTED_EDGE('',*,*,#1019,.F.);
#1367=ORIENTED_EDGE('',*,*,#1020,.F.);
#1368=ORIENTED_EDGE('',*,*,#1021,.F.);
#1369=ORIENTED_EDGE('',*,*,#1020,.T.);
#1370=ORIENTED_EDGE('',*,*,#1022,.F.);
#1371=ORIENTED_EDGE('',*,*,#1023,.F.);
#1372=ORIENTED_EDGE('',*,*,#1024,.F.);
#1373=ORIENTED_EDGE('',*,*,#1023,.T.);
#1374=ORIENTED_EDGE('',*,*,#1025,.F.);
#1375=ORIENTED_EDGE('',*,*,#986,.F.);
#1376=ORIENTED_EDGE('',*,*,#996,.T.);
#1377=ORIENTED_EDGE('',*,*,#999,.T.);
#1378=ORIENTED_EDGE('',*,*,#1002,.T.);
#1379=ORIENTED_EDGE('',*,*,#1005,.T.);
#1380=ORIENTED_EDGE('',*,*,#1008,.T.);
#1381=ORIENTED_EDGE('',*,*,#1026,.T.);
#1382=ORIENTED_EDGE('',*,*,#1011,.T.);
#1383=ORIENTED_EDGE('',*,*,#1015,.T.);
#1384=ORIENTED_EDGE('',*,*,#1018,.T.);
#1385=ORIENTED_EDGE('',*,*,#1021,.T.);
#1386=ORIENTED_EDGE('',*,*,#1024,.T.);
#1387=ORIENTED_EDGE('',*,*,#989,.T.);
#1388=ORIENTED_EDGE('',*,*,#995,.F.);
#1389=ORIENTED_EDGE('',*,*,#991,.F.);
#1390=ORIENTED_EDGE('',*,*,#1025,.T.);
#1391=ORIENTED_EDGE('',*,*,#1022,.T.);
#1392=ORIENTED_EDGE('',*,*,#1019,.T.);
#1393=ORIENTED_EDGE('',*,*,#1016,.T.);
#1394=ORIENTED_EDGE('',*,*,#1013,.T.);
#1395=ORIENTED_EDGE('',*,*,#1027,.F.);
#1396=ORIENTED_EDGE('',*,*,#1009,.T.);
#1397=ORIENTED_EDGE('',*,*,#1006,.T.);
#1398=ORIENTED_EDGE('',*,*,#1003,.T.);
#1399=ORIENTED_EDGE('',*,*,#1000,.T.);
#1400=ORIENTED_EDGE('',*,*,#997,.T.);
#1401=ORIENTED_EDGE('',*,*,#993,.T.);
#1402=ORIENTED_EDGE('',*,*,#994,.F.);
#1403=ORIENTED_EDGE('',*,*,#987,.F.);
#1404=ORIENTED_EDGE('',*,*,#1028,.F.);
#1405=ORIENTED_EDGE('',*,*,#1029,.T.);
#1406=ORIENTED_EDGE('',*,*,#1030,.F.);
#1407=ORIENTED_EDGE('',*,*,#1031,.F.);
#1408=ORIENTED_EDGE('',*,*,#1032,.T.);
#1409=ORIENTED_EDGE('',*,*,#1033,.T.);
#1410=ORIENTED_EDGE('',*,*,#1034,.F.);
#1411=ORIENTED_EDGE('',*,*,#1035,.F.);
#1412=ORIENTED_EDGE('',*,*,#1034,.T.);
#1413=ORIENTED_EDGE('',*,*,#1036,.T.);
#1414=ORIENTED_EDGE('',*,*,#1030,.T.);
#1415=ORIENTED_EDGE('',*,*,#1037,.T.);
#1416=ORIENTED_EDGE('',*,*,#1038,.T.);
#1417=ORIENTED_EDGE('',*,*,#1028,.T.);
#1418=ORIENTED_EDGE('',*,*,#1039,.F.);
#1419=ORIENTED_EDGE('',*,*,#1040,.F.);
#1420=ORIENTED_EDGE('',*,*,#1041,.T.);
#1421=ORIENTED_EDGE('',*,*,#1040,.T.);
#1422=ORIENTED_EDGE('',*,*,#1042,.F.);
#1423=ORIENTED_EDGE('',*,*,#1043,.F.);
#1424=ORIENTED_EDGE('',*,*,#1044,.T.);
#1425=ORIENTED_EDGE('',*,*,#1043,.T.);
#1426=ORIENTED_EDGE('',*,*,#1045,.F.);
#1427=ORIENTED_EDGE('',*,*,#1046,.F.);
#1428=ORIENTED_EDGE('',*,*,#1047,.T.);
#1429=ORIENTED_EDGE('',*,*,#1046,.T.);
#1430=ORIENTED_EDGE('',*,*,#1048,.F.);
#1431=ORIENTED_EDGE('',*,*,#1026,.F.);
#1432=ORIENTED_EDGE('',*,*,#1049,.T.);
#1433=ORIENTED_EDGE('',*,*,#1027,.T.);
#1434=ORIENTED_EDGE('',*,*,#1050,.F.);
#1435=ORIENTED_EDGE('',*,*,#1051,.F.);
#1436=ORIENTED_EDGE('',*,*,#1052,.T.);
#1437=ORIENTED_EDGE('',*,*,#1051,.T.);
#1438=ORIENTED_EDGE('',*,*,#1053,.F.);
#1439=ORIENTED_EDGE('',*,*,#1054,.F.);
#1440=ORIENTED_EDGE('',*,*,#1055,.T.);
#1441=ORIENTED_EDGE('',*,*,#1054,.T.);
#1442=ORIENTED_EDGE('',*,*,#1056,.F.);
#1443=ORIENTED_EDGE('',*,*,#1057,.F.);
#1444=ORIENTED_EDGE('',*,*,#1058,.T.);
#1445=ORIENTED_EDGE('',*,*,#1057,.T.);
#1446=ORIENTED_EDGE('',*,*,#1059,.F.);
#1447=ORIENTED_EDGE('',*,*,#1032,.F.);
#1448=ORIENTED_EDGE('',*,*,#1059,.T.);
#1449=ORIENTED_EDGE('',*,*,#1056,.T.);
#1450=ORIENTED_EDGE('',*,*,#1053,.T.);
#1451=ORIENTED_EDGE('',*,*,#1050,.T.);
#1452=ORIENTED_EDGE('',*,*,#1012,.T.);
#1453=ORIENTED_EDGE('',*,*,#1048,.T.);
#1454=ORIENTED_EDGE('',*,*,#1045,.T.);
#1455=ORIENTED_EDGE('',*,*,#1042,.T.);
#1456=ORIENTED_EDGE('',*,*,#1039,.T.);
#1457=ORIENTED_EDGE('',*,*,#1031,.T.);
#1458=ORIENTED_EDGE('',*,*,#1036,.F.);
#1459=ORIENTED_EDGE('',*,*,#1033,.F.);
#1460=ORIENTED_EDGE('',*,*,#1038,.F.);
#1461=ORIENTED_EDGE('',*,*,#1041,.F.);
#1462=ORIENTED_EDGE('',*,*,#1044,.F.);
#1463=ORIENTED_EDGE('',*,*,#1047,.F.);
#1464=ORIENTED_EDGE('',*,*,#1010,.F.);
#1465=ORIENTED_EDGE('',*,*,#1049,.F.);
#1466=ORIENTED_EDGE('',*,*,#1052,.F.);
#1467=ORIENTED_EDGE('',*,*,#1055,.F.);
#1468=ORIENTED_EDGE('',*,*,#1058,.F.);
#1469=ORIENTED_EDGE('',*,*,#1035,.T.);
#1470=ORIENTED_EDGE('',*,*,#1037,.F.);
#1471=ORIENTED_EDGE('',*,*,#1029,.F.);
#1472=ORIENTED_EDGE('',*,*,#1060,.F.);
#1473=ORIENTED_EDGE('',*,*,#1061,.T.);
#1474=ORIENTED_EDGE('',*,*,#1062,.T.);
#1475=ORIENTED_EDGE('',*,*,#1063,.F.);
#1476=ORIENTED_EDGE('',*,*,#1064,.T.);
#1477=ORIENTED_EDGE('',*,*,#1065,.T.);
#1478=ORIENTED_EDGE('',*,*,#1066,.T.);
#1479=ORIENTED_EDGE('',*,*,#1067,.F.);
#1480=ORIENTED_EDGE('',*,*,#1068,.F.);
#1481=ORIENTED_EDGE('',*,*,#1062,.F.);
#1482=ORIENTED_EDGE('',*,*,#1069,.F.);
#1483=ORIENTED_EDGE('',*,*,#1066,.F.);
#1484=ORIENTED_EDGE('',*,*,#1070,.T.);
#1485=ORIENTED_EDGE('',*,*,#1071,.T.);
#1486=ORIENTED_EDGE('',*,*,#1072,.T.);
#1487=ORIENTED_EDGE('',*,*,#1064,.F.);
#1488=ORIENTED_EDGE('',*,*,#1073,.T.);
#1489=ORIENTED_EDGE('',*,*,#1074,.T.);
#1490=ORIENTED_EDGE('',*,*,#1075,.T.);
#1491=ORIENTED_EDGE('',*,*,#1071,.F.);
#1492=ORIENTED_EDGE('',*,*,#1076,.T.);
#1493=ORIENTED_EDGE('',*,*,#1077,.T.);
#1494=ORIENTED_EDGE('',*,*,#1078,.T.);
#1495=ORIENTED_EDGE('',*,*,#1074,.F.);
#1496=ORIENTED_EDGE('',*,*,#1079,.T.);
#1497=ORIENTED_EDGE('',*,*,#1080,.T.);
#1498=ORIENTED_EDGE('',*,*,#1081,.T.);
#1499=ORIENTED_EDGE('',*,*,#1077,.F.);
#1500=ORIENTED_EDGE('',*,*,#1082,.T.);
#1501=ORIENTED_EDGE('',*,*,#1083,.F.);
#1502=ORIENTED_EDGE('',*,*,#1084,.T.);
#1503=ORIENTED_EDGE('',*,*,#1080,.F.);
#1504=ORIENTED_EDGE('',*,*,#1085,.T.);
#1505=ORIENTED_EDGE('',*,*,#1086,.T.);
#1506=ORIENTED_EDGE('',*,*,#1087,.T.);
#1507=ORIENTED_EDGE('',*,*,#1088,.T.);
#1508=ORIENTED_EDGE('',*,*,#1089,.T.);
#1509=ORIENTED_EDGE('',*,*,#1090,.T.);
#1510=ORIENTED_EDGE('',*,*,#1091,.T.);
#1511=ORIENTED_EDGE('',*,*,#1086,.F.);
#1512=ORIENTED_EDGE('',*,*,#1092,.T.);
#1513=ORIENTED_EDGE('',*,*,#1093,.T.);
#1514=ORIENTED_EDGE('',*,*,#1094,.T.);
#1515=ORIENTED_EDGE('',*,*,#1090,.F.);
#1516=ORIENTED_EDGE('',*,*,#1095,.T.);
#1517=ORIENTED_EDGE('',*,*,#1096,.T.);
#1518=ORIENTED_EDGE('',*,*,#1097,.T.);
#1519=ORIENTED_EDGE('',*,*,#1093,.F.);
#1520=ORIENTED_EDGE('',*,*,#1098,.T.);
#1521=ORIENTED_EDGE('',*,*,#1060,.T.);
#1522=ORIENTED_EDGE('',*,*,#1099,.T.);
#1523=ORIENTED_EDGE('',*,*,#1096,.F.);
#1524=ORIENTED_EDGE('',*,*,#1070,.F.);
#1525=ORIENTED_EDGE('',*,*,#1067,.T.);
#1526=ORIENTED_EDGE('',*,*,#1069,.T.);
#1527=ORIENTED_EDGE('',*,*,#1061,.F.);
#1528=ORIENTED_EDGE('',*,*,#1098,.F.);
#1529=ORIENTED_EDGE('',*,*,#1095,.F.);
#1530=ORIENTED_EDGE('',*,*,#1092,.F.);
#1531=ORIENTED_EDGE('',*,*,#1089,.F.);
#1532=ORIENTED_EDGE('',*,*,#1085,.F.);
#1533=ORIENTED_EDGE('',*,*,#1100,.F.);
#1534=ORIENTED_EDGE('',*,*,#1082,.F.);
#1535=ORIENTED_EDGE('',*,*,#1079,.F.);
#1536=ORIENTED_EDGE('',*,*,#1076,.F.);
#1537=ORIENTED_EDGE('',*,*,#1073,.F.);
#1538=ORIENTED_EDGE('',*,*,#1099,.F.);
#1539=ORIENTED_EDGE('',*,*,#1063,.T.);
#1540=ORIENTED_EDGE('',*,*,#1068,.T.);
#1541=ORIENTED_EDGE('',*,*,#1065,.F.);
#1542=ORIENTED_EDGE('',*,*,#1072,.F.);
#1543=ORIENTED_EDGE('',*,*,#1075,.F.);
#1544=ORIENTED_EDGE('',*,*,#1078,.F.);
#1545=ORIENTED_EDGE('',*,*,#1081,.F.);
#1546=ORIENTED_EDGE('',*,*,#1084,.F.);
#1547=ORIENTED_EDGE('',*,*,#1101,.T.);
#1548=ORIENTED_EDGE('',*,*,#1087,.F.);
#1549=ORIENTED_EDGE('',*,*,#1091,.F.);
#1550=ORIENTED_EDGE('',*,*,#1094,.F.);
#1551=ORIENTED_EDGE('',*,*,#1097,.F.);
#1552=ORIENTED_EDGE('',*,*,#1102,.T.);
#1553=ORIENTED_EDGE('',*,*,#1103,.T.);
#1554=ORIENTED_EDGE('',*,*,#1104,.T.);
#1555=ORIENTED_EDGE('',*,*,#1105,.F.);
#1556=ORIENTED_EDGE('',*,*,#1106,.F.);
#1557=ORIENTED_EDGE('',*,*,#1107,.T.);
#1558=ORIENTED_EDGE('',*,*,#1108,.T.);
#1559=ORIENTED_EDGE('',*,*,#1109,.F.);
#1560=ORIENTED_EDGE('',*,*,#1108,.F.);
#1561=ORIENTED_EDGE('',*,*,#1110,.F.);
#1562=ORIENTED_EDGE('',*,*,#1104,.F.);
#1563=ORIENTED_EDGE('',*,*,#1111,.F.);
#1564=ORIENTED_EDGE('',*,*,#1112,.F.);
#1565=ORIENTED_EDGE('',*,*,#1113,.T.);
#1566=ORIENTED_EDGE('',*,*,#1114,.T.);
#1567=ORIENTED_EDGE('',*,*,#1102,.F.);
#1568=ORIENTED_EDGE('',*,*,#1115,.F.);
#1569=ORIENTED_EDGE('',*,*,#1116,.T.);
#1570=ORIENTED_EDGE('',*,*,#1117,.T.);
#1571=ORIENTED_EDGE('',*,*,#1113,.F.);
#1572=ORIENTED_EDGE('',*,*,#1118,.F.);
#1573=ORIENTED_EDGE('',*,*,#1119,.T.);
#1574=ORIENTED_EDGE('',*,*,#1120,.T.);
#1575=ORIENTED_EDGE('',*,*,#1116,.F.);
#1576=ORIENTED_EDGE('',*,*,#1121,.F.);
#1577=ORIENTED_EDGE('',*,*,#1100,.T.);
#1578=ORIENTED_EDGE('',*,*,#1122,.T.);
#1579=ORIENTED_EDGE('',*,*,#1119,.F.);
#1580=ORIENTED_EDGE('',*,*,#1123,.F.);
#1581=ORIENTED_EDGE('',*,*,#1124,.T.);
#1582=ORIENTED_EDGE('',*,*,#1125,.T.);
#1583=ORIENTED_EDGE('',*,*,#1101,.F.);
#1584=ORIENTED_EDGE('',*,*,#1126,.F.);
#1585=ORIENTED_EDGE('',*,*,#1127,.T.);
#1586=ORIENTED_EDGE('',*,*,#1128,.T.);
#1587=ORIENTED_EDGE('',*,*,#1124,.F.);
#1588=ORIENTED_EDGE('',*,*,#1129,.F.);
#1589=ORIENTED_EDGE('',*,*,#1130,.T.);
#1590=ORIENTED_EDGE('',*,*,#1131,.T.);
#1591=ORIENTED_EDGE('',*,*,#1127,.F.);
#1592=ORIENTED_EDGE('',*,*,#1132,.F.);
#1593=ORIENTED_EDGE('',*,*,#1106,.T.);
#1594=ORIENTED_EDGE('',*,*,#1133,.T.);
#1595=ORIENTED_EDGE('',*,*,#1130,.F.);
#1596=ORIENTED_EDGE('',*,*,#1133,.F.);
#1597=ORIENTED_EDGE('',*,*,#1109,.T.);
#1598=ORIENTED_EDGE('',*,*,#1111,.T.);
#1599=ORIENTED_EDGE('',*,*,#1103,.F.);
#1600=ORIENTED_EDGE('',*,*,#1114,.F.);
#1601=ORIENTED_EDGE('',*,*,#1117,.F.);
#1602=ORIENTED_EDGE('',*,*,#1120,.F.);
#1603=ORIENTED_EDGE('',*,*,#1122,.F.);
#1604=ORIENTED_EDGE('',*,*,#1088,.F.);
#1605=ORIENTED_EDGE('',*,*,#1125,.F.);
#1606=ORIENTED_EDGE('',*,*,#1128,.F.);
#1607=ORIENTED_EDGE('',*,*,#1131,.F.);
#1608=ORIENTED_EDGE('',*,*,#1112,.T.);
#1609=ORIENTED_EDGE('',*,*,#1105,.T.);
#1610=ORIENTED_EDGE('',*,*,#1110,.T.);
#1611=ORIENTED_EDGE('',*,*,#1107,.F.);
#1612=ORIENTED_EDGE('',*,*,#1132,.T.);
#1613=ORIENTED_EDGE('',*,*,#1129,.T.);
#1614=ORIENTED_EDGE('',*,*,#1126,.T.);
#1615=ORIENTED_EDGE('',*,*,#1123,.T.);
#1616=ORIENTED_EDGE('',*,*,#1083,.T.);
#1617=ORIENTED_EDGE('',*,*,#1121,.T.);
#1618=ORIENTED_EDGE('',*,*,#1118,.T.);
#1619=ORIENTED_EDGE('',*,*,#1115,.T.);
#1620=PLANE('',#1928);
#1621=PLANE('',#1929);
#1622=PLANE('',#1930);
#1623=PLANE('',#1931);
#1624=PLANE('',#1932);
#1625=PLANE('',#1933);
#1626=PLANE('',#1934);
#1627=PLANE('',#1935);
#1628=PLANE('',#1936);
#1629=PLANE('',#1937);
#1630=PLANE('',#1938);
#1631=PLANE('',#1939);
#1632=PLANE('',#1940);
#1633=PLANE('',#1941);
#1634=PLANE('',#1942);
#1635=PLANE('',#1943);
#1636=PLANE('',#1944);
#1637=PLANE('',#1945);
#1638=PLANE('',#1946);
#1639=PLANE('',#1947);
#1640=PLANE('',#1948);
#1641=PLANE('',#1949);
#1642=PLANE('',#1950);
#1643=PLANE('',#1951);
#1644=PLANE('',#1952);
#1645=PLANE('',#1954);
#1646=PLANE('',#1955);
#1647=PLANE('',#1956);
#1648=PLANE('',#1957);
#1649=PLANE('',#1958);
#1650=PLANE('',#1959);
#1651=PLANE('',#1960);
#1652=PLANE('',#1961);
#1653=PLANE('',#1962);
#1654=PLANE('',#1963);
#1655=PLANE('',#1964);
#1656=PLANE('',#1965);
#1657=PLANE('',#1966);
#1658=PLANE('',#1967);
#1659=PLANE('',#1972);
#1660=PLANE('',#1973);
#1661=PLANE('',#1974);
#1662=PLANE('',#1975);
#1663=PLANE('',#1976);
#1664=PLANE('',#1977);
#1665=PLANE('',#1978);
#1666=PLANE('',#1979);
#1667=PLANE('',#1980);
#1668=PLANE('',#1981);
#1669=PLANE('',#1982);
#1670=PLANE('',#1983);
#1671=PLANE('',#1984);
#1672=PLANE('',#1985);
#1673=PLANE('',#1986);
#1674=PLANE('',#1987);
#1675=PLANE('',#1988);
#1676=PLANE('',#1989);
#1677=PLANE('',#1990);
#1678=PLANE('',#1991);
#1679=PLANE('',#1992);
#1680=PLANE('',#1993);
#1681=PLANE('',#1994);
#1682=PLANE('',#1995);
#1683=PLANE('',#1996);
#1684=PLANE('',#1997);
#1685=PLANE('',#1998);
#1686=PLANE('',#1999);
#1687=PLANE('',#2001);
#1688=PLANE('',#2002);
#1689=PLANE('',#2003);
#1690=PLANE('',#2004);
#1691=PLANE('',#2005);
#1692=PLANE('',#2006);
#1693=PLANE('',#2007);
#1694=PLANE('',#2008);
#1695=PLANE('',#2009);
#1696=PLANE('',#2010);
#1697=PLANE('',#2011);
#1698=PLANE('',#2012);
#1699=PLANE('',#2013);
#1700=PLANE('',#2014);
#1701=PLANE('',#2015);
#1702=PLANE('',#2016);
#1703=PLANE('',#2017);
#1704=PLANE('',#2018);
#1705=PLANE('',#2019);
#1706=PLANE('',#2020);
#1707=PLANE('',#2021);
#1708=PLANE('',#2022);
#1709=PLANE('',#2023);
#1710=PLANE('',#2024);
#1711=PLANE('',#2025);
#1712=PLANE('',#2026);
#1713=PLANE('',#2027);
#1714=PLANE('',#2028);
#1715=ADVANCED_FACE('',(#55),#1620,.T.);
#1716=ADVANCED_FACE('',(#56),#1621,.F.);
#1717=ADVANCED_FACE('',(#57),#1622,.F.);
#1718=ADVANCED_FACE('',(#58),#1623,.F.);
#1719=ADVANCED_FACE('',(#59),#1624,.F.);
#1720=ADVANCED_FACE('',(#60),#1625,.F.);
#1721=ADVANCED_FACE('',(#61),#1626,.F.);
#1722=ADVANCED_FACE('',(#62),#1627,.F.);
#1723=ADVANCED_FACE('',(#63),#1628,.F.);
#1724=ADVANCED_FACE('',(#64),#1629,.F.);
#1725=ADVANCED_FACE('',(#65),#1630,.F.);
#1726=ADVANCED_FACE('',(#66),#1631,.F.);
#1727=ADVANCED_FACE('',(#67),#1632,.F.);
#1728=ADVANCED_FACE('',(#68,#51,#52),#1633,.F.);
#1729=ADVANCED_FACE('',(#69,#53,#54),#1634,.T.);
#1730=ADVANCED_FACE('',(#70),#1635,.T.);
#1731=ADVANCED_FACE('',(#71),#1636,.T.);
#1732=ADVANCED_FACE('',(#72),#1637,.T.);
#1733=ADVANCED_FACE('',(#73),#1638,.T.);
#1734=ADVANCED_FACE('',(#74),#1639,.T.);
#1735=ADVANCED_FACE('',(#75),#1640,.F.);
#1736=ADVANCED_FACE('',(#76),#1641,.F.);
#1737=ADVANCED_FACE('',(#77),#1642,.F.);
#1738=ADVANCED_FACE('',(#78),#1643,.F.);
#1739=ADVANCED_FACE('',(#79),#1644,.T.);
#1740=ADVANCED_FACE('',(#80),#1645,.F.);
#1741=ADVANCED_FACE('',(#81),#1646,.F.);
#1742=ADVANCED_FACE('',(#82),#1647,.T.);
#1743=ADVANCED_FACE('',(#83),#1648,.F.);
#1744=ADVANCED_FACE('',(#84),#1649,.F.);
#1745=ADVANCED_FACE('',(#85),#1650,.F.);
#1746=ADVANCED_FACE('',(#86),#1651,.T.);
#1747=ADVANCED_FACE('',(#87),#1652,.F.);
#1748=ADVANCED_FACE('',(#88),#1653,.F.);
#1749=ADVANCED_FACE('',(#89),#1654,.T.);
#1750=ADVANCED_FACE('',(#90),#1655,.F.);
#1751=ADVANCED_FACE('',(#91),#1656,.F.);
#1752=ADVANCED_FACE('',(#92),#1657,.F.);
#1753=ADVANCED_FACE('',(#93),#1658,.F.);
#1754=ADVANCED_FACE('',(#94),#1659,.T.);
#1755=ADVANCED_FACE('',(#95),#1660,.T.);
#1756=ADVANCED_FACE('',(#96),#1661,.T.);
#1757=ADVANCED_FACE('',(#97),#1662,.T.);
#1758=ADVANCED_FACE('',(#98),#1663,.T.);
#1759=ADVANCED_FACE('',(#99),#1664,.T.);
#1760=ADVANCED_FACE('',(#100),#1665,.T.);
#1761=ADVANCED_FACE('',(#101),#1666,.T.);
#1762=ADVANCED_FACE('',(#102),#1667,.T.);
#1763=ADVANCED_FACE('',(#103),#1668,.T.);
#1764=ADVANCED_FACE('',(#104),#1669,.T.);
#1765=ADVANCED_FACE('',(#105),#1670,.T.);
#1766=ADVANCED_FACE('',(#106),#1671,.T.);
#1767=ADVANCED_FACE('',(#107),#1672,.T.);
#1768=ADVANCED_FACE('',(#108),#1673,.T.);
#1769=ADVANCED_FACE('',(#109),#1674,.T.);
#1770=ADVANCED_FACE('',(#110),#1675,.T.);
#1771=ADVANCED_FACE('',(#111),#1676,.T.);
#1772=ADVANCED_FACE('',(#112),#1677,.T.);
#1773=ADVANCED_FACE('',(#113),#1678,.T.);
#1774=ADVANCED_FACE('',(#114),#1679,.T.);
#1775=ADVANCED_FACE('',(#115),#1680,.T.);
#1776=ADVANCED_FACE('',(#116),#1681,.T.);
#1777=ADVANCED_FACE('',(#117),#1682,.T.);
#1778=ADVANCED_FACE('',(#118),#1683,.T.);
#1779=ADVANCED_FACE('',(#119),#1684,.T.);
#1780=ADVANCED_FACE('',(#120),#1685,.T.);
#1781=ADVANCED_FACE('',(#121),#1686,.F.);
#1782=ADVANCED_FACE('',(#122),#1687,.F.);
#1783=ADVANCED_FACE('',(#123),#1688,.F.);
#1784=ADVANCED_FACE('',(#124),#1689,.F.);
#1785=ADVANCED_FACE('',(#125),#1690,.F.);
#1786=ADVANCED_FACE('',(#126),#1691,.F.);
#1787=ADVANCED_FACE('',(#127),#1692,.F.);
#1788=ADVANCED_FACE('',(#128),#1693,.F.);
#1789=ADVANCED_FACE('',(#129),#1694,.F.);
#1790=ADVANCED_FACE('',(#130),#1695,.F.);
#1791=ADVANCED_FACE('',(#131),#1696,.F.);
#1792=ADVANCED_FACE('',(#132),#1697,.F.);
#1793=ADVANCED_FACE('',(#133),#1698,.F.);
#1794=ADVANCED_FACE('',(#134),#1699,.F.);
#1795=ADVANCED_FACE('',(#135),#1700,.F.);
#1796=ADVANCED_FACE('',(#136),#1701,.F.);
#1797=ADVANCED_FACE('',(#137),#1702,.F.);
#1798=ADVANCED_FACE('',(#138),#1703,.F.);
#1799=ADVANCED_FACE('',(#139),#1704,.F.);
#1800=ADVANCED_FACE('',(#140),#1705,.F.);
#1801=ADVANCED_FACE('',(#141),#1706,.F.);
#1802=ADVANCED_FACE('',(#142),#1707,.F.);
#1803=ADVANCED_FACE('',(#143),#1708,.F.);
#1804=ADVANCED_FACE('',(#144),#1709,.F.);
#1805=ADVANCED_FACE('',(#145),#1710,.F.);
#1806=ADVANCED_FACE('',(#146),#1711,.F.);
#1807=ADVANCED_FACE('',(#147),#1712,.F.);
#1808=ADVANCED_FACE('',(#148),#1713,.F.);
#1809=ADVANCED_FACE('',(#149),#1714,.T.);
#1810=CLOSED_SHELL('',(#1715,#1716,#1717,#1718,#1719,#1720,#1721,#1722,
#1723,#1724,#1725,#1726,#1727,#1728,#1729,#1730,#1731,#1732,#1733,#1734,
#1735,#1736,#1737,#1738,#1739));
#1811=CLOSED_SHELL('',(#1740,#1741,#1742,#1743,#1744,#1745,#1746,#1747,
#1748,#1749,#1750,#1751,#1752,#1753));
#1812=CLOSED_SHELL('',(#1754,#1755,#1756,#1757,#1758,#1759,#1760,#1761,
#1762,#1763,#1764,#1765,#1766,#1767,#1768,#1769,#1770,#1771,#1772,#1773,
#1774,#1775,#1776,#1777,#1778,#1779,#1780,#1781));
#1813=CLOSED_SHELL('',(#1782,#1783,#1784,#1785,#1786,#1787,#1788,#1789,
#1790,#1791,#1792,#1793,#1794,#1795,#1796,#1797,#1798,#1799,#1800,#1801,
#1802,#1803,#1804,#1805,#1806,#1807,#1808,#1809));
#1814=DERIVED_UNIT_ELEMENT(#1823,1.);
#1815=DERIVED_UNIT_ELEMENT(#3010,-3.);
#1816=DERIVED_UNIT_ELEMENT(#1823,1.);
#1817=DERIVED_UNIT_ELEMENT(#3010,-3.);
#1818=DERIVED_UNIT_ELEMENT(#1823,1.);
#1819=DERIVED_UNIT_ELEMENT(#3010,-3.);
#1820=DERIVED_UNIT_ELEMENT(#1823,1.);
#1821=DERIVED_UNIT_ELEMENT(#3010,-3.);
#1822=DIMENSIONAL_EXPONENTS(0.,1.,0.,0.,0.,0.,0.);
#1823=(
CONVERSION_BASED_UNIT('gram',#1825)
MASS_UNIT()
NAMED_UNIT(#1822)
);
#1824=(
MASS_UNIT()
NAMED_UNIT(*)
SI_UNIT(.KILO.,.GRAM.)
);
#1825=MASS_MEASURE_WITH_UNIT(MASS_MEASURE(0.001),#1824);
#1826=DERIVED_UNIT((#1814,#1815));
#1827=DERIVED_UNIT((#1816,#1817));
#1828=DERIVED_UNIT((#1818,#1819));
#1829=DERIVED_UNIT((#1820,#1821));
#1830=MEASURE_REPRESENTATION_ITEM('density measure',
POSITIVE_RATIO_MEASURE(1.),#1826);
#1831=MEASURE_REPRESENTATION_ITEM('density measure',
POSITIVE_RATIO_MEASURE(1.),#1827);
#1832=MEASURE_REPRESENTATION_ITEM('density measure',
POSITIVE_RATIO_MEASURE(1.),#1828);
#1833=MEASURE_REPRESENTATION_ITEM('density measure',
POSITIVE_RATIO_MEASURE(1.),#1829);
#1834=PROPERTY_DEFINITION_REPRESENTATION(#1854,#1842);
#1835=PROPERTY_DEFINITION_REPRESENTATION(#1855,#1843);
#1836=PROPERTY_DEFINITION_REPRESENTATION(#1856,#1844);
#1837=PROPERTY_DEFINITION_REPRESENTATION(#1857,#1845);
#1838=PROPERTY_DEFINITION_REPRESENTATION(#1858,#1846);
#1839=PROPERTY_DEFINITION_REPRESENTATION(#1859,#1847);
#1840=PROPERTY_DEFINITION_REPRESENTATION(#1860,#1848);
#1841=PROPERTY_DEFINITION_REPRESENTATION(#1861,#1849);
#1842=REPRESENTATION('material name',(#1850),#3004);
#1843=REPRESENTATION('density',(#1830),#3004);
#1844=REPRESENTATION('material name',(#1851),#3005);
#1845=REPRESENTATION('density',(#1831),#3005);
#1846=REPRESENTATION('material name',(#1852),#3006);
#1847=REPRESENTATION('density',(#1832),#3006);
#1848=REPRESENTATION('material name',(#1853),#3007);
#1849=REPRESENTATION('density',(#1833),#3007);
#1850=DESCRIPTIVE_REPRESENTATION_ITEM('Generic','Generic');
#1851=DESCRIPTIVE_REPRESENTATION_ITEM('Generic','Generic');
#1852=DESCRIPTIVE_REPRESENTATION_ITEM('Generic','Generic');
#1853=DESCRIPTIVE_REPRESENTATION_ITEM('Generic','Generic');
#1854=PROPERTY_DEFINITION('material property','material name',#3040);
#1855=PROPERTY_DEFINITION('material property','density of part',#3040);
#1856=PROPERTY_DEFINITION('material property','material name',#3041);
#1857=PROPERTY_DEFINITION('material property','density of part',#3041);
#1858=PROPERTY_DEFINITION('material property','material name',#3042);
#1859=PROPERTY_DEFINITION('material property','density of part',#3042);
#1860=PROPERTY_DEFINITION('material property','material name',#3043);
#1861=PROPERTY_DEFINITION('material property','density of part',#3043);
#1862=PRESENTATION_STYLE_ASSIGNMENT((#1865));
#1863=PRESENTATION_STYLE_ASSIGNMENT((#1866));
#1864=PRESENTATION_STYLE_ASSIGNMENT((#1867));
#1865=SURFACE_STYLE_USAGE(.BOTH.,#1874);
#1866=SURFACE_STYLE_USAGE(.BOTH.,#1875);
#1867=SURFACE_STYLE_USAGE(.BOTH.,#1876);
#1868=SURFACE_STYLE_RENDERING_WITH_PROPERTIES($,#1886,(#1871));
#1869=SURFACE_STYLE_RENDERING_WITH_PROPERTIES($,#1887,(#1872));
#1870=SURFACE_STYLE_RENDERING_WITH_PROPERTIES($,#1888,(#1873));
#1871=SURFACE_STYLE_TRANSPARENT(0.);
#1872=SURFACE_STYLE_TRANSPARENT(0.);
#1873=SURFACE_STYLE_TRANSPARENT(0.);
#1874=SURFACE_SIDE_STYLE('',(#1877,#1868));
#1875=SURFACE_SIDE_STYLE('',(#1878,#1869));
#1876=SURFACE_SIDE_STYLE('',(#1879,#1870));
#1877=SURFACE_STYLE_FILL_AREA(#1880);
#1878=SURFACE_STYLE_FILL_AREA(#1881);
#1879=SURFACE_STYLE_FILL_AREA(#1882);
#1880=FILL_AREA_STYLE('',(#1883));
#1881=FILL_AREA_STYLE('',(#1884));
#1882=FILL_AREA_STYLE('',(#1885));
#1883=FILL_AREA_STYLE_COLOUR('',#1886);
#1884=FILL_AREA_STYLE_COLOUR('',#1887);
#1885=FILL_AREA_STYLE_COLOUR('',#1888);
#1886=COLOUR_RGB('',0.749019607843137,0.749019607843137,0.749019607843137);
#1887=COLOUR_RGB('',1.,1.,1.);
#1888=COLOUR_RGB('',0.796078431372549,0.823529411764706,0.937254901960784);
#1889=DATE_TIME_ROLE('creation_date');
#1890=DATE_TIME_ROLE('creation_date');
#1891=DATE_TIME_ROLE('creation_date');
#1892=DATE_TIME_ROLE('creation_date');
#1893=DATE_TIME_ROLE('creation_date');
#1894=DATE_TIME_ROLE('creation_date');
#1895=APPLIED_DATE_AND_TIME_ASSIGNMENT(#1901,#1889,(#3038));
#1896=APPLIED_DATE_AND_TIME_ASSIGNMENT(#1902,#1890,(#3039));
#1897=APPLIED_DATE_AND_TIME_ASSIGNMENT(#1903,#1891,(#3040));
#1898=APPLIED_DATE_AND_TIME_ASSIGNMENT(#1904,#1892,(#3041));
#1899=APPLIED_DATE_AND_TIME_ASSIGNMENT(#1905,#1893,(#3042));
#1900=APPLIED_DATE_AND_TIME_ASSIGNMENT(#1906,#1894,(#3043));
#1901=DATE_AND_TIME(#1907,#1913);
#1902=DATE_AND_TIME(#1908,#1914);
#1903=DATE_AND_TIME(#1909,#1915);
#1904=DATE_AND_TIME(#1910,#1916);
#1905=DATE_AND_TIME(#1911,#1917);
#1906=DATE_AND_TIME(#1912,#1918);
#1907=CALENDAR_DATE(2025,13,12);
#1908=CALENDAR_DATE(2023,10,12);
#1909=CALENDAR_DATE(2025,13,12);
#1910=CALENDAR_DATE(2025,13,12);
#1911=CALENDAR_DATE(2025,13,12);
#1912=CALENDAR_DATE(2025,13,12);
#1913=LOCAL_TIME(0,0,0.,#1919);
#1914=LOCAL_TIME(14,15,22.,#1920);
#1915=LOCAL_TIME(0,0,0.,#1921);
#1916=LOCAL_TIME(0,0,0.,#1922);
#1917=LOCAL_TIME(0,0,0.,#1923);
#1918=LOCAL_TIME(0,0,0.,#1924);
#1919=COORDINATED_UNIVERSAL_TIME_OFFSET(0,0,.BEHIND.);
#1920=COORDINATED_UNIVERSAL_TIME_OFFSET(0,0,.BEHIND.);
#1921=COORDINATED_UNIVERSAL_TIME_OFFSET(0,0,.BEHIND.);
#1922=COORDINATED_UNIVERSAL_TIME_OFFSET(0,0,.BEHIND.);
#1923=COORDINATED_UNIVERSAL_TIME_OFFSET(0,0,.BEHIND.);
#1924=COORDINATED_UNIVERSAL_TIME_OFFSET(0,0,.BEHIND.);
#1925=AXIS2_PLACEMENT_3D('',#2489,#2032,#2033);
#1926=AXIS2_PLACEMENT_3D('',#2490,#2034,#2035);
#1927=AXIS2_PLACEMENT_3D('',#2491,#2036,#2037);
#1928=AXIS2_PLACEMENT_3D('',#2492,#2038,#2039);
#1929=AXIS2_PLACEMENT_3D('',#2513,#2050,#2051);
#1930=AXIS2_PLACEMENT_3D('',#2519,#2055,#2056);
#1931=AXIS2_PLACEMENT_3D('',#2523,#2059,#2060);
#1932=AXIS2_PLACEMENT_3D('',#2527,#2063,#2064);
#1933=AXIS2_PLACEMENT_3D('',#2531,#2067,#2068);
#1934=AXIS2_PLACEMENT_3D('',#2535,#2071,#2072);
#1935=AXIS2_PLACEMENT_3D('',#2539,#2075,#2076);
#1936=AXIS2_PLACEMENT_3D('',#2543,#2079,#2080);
#1937=AXIS2_PLACEMENT_3D('',#2547,#2083,#2084);
#1938=AXIS2_PLACEMENT_3D('',#2556,#2089,#2090);
#1939=AXIS2_PLACEMENT_3D('',#2562,#2094,#2095);
#1940=AXIS2_PLACEMENT_3D('',#2568,#2099,#2100);
#1941=AXIS2_PLACEMENT_3D('',#2571,#2103,#2104);
#1942=AXIS2_PLACEMENT_3D('',#2589,#2114,#2115);
#1943=AXIS2_PLACEMENT_3D('',#2609,#2126,#2127);
#1944=AXIS2_PLACEMENT_3D('',#2612,#2130,#2131);
#1945=AXIS2_PLACEMENT_3D('',#2614,#2133,#2134);
#1946=AXIS2_PLACEMENT_3D('',#2615,#2135,#2136);
#1947=AXIS2_PLACEMENT_3D('',#2617,#2138,#2139);
#1948=AXIS2_PLACEMENT_3D('',#2619,#2141,#2142);
#1949=AXIS2_PLACEMENT_3D('',#2622,#2145,#2146);
#1950=AXIS2_PLACEMENT_3D('',#2624,#2148,#2149);
#1951=AXIS2_PLACEMENT_3D('',#2626,#2151,#2152);
#1952=AXIS2_PLACEMENT_3D('',#2627,#2153,#2154);
#1953=AXIS2_PLACEMENT_3D('',#2628,#2155,#2156);
#1954=AXIS2_PLACEMENT_3D('',#2629,#2157,#2158);
#1955=AXIS2_PLACEMENT_3D('',#2638,#2163,#2164);
#1956=AXIS2_PLACEMENT_3D('',#2644,#2168,#2169);
#1957=AXIS2_PLACEMENT_3D('',#2650,#2173,#2174);
#1958=AXIS2_PLACEMENT_3D('',#2653,#2177,#2178);
#1959=AXIS2_PLACEMENT_3D('',#2662,#2183,#2184);
#1960=AXIS2_PLACEMENT_3D('',#2668,#2188,#2189);
#1961=AXIS2_PLACEMENT_3D('',#2674,#2193,#2194);
#1962=AXIS2_PLACEMENT_3D('',#2677,#2197,#2198);
#1963=AXIS2_PLACEMENT_3D('',#2680,#2201,#2202);
#1964=AXIS2_PLACEMENT_3D('',#2683,#2205,#2206);
#1965=AXIS2_PLACEMENT_3D('',#2684,#2207,#2208);
#1966=AXIS2_PLACEMENT_3D('',#2685,#2209,#2210);
#1967=AXIS2_PLACEMENT_3D('',#2686,#2211,#2212);
#1968=AXIS2_PLACEMENT_3D('',#2687,#2213,#2214);
#1969=AXIS2_PLACEMENT_3D('',#2688,#2215,#2216);
#1970=AXIS2_PLACEMENT_3D('',#2689,#2217,#2218);
#1971=AXIS2_PLACEMENT_3D('',#2690,#2219,#2220);
#1972=AXIS2_PLACEMENT_3D('',#2691,#2221,#2222);
#1973=AXIS2_PLACEMENT_3D('',#2700,#2227,#2228);
#1974=AXIS2_PLACEMENT_3D('',#2709,#2233,#2234);
#1975=AXIS2_PLACEMENT_3D('',#2712,#2237,#2238);
#1976=AXIS2_PLACEMENT_3D('',#2718,#2242,#2243);
#1977=AXIS2_PLACEMENT_3D('',#2724,#2247,#2248);
#1978=AXIS2_PLACEMENT_3D('',#2730,#2252,#2253);
#1979=AXIS2_PLACEMENT_3D('',#2736,#2257,#2258);
#1980=AXIS2_PLACEMENT_3D('',#2742,#2262,#2263);
#1981=AXIS2_PLACEMENT_3D('',#2751,#2268,#2269);
#1982=AXIS2_PLACEMENT_3D('',#2757,#2273,#2274);
#1983=AXIS2_PLACEMENT_3D('',#2763,#2278,#2279);
#1984=AXIS2_PLACEMENT_3D('',#2769,#2283,#2284);
#1985=AXIS2_PLACEMENT_3D('',#2772,#2287,#2288);
#1986=AXIS2_PLACEMENT_3D('',#2774,#2290,#2291);
#1987=AXIS2_PLACEMENT_3D('',#2776,#2293,#2294);
#1988=AXIS2_PLACEMENT_3D('',#2785,#2299,#2300);
#1989=AXIS2_PLACEMENT_3D('',#2794,#2305,#2306);
#1990=AXIS2_PLACEMENT_3D('',#2797,#2309,#2310);
#1991=AXIS2_PLACEMENT_3D('',#2803,#2314,#2315);
#1992=AXIS2_PLACEMENT_3D('',#2809,#2319,#2320);
#1993=AXIS2_PLACEMENT_3D('',#2815,#2324,#2325);
#1994=AXIS2_PLACEMENT_3D('',#2818,#2328,#2329);
#1995=AXIS2_PLACEMENT_3D('',#2824,#2333,#2334);
#1996=AXIS2_PLACEMENT_3D('',#2830,#2338,#2339);
#1997=AXIS2_PLACEMENT_3D('',#2836,#2343,#2344);
#1998=AXIS2_PLACEMENT_3D('',#2839,#2347,#2348);
#1999=AXIS2_PLACEMENT_3D('',#2840,#2349,#2350);
#2000=AXIS2_PLACEMENT_3D('',#2841,#2351,#2352);
#2001=AXIS2_PLACEMENT_3D('',#2842,#2353,#2354);
#2002=AXIS2_PLACEMENT_3D('',#2851,#2359,#2360);
#2003=AXIS2_PLACEMENT_3D('',#2860,#2365,#2366);
#2004=AXIS2_PLACEMENT_3D('',#2863,#2369,#2370);
#2005=AXIS2_PLACEMENT_3D('',#2869,#2374,#2375);
#2006=AXIS2_PLACEMENT_3D('',#2875,#2379,#2380);
#2007=AXIS2_PLACEMENT_3D('',#2881,#2384,#2385);
#2008=AXIS2_PLACEMENT_3D('',#2887,#2389,#2390);
#2009=AXIS2_PLACEMENT_3D('',#2893,#2394,#2395);
#2010=AXIS2_PLACEMENT_3D('',#2902,#2400,#2401);
#2011=AXIS2_PLACEMENT_3D('',#2908,#2405,#2406);
#2012=AXIS2_PLACEMENT_3D('',#2914,#2410,#2411);
#2013=AXIS2_PLACEMENT_3D('',#2920,#2415,#2416);
#2014=AXIS2_PLACEMENT_3D('',#2923,#2419,#2420);
#2015=AXIS2_PLACEMENT_3D('',#2925,#2422,#2423);
#2016=AXIS2_PLACEMENT_3D('',#2927,#2425,#2426);
#2017=AXIS2_PLACEMENT_3D('',#2936,#2431,#2432);
#2018=AXIS2_PLACEMENT_3D('',#2945,#2437,#2438);
#2019=AXIS2_PLACEMENT_3D('',#2948,#2441,#2442);
#2020=AXIS2_PLACEMENT_3D('',#2954,#2446,#2447);
#2021=AXIS2_PLACEMENT_3D('',#2960,#2451,#2452);
#2022=AXIS2_PLACEMENT_3D('',#2966,#2456,#2457);
#2023=AXIS2_PLACEMENT_3D('',#2969,#2460,#2461);
#2024=AXIS2_PLACEMENT_3D('',#2975,#2465,#2466);
#2025=AXIS2_PLACEMENT_3D('',#2981,#2470,#2471);
#2026=AXIS2_PLACEMENT_3D('',#2987,#2475,#2476);
#2027=AXIS2_PLACEMENT_3D('',#2990,#2479,#2480);
#2028=AXIS2_PLACEMENT_3D('',#2991,#2481,#2482);
#2029=AXIS2_PLACEMENT_3D('',#2992,#2483,#2484);
#2030=AXIS2_PLACEMENT_3D('',#2993,#2485,#2486);
#2031=AXIS2_PLACEMENT_3D('',#2994,#2487,#2488);
#2032=DIRECTION('axis',(0.,0.,1.));
#2033=DIRECTION('refdir',(1.,0.,0.));
#2034=DIRECTION('axis',(0.,0.,1.));
#2035=DIRECTION('refdir',(1.,0.,0.));
#2036=DIRECTION('axis',(0.,0.,1.));
#2037=DIRECTION('refdir',(1.,0.,0.));
#2038=DIRECTION('center_axis',(-1.,0.,0.));
#2039=DIRECTION('ref_axis',(0.,0.,1.));
#2040=DIRECTION('',(0.,-6.19544098563206E-16,-1.));
#2041=DIRECTION('',(0.,-1.,-5.22507071077352E-17));
#2042=DIRECTION('',(0.,-1.,-5.22507071077352E-17));
#2043=DIRECTION('',(0.,-0.939692620785908,0.342020143325669));
#2044=DIRECTION('',(0.,0.,1.));
#2045=DIRECTION('',(0.,0.939692620785908,0.342020143325669));
#2046=DIRECTION('',(0.,1.,-3.74173923714684E-15));
#2047=DIRECTION('',(0.,0.500000000000007,-0.866025403784435));
#2048=DIRECTION('',(0.,1.,9.06198830734151E-16));
#2049=DIRECTION('',(0.,0.707106781186548,-0.707106781186547));
#2050=DIRECTION('center_axis',(0.,5.22507071077352E-17,-1.));
#2051=DIRECTION('ref_axis',(0.,1.,5.22507071077352E-17));
#2052=DIRECTION('',(-1.,0.,0.));
#2053=DIRECTION('',(0.,-1.,-5.22507071077352E-17));
#2054=DIRECTION('',(-1.,0.,0.));
#2055=DIRECTION('center_axis',(0.,-0.342020143325669,-0.939692620785908));
#2056=DIRECTION('ref_axis',(0.,0.939692620785908,-0.342020143325669));
#2057=DIRECTION('',(0.,-0.939692620785908,0.342020143325669));
#2058=DIRECTION('',(-1.,0.,0.));
#2059=DIRECTION('center_axis',(0.,-1.,0.));
#2060=DIRECTION('ref_axis',(0.,0.,-1.));
#2061=DIRECTION('',(0.,0.,1.));
#2062=DIRECTION('',(-1.,0.,0.));
#2063=DIRECTION('center_axis',(0.,-0.342020143325669,0.939692620785908));
#2064=DIRECTION('ref_axis',(0.,-0.939692620785908,-0.342020143325669));
#2065=DIRECTION('',(0.,0.939692620785908,0.342020143325669));
#2066=DIRECTION('',(-1.,0.,0.));
#2067=DIRECTION('center_axis',(0.,3.74173923714684E-15,1.));
#2068=DIRECTION('ref_axis',(0.,-1.,3.74173923714684E-15));
#2069=DIRECTION('',(0.,1.,-3.74173923714684E-15));
#2070=DIRECTION('',(-1.,0.,0.));
#2071=DIRECTION('center_axis',(0.,0.866025403784435,0.500000000000007));
#2072=DIRECTION('ref_axis',(0.,-0.500000000000007,0.866025403784435));
#2073=DIRECTION('',(0.,0.500000000000007,-0.866025403784435));
#2074=DIRECTION('',(-1.,0.,0.));
#2075=DIRECTION('center_axis',(0.,-9.06198830734151E-16,1.));
#2076=DIRECTION('ref_axis',(0.,-1.,-9.06198830734151E-16));
#2077=DIRECTION('',(0.,1.,9.06198830734151E-16));
#2078=DIRECTION('',(-1.,0.,0.));
#2079=DIRECTION('center_axis',(0.,0.707106781186547,0.707106781186548));
#2080=DIRECTION('ref_axis',(0.,-0.707106781186548,0.707106781186547));
#2081=DIRECTION('',(0.,0.707106781186548,-0.707106781186547));
#2082=DIRECTION('',(-1.,0.,0.));
#2083=DIRECTION('center_axis',(0.,0.,1.));
#2084=DIRECTION('ref_axis',(1.,0.,0.));
#2085=DIRECTION('',(1.,0.,0.));
#2086=DIRECTION('',(0.,1.,0.));
#2087=DIRECTION('',(1.,0.,0.));
#2088=DIRECTION('',(0.,1.,0.));
#2089=DIRECTION('center_axis',(1.,0.,0.));
#2090=DIRECTION('ref_axis',(0.,0.,-1.));
#2091=DIRECTION('',(0.,0.,-1.));
#2092=DIRECTION('',(0.,1.,0.));
#2093=DIRECTION('',(0.,0.,-1.));
#2094=DIRECTION('center_axis',(0.,0.,-1.));
#2095=DIRECTION('ref_axis',(-1.,0.,0.));
#2096=DIRECTION('',(-1.,0.,0.));
#2097=DIRECTION('',(0.,1.,0.));
#2098=DIRECTION('',(-1.,0.,0.));
#2099=DIRECTION('center_axis',(-1.,0.,0.));
#2100=DIRECTION('ref_axis',(0.,0.,1.));
#2101=DIRECTION('',(0.,0.,1.));
#2102=DIRECTION('',(0.,0.,1.));
#2103=DIRECTION('center_axis',(0.,-1.,0.));
#2104=DIRECTION('ref_axis',(0.,0.,-1.));
#2105=DIRECTION('',(1.,0.,0.));
#2106=DIRECTION('',(-1.,0.,0.));
#2107=DIRECTION('',(0.,0.,1.));
#2108=DIRECTION('',(1.,0.,0.));
#2109=DIRECTION('',(0.,0.,1.));
#2110=DIRECTION('',(-1.,0.,0.));
#2111=DIRECTION('',(0.,0.,-1.));
#2112=DIRECTION('',(1.,0.,0.));
#2113=DIRECTION('',(0.,0.,1.));
#2114=DIRECTION('center_axis',(0.,-1.,0.));
#2115=DIRECTION('ref_axis',(0.,0.,-1.));
#2116=DIRECTION('',(0.,-6.19544098563206E-16,-1.));
#2117=DIRECTION('',(1.,0.,0.));
#2118=DIRECTION('',(0.,0.,1.));
#2119=DIRECTION('',(1.,0.,0.));
#2120=DIRECTION('',(0.,0.,1.));
#2121=DIRECTION('',(-1.,0.,0.));
#2122=DIRECTION('',(0.,0.,1.));
#2123=DIRECTION('',(1.,0.,0.));
#2124=DIRECTION('',(0.,0.,-1.));
#2125=DIRECTION('',(-1.,0.,0.));
#2126=DIRECTION('center_axis',(-1.,0.,0.));
#2127=DIRECTION('ref_axis',(0.,0.,1.));
#2128=DIRECTION('',(0.,1.,0.));
#2129=DIRECTION('',(0.,1.,0.));
#2130=DIRECTION('center_axis',(0.,0.,1.));
#2131=DIRECTION('ref_axis',(1.,0.,0.));
#2132=DIRECTION('',(0.,-1.,0.));
#2133=DIRECTION('center_axis',(0.,0.,-1.));
#2134=DIRECTION('ref_axis',(-1.,0.,0.));
#2135=DIRECTION('center_axis',(1.,0.,0.));
#2136=DIRECTION('ref_axis',(0.,0.,-1.));
#2137=DIRECTION('',(0.,1.,0.));
#2138=DIRECTION('center_axis',(0.,0.,-1.));
#2139=DIRECTION('ref_axis',(1.,0.,0.));
#2140=DIRECTION('',(0.,-1.,-5.22507071077352E-17));
#2141=DIRECTION('center_axis',(1.,0.,0.));
#2142=DIRECTION('ref_axis',(0.,0.,1.));
#2143=DIRECTION('',(0.,1.,0.));
#2144=DIRECTION('',(0.,1.,0.));
#2145=DIRECTION('center_axis',(0.,0.,-1.));
#2146=DIRECTION('ref_axis',(1.,0.,0.));
#2147=DIRECTION('',(0.,1.,0.));
#2148=DIRECTION('center_axis',(-1.,0.,0.));
#2149=DIRECTION('ref_axis',(0.,0.,-1.));
#2150=DIRECTION('',(0.,1.,0.));
#2151=DIRECTION('center_axis',(0.,0.,1.));
#2152=DIRECTION('ref_axis',(-1.,0.,0.));
#2153=DIRECTION('center_axis',(1.,0.,0.));
#2154=DIRECTION('ref_axis',(0.,0.,1.));
#2155=DIRECTION('axis',(0.,0.,1.));
#2156=DIRECTION('refdir',(1.,0.,0.));
#2157=DIRECTION('center_axis',(0.,0.258819045102519,-0.965925826289069));
#2158=DIRECTION('ref_axis',(-1.,0.,0.));
#2159=DIRECTION('',(0.250562807085729,0.935113126531031,0.250562807085729));
#2160=DIRECTION('',(1.,0.,0.));
#2161=DIRECTION('',(0.250562807085729,-0.935113126531031,-0.250562807085729));
#2162=DIRECTION('',(-1.,0.,0.));
#2163=DIRECTION('center_axis',(0.965925826289069,0.258819045102519,0.));
#2164=DIRECTION('ref_axis',(0.,0.,-1.));
#2165=DIRECTION('',(0.250562807085729,-0.935113126531031,0.250562807085729));
#2166=DIRECTION('',(0.,0.,-1.));
#2167=DIRECTION('',(0.,0.,1.));
#2168=DIRECTION('center_axis',(0.965925826289069,-0.258819045102519,0.));
#2169=DIRECTION('ref_axis',(0.,0.,-1.));
#2170=DIRECTION('',(0.250562807085729,0.935113126531031,-0.250562807085729));
#2171=DIRECTION('',(0.,0.,-1.));
#2172=DIRECTION('',(0.,0.,1.));
#2173=DIRECTION('center_axis',(0.,0.258819045102519,0.965925826289069));
#2174=DIRECTION('ref_axis',(1.,0.,0.));
#2175=DIRECTION('',(-1.,0.,0.));
#2176=DIRECTION('',(1.,0.,0.));
#2177=DIRECTION('center_axis',(0.,-0.258819045102519,0.965925826289069));
#2178=DIRECTION('ref_axis',(-1.,0.,0.));
#2179=DIRECTION('',(0.250562807085729,-0.935113126531031,-0.250562807085729));
#2180=DIRECTION('',(1.,0.,0.));
#2181=DIRECTION('',(0.250562807085729,0.935113126531031,0.250562807085729));
#2182=DIRECTION('',(-1.,0.,0.));
#2183=DIRECTION('center_axis',(0.965925826289069,-0.258819045102519,0.));
#2184=DIRECTION('ref_axis',(0.,0.,-1.));
#2185=DIRECTION('',(0.250562807085729,0.935113126531031,-0.250562807085729));
#2186=DIRECTION('',(0.,0.,1.));
#2187=DIRECTION('',(0.,0.,-1.));
#2188=DIRECTION('center_axis',(0.965925826289069,0.258819045102519,0.));
#2189=DIRECTION('ref_axis',(0.,0.,-1.));
#2190=DIRECTION('',(0.250562807085729,-0.935113126531031,0.250562807085729));
#2191=DIRECTION('',(0.,0.,1.));
#2192=DIRECTION('',(0.,0.,-1.));
#2193=DIRECTION('center_axis',(0.,-0.258819045102519,-0.965925826289069));
#2194=DIRECTION('ref_axis',(0.,-0.965925826289069,0.258819045102518));
#2195=DIRECTION('',(-1.,0.,0.));
#2196=DIRECTION('',(1.,0.,0.));
#2197=DIRECTION('center_axis',(1.,0.,0.));
#2198=DIRECTION('ref_axis',(0.,1.,0.));
#2199=DIRECTION('',(0.,-1.,0.));
#2200=DIRECTION('',(0.,1.,0.));
#2201=DIRECTION('center_axis',(1.,0.,0.));
#2202=DIRECTION('ref_axis',(0.,1.,0.));
#2203=DIRECTION('',(0.,1.,0.));
#2204=DIRECTION('',(0.,-1.,0.));
#2205=DIRECTION('center_axis',(0.,0.,-1.));
#2206=DIRECTION('ref_axis',(0.,-1.,0.));
#2207=DIRECTION('center_axis',(0.,-1.,0.));
#2208=DIRECTION('ref_axis',(0.,0.,-1.));
#2209=DIRECTION('center_axis',(0.,0.,1.));
#2210=DIRECTION('ref_axis',(1.,0.,0.));
#2211=DIRECTION('center_axis',(0.,1.,0.));
#2212=DIRECTION('ref_axis',(1.,0.,0.));
#2213=DIRECTION('',(0.,0.,1.));
#2214=DIRECTION('',(1.,0.,0.));
#2215=DIRECTION('',(0.,0.,1.));
#2216=DIRECTION('',(1.,0.,0.));
#2217=DIRECTION('',(0.,0.,1.));
#2218=DIRECTION('',(1.,0.,0.));
#2219=DIRECTION('axis',(0.,0.,1.));
#2220=DIRECTION('refdir',(1.,0.,0.));
#2221=DIRECTION('center_axis',(0.,0.,1.));
#2222=DIRECTION('ref_axis',(-1.,0.,0.));
#2223=DIRECTION('',(-1.,0.,0.));
#2224=DIRECTION('',(0.,-1.,0.));
#2225=DIRECTION('',(-1.,0.,0.));
#2226=DIRECTION('',(0.,-1.,0.));
#2227=DIRECTION('center_axis',(0.,0.,-1.));
#2228=DIRECTION('ref_axis',(1.,0.,0.));
#2229=DIRECTION('',(-1.,0.,0.));
#2230=DIRECTION('',(0.,-1.,0.));
#2231=DIRECTION('',(1.,0.,0.));
#2232=DIRECTION('',(0.,-1.,0.));
#2233=DIRECTION('center_axis',(0.,-1.,0.));
#2234=DIRECTION('ref_axis',(0.,0.,-1.));
#2235=DIRECTION('',(0.,0.,-1.));
#2236=DIRECTION('',(0.,0.,1.));
#2237=DIRECTION('center_axis',(0.,0.322036164885492,-0.946727367569906));
#2238=DIRECTION('ref_axis',(0.,-0.946727367569906,-0.322036164885492));
#2239=DIRECTION('',(0.,0.946727367569906,0.322036164885492));
#2240=DIRECTION('',(0.,-0.946727367569906,-0.322036164885492));
#2241=DIRECTION('',(-1.,0.,0.));
#2242=DIRECTION('center_axis',(0.,0.751361209321294,-0.65989115248444));
#2243=DIRECTION('ref_axis',(0.,-0.65989115248444,-0.751361209321294));
#2244=DIRECTION('',(0.,0.65989115248444,0.751361209321294));
#2245=DIRECTION('',(0.,-0.65989115248444,-0.751361209321294));
#2246=DIRECTION('',(-1.,0.,0.));
#2247=DIRECTION('center_axis',(0.,0.991159608015753,-0.13267490884888));
#2248=DIRECTION('ref_axis',(0.,-0.13267490884888,-0.991159608015753));
#2249=DIRECTION('',(0.,0.13267490884888,0.991159608015753));
#2250=DIRECTION('',(0.,-0.13267490884888,-0.991159608015753));
#2251=DIRECTION('',(-1.,0.,0.));
#2252=DIRECTION('center_axis',(0.,0.710520211582179,-0.703676792947739));
#2253=DIRECTION('ref_axis',(0.,-0.703676792947739,-0.710520211582179));
#2254=DIRECTION('',(0.,0.703676792947739,0.710520211582179));
#2255=DIRECTION('',(0.,-0.703676792947739,-0.710520211582179));
#2256=DIRECTION('',(-1.,0.,0.));
#2257=DIRECTION('center_axis',(0.,0.467695292858637,-0.883889762944381));
#2258=DIRECTION('ref_axis',(0.,-0.883889762944381,-0.467695292858637));
#2259=DIRECTION('',(0.,0.883889762944381,0.467695292858637));
#2260=DIRECTION('',(0.,-0.883889762944381,-0.467695292858637));
#2261=DIRECTION('',(1.,1.83697019872103E-16,0.));
#2262=DIRECTION('center_axis',(0.,-0.467695292858635,0.883889762944382));
#2263=DIRECTION('ref_axis',(0.,0.883889762944382,0.467695292858635));
#2264=DIRECTION('',(0.,-0.883889762944382,-0.467695292858635));
#2265=DIRECTION('',(1.,1.83697019872103E-16,0.));
#2266=DIRECTION('',(0.,0.883889762944382,0.467695292858635));
#2267=DIRECTION('',(-1.,0.,0.));
#2268=DIRECTION('center_axis',(0.,-0.710520211582177,0.703676792947742));
#2269=DIRECTION('ref_axis',(0.,0.703676792947741,0.710520211582177));
#2270=DIRECTION('',(0.,-0.703676792947741,-0.710520211582177));
#2271=DIRECTION('',(0.,0.703676792947741,0.710520211582177));
#2272=DIRECTION('',(-1.,0.,0.));
#2273=DIRECTION('center_axis',(0.,-0.991159608015754,0.132674908848877));
#2274=DIRECTION('ref_axis',(0.,0.132674908848877,0.991159608015754));
#2275=DIRECTION('',(0.,-0.132674908848877,-0.991159608015754));
#2276=DIRECTION('',(0.,0.132674908848877,0.991159608015754));
#2277=DIRECTION('',(-1.,0.,0.));
#2278=DIRECTION('center_axis',(0.,-0.757632897855227,0.652680926707293));
#2279=DIRECTION('ref_axis',(0.,0.652680926707293,0.757632897855227));
#2280=DIRECTION('',(0.,-0.652680926707293,-0.757632897855227));
#2281=DIRECTION('',(0.,0.652680926707293,0.757632897855227));
#2282=DIRECTION('',(-1.,0.,0.));
#2283=DIRECTION('center_axis',(0.,-0.305741615443087,0.952114522831288));
#2284=DIRECTION('ref_axis',(0.,0.952114522831288,0.305741615443087));
#2285=DIRECTION('',(0.,-0.952114522831288,-0.305741615443087));
#2286=DIRECTION('',(0.,0.952114522831288,0.305741615443087));
#2287=DIRECTION('center_axis',(1.,0.,0.));
#2288=DIRECTION('ref_axis',(0.,0.,-1.));
#2289=DIRECTION('',(0.,0.,1.));
#2290=DIRECTION('center_axis',(-1.,0.,0.));
#2291=DIRECTION('ref_axis',(0.,0.,1.));
#2292=DIRECTION('',(0.,0.,1.));
#2293=DIRECTION('center_axis',(1.,0.,0.));
#2294=DIRECTION('ref_axis',(0.,0.,-1.));
#2295=DIRECTION('',(0.,0.,1.));
#2296=DIRECTION('',(0.,1.,0.));
#2297=DIRECTION('',(0.,0.,-1.));
#2298=DIRECTION('',(0.,1.,0.));
#2299=DIRECTION('center_axis',(-1.,0.,0.));
#2300=DIRECTION('ref_axis',(0.,0.,1.));
#2301=DIRECTION('',(0.,0.,1.));
#2302=DIRECTION('',(0.,1.,0.));
#2303=DIRECTION('',(0.,0.,1.));
#2304=DIRECTION('',(0.,1.,0.));
#2305=DIRECTION('center_axis',(0.,1.,0.));
#2306=DIRECTION('ref_axis',(0.,0.,1.));
#2307=DIRECTION('',(1.,0.,0.));
#2308=DIRECTION('',(-1.,0.,0.));
#2309=DIRECTION('center_axis',(0.962277565688229,0.272069635522114,0.));
#2310=DIRECTION('ref_axis',(-0.272069635522113,0.962277565688229,0.));
#2311=DIRECTION('',(-0.272069635522113,0.962277565688229,0.));
#2312=DIRECTION('',(-0.272069635522113,0.962277565688229,0.));
#2313=DIRECTION('',(0.,0.,1.));
#2314=DIRECTION('center_axis',(0.981908714988526,0.189354892806025,0.));
#2315=DIRECTION('ref_axis',(-0.189354892806025,0.981908714988526,0.));
#2316=DIRECTION('',(-0.189354892806025,0.981908714988526,0.));
#2317=DIRECTION('',(-0.189354892806025,0.981908714988526,0.));
#2318=DIRECTION('',(0.,0.,1.));
#2319=DIRECTION('center_axis',(0.995169530311635,-0.0981713091453926,0.));
#2320=DIRECTION('ref_axis',(0.0981713091453926,0.995169530311635,0.));
#2321=DIRECTION('',(0.0981713091453926,0.995169530311635,0.));
#2322=DIRECTION('',(0.0981713091453926,0.995169530311635,0.));
#2323=DIRECTION('',(0.,0.,1.));
#2324=DIRECTION('center_axis',(0.970365034146184,-0.241643747087472,0.));
#2325=DIRECTION('ref_axis',(0.241643747087472,0.970365034146184,0.));
#2326=DIRECTION('',(0.241643747087472,0.970365034146184,0.));
#2327=DIRECTION('',(0.241643747087472,0.970365034146184,0.));
#2328=DIRECTION('center_axis',(-0.970365034146184,0.241643747087473,0.));
#2329=DIRECTION('ref_axis',(-0.241643747087473,-0.970365034146184,0.));
#2330=DIRECTION('',(-0.241643747087473,-0.970365034146184,0.));
#2331=DIRECTION('',(-0.241643747087473,-0.970365034146184,0.));
#2332=DIRECTION('',(0.,0.,1.));
#2333=DIRECTION('center_axis',(-0.995169530311635,0.0981713091453924,0.));
#2334=DIRECTION('ref_axis',(-0.0981713091453924,-0.995169530311635,0.));
#2335=DIRECTION('',(-0.0981713091453924,-0.995169530311635,0.));
#2336=DIRECTION('',(-0.0981713091453924,-0.995169530311635,0.));
#2337=DIRECTION('',(0.,0.,1.));
#2338=DIRECTION('center_axis',(-0.981908714988526,-0.189354892806025,0.));
#2339=DIRECTION('ref_axis',(0.189354892806025,-0.981908714988526,0.));
#2340=DIRECTION('',(0.189354892806025,-0.981908714988526,0.));
#2341=DIRECTION('',(0.189354892806025,-0.981908714988526,0.));
#2342=DIRECTION('',(0.,0.,1.));
#2343=DIRECTION('center_axis',(-0.962277565688229,-0.272069635522114,0.));
#2344=DIRECTION('ref_axis',(0.272069635522114,-0.962277565688229,0.));
#2345=DIRECTION('',(0.272069635522114,-0.962277565688229,0.));
#2346=DIRECTION('',(0.272069635522114,-0.962277565688229,0.));
#2347=DIRECTION('center_axis',(0.,0.,1.));
#2348=DIRECTION('ref_axis',(1.,0.,0.));
#2349=DIRECTION('center_axis',(0.,0.,1.));
#2350=DIRECTION('ref_axis',(1.,0.,0.));
#2351=DIRECTION('axis',(0.,0.,1.));
#2352=DIRECTION('refdir',(1.,0.,0.));
#2353=DIRECTION('center_axis',(0.,0.,1.));
#2354=DIRECTION('ref_axis',(-1.,0.,0.));
#2355=DIRECTION('',(-1.,0.,0.));
#2356=DIRECTION('',(0.,-1.,0.));
#2357=DIRECTION('',(-1.,0.,0.));
#2358=DIRECTION('',(0.,-1.,0.));
#2359=DIRECTION('center_axis',(0.,0.,-1.));
#2360=DIRECTION('ref_axis',(1.,0.,0.));
#2361=DIRECTION('',(-1.,0.,0.));
#2362=DIRECTION('',(0.,-1.,0.));
#2363=DIRECTION('',(1.,0.,0.));
#2364=DIRECTION('',(0.,-1.,0.));
#2365=DIRECTION('center_axis',(0.,1.,0.));
#2366=DIRECTION('ref_axis',(0.,0.,1.));
#2367=DIRECTION('',(0.,0.,1.));
#2368=DIRECTION('',(0.,0.,-1.));
#2369=DIRECTION('center_axis',(0.,-0.322036164885492,-0.946727367569906));
#2370=DIRECTION('ref_axis',(0.,-0.946727367569906,0.322036164885492));
#2371=DIRECTION('',(0.,0.946727367569906,-0.322036164885492));
#2372=DIRECTION('',(-1.,0.,0.));
#2373=DIRECTION('',(0.,-0.946727367569906,0.322036164885492));
#2374=DIRECTION('center_axis',(0.,-0.751361209321294,-0.65989115248444));
#2375=DIRECTION('ref_axis',(0.,-0.65989115248444,0.751361209321294));
#2376=DIRECTION('',(0.,0.65989115248444,-0.751361209321294));
#2377=DIRECTION('',(-1.,0.,0.));
#2378=DIRECTION('',(0.,-0.65989115248444,0.751361209321294));
#2379=DIRECTION('center_axis',(0.,-0.991159608015753,-0.13267490884888));
#2380=DIRECTION('ref_axis',(0.,-0.13267490884888,0.991159608015753));
#2381=DIRECTION('',(0.,0.13267490884888,-0.991159608015753));
#2382=DIRECTION('',(-1.,0.,0.));
#2383=DIRECTION('',(0.,-0.13267490884888,0.991159608015753));
#2384=DIRECTION('center_axis',(0.,-0.710520211582179,-0.703676792947739));
#2385=DIRECTION('ref_axis',(0.,-0.703676792947739,0.710520211582179));
#2386=DIRECTION('',(0.,0.703676792947739,-0.710520211582179));
#2387=DIRECTION('',(-1.,0.,0.));
#2388=DIRECTION('',(0.,-0.703676792947739,0.710520211582179));
#2389=DIRECTION('center_axis',(0.,-0.467695292858637,-0.883889762944381));
#2390=DIRECTION('ref_axis',(0.,-0.883889762944381,0.467695292858637));
#2391=DIRECTION('',(0.,0.883889762944381,-0.467695292858637));
#2392=DIRECTION('',(1.,1.83697019872103E-16,0.));
#2393=DIRECTION('',(0.,-0.883889762944381,0.467695292858637));
#2394=DIRECTION('center_axis',(0.,0.467695292858635,0.883889762944382));
#2395=DIRECTION('ref_axis',(0.,0.883889762944382,-0.467695292858635));
#2396=DIRECTION('',(0.,-0.883889762944382,0.467695292858635));
#2397=DIRECTION('',(-1.,0.,0.));
#2398=DIRECTION('',(0.,0.883889762944382,-0.467695292858635));
#2399=DIRECTION('',(1.,1.83697019872103E-16,0.));
#2400=DIRECTION('center_axis',(0.,0.710520211582177,0.703676792947742));
#2401=DIRECTION('ref_axis',(0.,0.703676792947741,-0.710520211582177));
#2402=DIRECTION('',(0.,-0.703676792947741,0.710520211582177));
#2403=DIRECTION('',(-1.,0.,0.));
#2404=DIRECTION('',(0.,0.703676792947741,-0.710520211582177));
#2405=DIRECTION('center_axis',(0.,0.991159608015754,0.132674908848877));
#2406=DIRECTION('ref_axis',(0.,0.132674908848877,-0.991159608015754));
#2407=DIRECTION('',(0.,-0.132674908848877,0.991159608015754));
#2408=DIRECTION('',(-1.,0.,0.));
#2409=DIRECTION('',(0.,0.132674908848877,-0.991159608015754));
#2410=DIRECTION('center_axis',(0.,0.757632897855227,0.652680926707293));
#2411=DIRECTION('ref_axis',(0.,0.652680926707293,-0.757632897855227));
#2412=DIRECTION('',(0.,-0.652680926707293,0.757632897855227));
#2413=DIRECTION('',(-1.,0.,0.));
#2414=DIRECTION('',(0.,0.652680926707293,-0.757632897855227));
#2415=DIRECTION('center_axis',(0.,0.305741615443087,0.952114522831288));
#2416=DIRECTION('ref_axis',(0.,0.952114522831288,-0.305741615443087));
#2417=DIRECTION('',(0.,-0.952114522831288,0.305741615443087));
#2418=DIRECTION('',(0.,0.952114522831288,-0.305741615443087));
#2419=DIRECTION('center_axis',(-1.,0.,0.));
#2420=DIRECTION('ref_axis',(0.,0.,1.));
#2421=DIRECTION('',(0.,0.,-1.));
#2422=DIRECTION('center_axis',(1.,0.,0.));
#2423=DIRECTION('ref_axis',(0.,0.,-1.));
#2424=DIRECTION('',(0.,0.,-1.));
#2425=DIRECTION('center_axis',(-1.,0.,0.));
#2426=DIRECTION('ref_axis',(0.,0.,1.));
#2427=DIRECTION('',(0.,0.,-1.));
#2428=DIRECTION('',(0.,1.,0.));
#2429=DIRECTION('',(0.,0.,1.));
#2430=DIRECTION('',(0.,1.,0.));
#2431=DIRECTION('center_axis',(1.,0.,0.));
#2432=DIRECTION('ref_axis',(0.,0.,-1.));
#2433=DIRECTION('',(0.,0.,-1.));
#2434=DIRECTION('',(0.,1.,0.));
#2435=DIRECTION('',(0.,0.,-1.));
#2436=DIRECTION('',(0.,1.,0.));
#2437=DIRECTION('center_axis',(0.,-1.,0.));
#2438=DIRECTION('ref_axis',(0.,0.,-1.));
#2439=DIRECTION('',(-1.,0.,0.));
#2440=DIRECTION('',(1.,0.,0.));
#2441=DIRECTION('center_axis',(-0.962277565688229,-0.272069635522114,0.));
#2442=DIRECTION('ref_axis',(-0.272069635522113,0.962277565688229,0.));
#2443=DIRECTION('',(-0.272069635522113,0.962277565688229,0.));
#2444=DIRECTION('',(0.,0.,-1.));
#2445=DIRECTION('',(-0.272069635522113,0.962277565688229,0.));
#2446=DIRECTION('center_axis',(-0.981908714988526,-0.189354892806025,0.));
#2447=DIRECTION('ref_axis',(-0.189354892806025,0.981908714988526,0.));
#2448=DIRECTION('',(-0.189354892806025,0.981908714988526,0.));
#2449=DIRECTION('',(0.,0.,-1.));
#2450=DIRECTION('',(-0.189354892806025,0.981908714988526,0.));
#2451=DIRECTION('center_axis',(-0.995169530311635,0.0981713091453926,0.));
#2452=DIRECTION('ref_axis',(0.0981713091453926,0.995169530311635,0.));
#2453=DIRECTION('',(0.0981713091453926,0.995169530311635,0.));
#2454=DIRECTION('',(0.,0.,-1.));
#2455=DIRECTION('',(0.0981713091453926,0.995169530311635,0.));
#2456=DIRECTION('center_axis',(-0.970365034146184,0.241643747087472,0.));
#2457=DIRECTION('ref_axis',(0.241643747087472,0.970365034146184,0.));
#2458=DIRECTION('',(0.241643747087472,0.970365034146184,0.));
#2459=DIRECTION('',(0.241643747087472,0.970365034146184,0.));
#2460=DIRECTION('center_axis',(0.970365034146184,-0.241643747087473,0.));
#2461=DIRECTION('ref_axis',(-0.241643747087473,-0.970365034146184,0.));
#2462=DIRECTION('',(-0.241643747087473,-0.970365034146184,0.));
#2463=DIRECTION('',(0.,0.,-1.));
#2464=DIRECTION('',(-0.241643747087473,-0.970365034146184,0.));
#2465=DIRECTION('center_axis',(0.995169530311635,-0.0981713091453924,0.));
#2466=DIRECTION('ref_axis',(-0.0981713091453924,-0.995169530311635,0.));
#2467=DIRECTION('',(-0.0981713091453924,-0.995169530311635,0.));
#2468=DIRECTION('',(0.,0.,-1.));
#2469=DIRECTION('',(-0.0981713091453924,-0.995169530311635,0.));
#2470=DIRECTION('center_axis',(0.981908714988526,0.189354892806025,0.));
#2471=DIRECTION('ref_axis',(0.189354892806025,-0.981908714988526,0.));
#2472=DIRECTION('',(0.189354892806025,-0.981908714988526,0.));
#2473=DIRECTION('',(0.,0.,-1.));
#2474=DIRECTION('',(0.189354892806025,-0.981908714988526,0.));
#2475=DIRECTION('center_axis',(0.962277565688229,0.272069635522114,0.));
#2476=DIRECTION('ref_axis',(0.272069635522114,-0.962277565688229,0.));
#2477=DIRECTION('',(0.272069635522114,-0.962277565688229,0.));
#2478=DIRECTION('',(0.272069635522114,-0.962277565688229,0.));
#2479=DIRECTION('center_axis',(0.,0.,1.));
#2480=DIRECTION('ref_axis',(1.,0.,0.));
#2481=DIRECTION('center_axis',(0.,0.,1.));
#2482=DIRECTION('ref_axis',(1.,0.,0.));
#2483=DIRECTION('',(5.80590263365988E-17,-1.44594399226595E-16,1.));
#2484=DIRECTION('',(1.,-3.79037079500928E-16,-5.80590263365988E-17));
#2485=DIRECTION('',(9.13682666833992E-17,-1.44594399226595E-16,1.));
#2486=DIRECTION('',(-1.,6.53123388705257E-16,9.13682666833993E-17));
#2487=DIRECTION('',(6.62911270254347E-17,1.44594399226595E-16,-1.));
#2488=DIRECTION('',(1.,-2.69749500514391E-16,6.62911270254346E-17));
#2489=CARTESIAN_POINT('',(0.,0.,0.));
#2490=CARTESIAN_POINT('',(0.,0.,0.));
#2491=CARTESIAN_POINT('',(0.,0.,0.));
#2492=CARTESIAN_POINT('Origin',(-0.570000000000001,0.,0.));
#2493=CARTESIAN_POINT('',(-0.570000000000001,-4.33680868994202E-16,-2.));
#2494=CARTESIAN_POINT('',(-0.570000000000001,-4.33680868994202E-16,-2.69999999999993));
#2495=CARTESIAN_POINT('',(-0.570000000000001,-4.33680868994202E-16,-2.69999999999993));
#2496=CARTESIAN_POINT('',(-0.570000000000001,3.2,-2.));
#2497=CARTESIAN_POINT('',(-0.570000000000001,0.,-2.));
#2498=CARTESIAN_POINT('',(-0.570000000000001,8.3,-2.));
#2499=CARTESIAN_POINT('',(-0.570000000000001,0.,-2.));
#2500=CARTESIAN_POINT('',(-0.570000000000001,9.4,-2.40036725769282));
#2501=CARTESIAN_POINT('',(-0.570000000000001,8.3,-2.));
#2502=CARTESIAN_POINT('',(-0.570000000000001,9.4,-3.2996327423071));
#2503=CARTESIAN_POINT('',(-0.570000000000001,9.4,-2.40036725769282));
#2504=CARTESIAN_POINT('',(-0.570000000000001,8.3,-3.69999999999993));
#2505=CARTESIAN_POINT('',(-0.570000000000001,9.4,-3.2996327423071));
#2506=CARTESIAN_POINT('',(-0.570000000000001,7.48867513459483,-3.69999999999992));
#2507=CARTESIAN_POINT('',(-0.570000000000001,8.3,-3.69999999999993));
#2508=CARTESIAN_POINT('',(-0.570000000000001,7.20000000000001,-3.19999999999993));
#2509=CARTESIAN_POINT('',(-0.570000000000001,7.48867513459483,-3.69999999999992));
#2510=CARTESIAN_POINT('',(-0.570000000000001,0.5,-3.19999999999993));
#2511=CARTESIAN_POINT('',(-0.570000000000001,7.20000000000001,-3.19999999999993));
#2512=CARTESIAN_POINT('',(-0.570000000000001,0.5,-3.19999999999993));
#2513=CARTESIAN_POINT('Origin',(16.41,0.,-2.));
#2514=CARTESIAN_POINT('',(4.53,3.2,-2.));
#2515=CARTESIAN_POINT('',(-1.95,3.2,-2.));
#2516=CARTESIAN_POINT('',(4.53,8.3,-2.));
#2517=CARTESIAN_POINT('',(4.53,0.,-2.));
#2518=CARTESIAN_POINT('',(16.41,8.3,-2.));
#2519=CARTESIAN_POINT('Origin',(16.41,8.3,-2.));
#2520=CARTESIAN_POINT('',(4.53,9.4,-2.40036725769282));
#2521=CARTESIAN_POINT('',(4.53,8.3,-2.));
#2522=CARTESIAN_POINT('',(16.41,9.4,-2.40036725769282));
#2523=CARTESIAN_POINT('Origin',(16.41,9.4,-2.40036725769282));
#2524=CARTESIAN_POINT('',(4.53,9.4,-3.2996327423071));
#2525=CARTESIAN_POINT('',(4.53,9.4,-2.40036725769282));
#2526=CARTESIAN_POINT('',(16.41,9.4,-3.2996327423071));
#2527=CARTESIAN_POINT('Origin',(16.41,9.4,-3.2996327423071));
#2528=CARTESIAN_POINT('',(4.53,8.3,-3.69999999999993));
#2529=CARTESIAN_POINT('',(4.53,9.4,-3.2996327423071));
#2530=CARTESIAN_POINT('',(16.41,8.3,-3.69999999999993));
#2531=CARTESIAN_POINT('Origin',(16.41,8.3,-3.69999999999993));
#2532=CARTESIAN_POINT('',(4.53,7.48867513459483,-3.69999999999992));
#2533=CARTESIAN_POINT('',(4.53,8.3,-3.69999999999993));
#2534=CARTESIAN_POINT('',(16.41,7.48867513459483,-3.69999999999992));
#2535=CARTESIAN_POINT('Origin',(16.41,7.48867513459483,-3.69999999999992));
#2536=CARTESIAN_POINT('',(4.53,7.20000000000001,-3.19999999999993));
#2537=CARTESIAN_POINT('',(4.53,7.48867513459483,-3.69999999999992));
#2538=CARTESIAN_POINT('',(16.41,7.20000000000001,-3.19999999999993));
#2539=CARTESIAN_POINT('Origin',(16.41,7.20000000000001,-3.19999999999993));
#2540=CARTESIAN_POINT('',(4.53,0.5,-3.19999999999993));
#2541=CARTESIAN_POINT('',(4.53,7.20000000000001,-3.19999999999993));
#2542=CARTESIAN_POINT('',(16.41,0.5,-3.19999999999993));
#2543=CARTESIAN_POINT('Origin',(16.41,0.5,-3.19999999999993));
#2544=CARTESIAN_POINT('',(4.53,-4.33680868994202E-16,-2.69999999999993));
#2545=CARTESIAN_POINT('',(4.53,0.5,-3.19999999999993));
#2546=CARTESIAN_POINT('',(16.41,-4.33680868994202E-16,-2.69999999999993));
#2547=CARTESIAN_POINT('Origin',(-0.570000000000004,-4.33680868994202E-16,
0.569999999999999));
#2548=CARTESIAN_POINT('',(-0.570000000000004,3.2,0.569999999999999));
#2549=CARTESIAN_POINT('',(0.569999999999999,3.2,0.569999999999999));
#2550=CARTESIAN_POINT('',(-0.570000000000004,3.2,0.569999999999999));
#2551=CARTESIAN_POINT('',(0.569999999999999,-4.33680868994202E-16,0.569999999999999));
#2552=CARTESIAN_POINT('',(0.569999999999999,-4.33680868994202E-16,0.569999999999999));
#2553=CARTESIAN_POINT('',(-0.570000000000004,-4.33680868994202E-16,0.569999999999999));
#2554=CARTESIAN_POINT('',(-0.570000000000004,-4.33680868994202E-16,0.569999999999999));
#2555=CARTESIAN_POINT('',(-0.570000000000004,-4.33680868994202E-16,0.569999999999999));
#2556=CARTESIAN_POINT('Origin',(0.569999999999999,-4.33680868994202E-16,
-0.57));
#2557=CARTESIAN_POINT('',(0.569999999999999,3.2,-0.57));
#2558=CARTESIAN_POINT('',(0.569999999999999,3.2,-0.57));
#2559=CARTESIAN_POINT('',(0.569999999999999,-4.33680868994202E-16,-0.57));
#2560=CARTESIAN_POINT('',(0.569999999999999,-4.33680868994202E-16,-0.57));
#2561=CARTESIAN_POINT('',(0.569999999999999,-4.33680868994202E-16,-0.57));
#2562=CARTESIAN_POINT('Origin',(-0.570000000000004,-4.33680868994202E-16,
-0.57));
#2563=CARTESIAN_POINT('',(-0.570000000000004,3.2,-0.57));
#2564=CARTESIAN_POINT('',(-0.570000000000004,3.2,-0.57));
#2565=CARTESIAN_POINT('',(-0.570000000000004,-4.33680868994202E-16,-0.57));
#2566=CARTESIAN_POINT('',(-0.570000000000004,-4.33680868994202E-16,-0.57));
#2567=CARTESIAN_POINT('',(-0.570000000000004,-4.33680868994202E-16,-0.57));
#2568=CARTESIAN_POINT('Origin',(-0.570000000000004,-4.33680868994202E-16,
-0.57));
#2569=CARTESIAN_POINT('',(-0.570000000000004,3.2,-0.57));
#2570=CARTESIAN_POINT('',(-0.570000000000004,-4.33680868994202E-16,-0.57));
#2571=CARTESIAN_POINT('Origin',(0.,3.2,0.));
#2572=CARTESIAN_POINT('',(5.91,3.2,-2.));
#2573=CARTESIAN_POINT('',(5.91,3.2,-2.));
#2574=CARTESIAN_POINT('',(-1.95,3.2,-2.));
#2575=CARTESIAN_POINT('',(-1.95,3.2,-2.));
#2576=CARTESIAN_POINT('',(-1.95,3.2,4.8));
#2577=CARTESIAN_POINT('',(-1.95,3.2,4.8));
#2578=CARTESIAN_POINT('',(5.91,3.2,4.8));
#2579=CARTESIAN_POINT('',(-1.95,3.2,4.8));
#2580=CARTESIAN_POINT('',(5.91,3.2,4.8));
#2581=CARTESIAN_POINT('',(4.53,3.2,0.569999999999999));
#2582=CARTESIAN_POINT('',(3.39,3.2,0.569999999999999));
#2583=CARTESIAN_POINT('',(4.53,3.2,0.569999999999999));
#2584=CARTESIAN_POINT('',(3.39,3.2,-0.57));
#2585=CARTESIAN_POINT('',(3.39,3.2,-0.57));
#2586=CARTESIAN_POINT('',(4.53,3.2,-0.57));
#2587=CARTESIAN_POINT('',(4.53,3.2,-0.57));
#2588=CARTESIAN_POINT('',(4.53,3.2,-0.57));
#2589=CARTESIAN_POINT('Origin',(0.,-4.33680868994202E-16,0.));
#2590=CARTESIAN_POINT('',(4.53,-4.33680868994202E-16,-2.));
#2591=CARTESIAN_POINT('',(4.53,-4.33680868994202E-16,-2.69999999999993));
#2592=CARTESIAN_POINT('',(5.91,-4.33680868994202E-16,-2.));
#2593=CARTESIAN_POINT('',(5.91,-4.33680868994202E-16,-2.));
#2594=CARTESIAN_POINT('',(5.91,-4.33680868994202E-16,4.8));
#2595=CARTESIAN_POINT('',(5.91,-4.33680868994202E-16,4.8));
#2596=CARTESIAN_POINT('',(-1.95,-4.33680868994202E-16,4.8));
#2597=CARTESIAN_POINT('',(-1.95,-4.33680868994202E-16,4.8));
#2598=CARTESIAN_POINT('',(-1.95,-4.33680868994202E-16,-2.));
#2599=CARTESIAN_POINT('',(-1.95,-4.33680868994202E-16,4.8));
#2600=CARTESIAN_POINT('',(-1.95,-4.33680868994202E-16,-2.));
#2601=CARTESIAN_POINT('',(4.53,-4.33680868994202E-16,-0.57));
#2602=CARTESIAN_POINT('',(4.53,-4.33680868994202E-16,0.569999999999999));
#2603=CARTESIAN_POINT('',(4.53,-4.33680868994202E-16,-0.57));
#2604=CARTESIAN_POINT('',(3.39,-4.33680868994202E-16,-0.57));
#2605=CARTESIAN_POINT('',(4.53,-4.33680868994202E-16,-0.57));
#2606=CARTESIAN_POINT('',(3.39,-4.33680868994202E-16,0.569999999999999));
#2607=CARTESIAN_POINT('',(3.39,-4.33680868994202E-16,-0.57));
#2608=CARTESIAN_POINT('',(4.53,-4.33680868994202E-16,0.569999999999999));
#2609=CARTESIAN_POINT('Origin',(-1.95,-4.33680868994202E-16,4.8));
#2610=CARTESIAN_POINT('',(-1.95,-4.33680868994202E-16,4.8));
#2611=CARTESIAN_POINT('',(-1.95,-4.33680868994202E-16,-2.));
#2612=CARTESIAN_POINT('Origin',(-1.95,-4.33680868994202E-16,4.8));
#2613=CARTESIAN_POINT('',(5.91,3.2,4.8));
#2614=CARTESIAN_POINT('Origin',(-1.95,-4.33680868994202E-16,-2.));
#2615=CARTESIAN_POINT('Origin',(5.91,0.,0.));
#2616=CARTESIAN_POINT('',(5.91,-4.33680868994202E-16,-2.));
#2617=CARTESIAN_POINT('Origin',(5.91,-4.33680868994202E-16,-2.));
#2618=CARTESIAN_POINT('',(4.53,0.,-2.));
#2619=CARTESIAN_POINT('Origin',(4.53,-4.33680868994202E-16,-0.57));
#2620=CARTESIAN_POINT('',(4.53,-4.33680868994202E-16,-0.57));
#2621=CARTESIAN_POINT('',(4.53,-4.33680868994202E-16,0.569999999999999));
#2622=CARTESIAN_POINT('Origin',(4.53,-4.33680868994202E-16,-0.57));
#2623=CARTESIAN_POINT('',(3.39,-4.33680868994202E-16,-0.57));
#2624=CARTESIAN_POINT('Origin',(3.39,-4.33680868994202E-16,-0.57));
#2625=CARTESIAN_POINT('',(3.39,-4.33680868994202E-16,0.569999999999999));
#2626=CARTESIAN_POINT('Origin',(4.53,-4.33680868994202E-16,0.569999999999999));
#2627=CARTESIAN_POINT('Origin',(4.53,0.,0.));
#2628=CARTESIAN_POINT('',(0.,0.,0.));
#2629=CARTESIAN_POINT('Origin',(0.57,-3.7,0.355640646055101));
#2630=CARTESIAN_POINT('',(0.355640646055101,-3.7,0.355640646055101));
#2631=CARTESIAN_POINT('',(0.57,-2.9,0.57));
#2632=CARTESIAN_POINT('',(0.534214419432032,-3.03355360485799,0.534214419432032));
#2633=CARTESIAN_POINT('',(-0.57,-2.9,0.57));
#2634=CARTESIAN_POINT('',(0.57,-2.9,0.57));
#2635=CARTESIAN_POINT('',(-0.355640646055101,-3.7,0.355640646055101));
#2636=CARTESIAN_POINT('',(-0.369098495057018,-3.64977462376425,0.369098495057018));
#2637=CARTESIAN_POINT('',(0.57,-3.7,0.355640646055101));
#2638=CARTESIAN_POINT('Origin',(-0.355640646055101,-3.7,0.57));
#2639=CARTESIAN_POINT('',(-0.57,-2.9,-0.57));
#2640=CARTESIAN_POINT('',(-0.355640646055101,-3.7,-0.355640646055101));
#2641=CARTESIAN_POINT('',(-0.297527333921083,-3.91688183348027,-0.297527333921083));
#2642=CARTESIAN_POINT('',(-0.355640646055101,-3.7,0.57));
#2643=CARTESIAN_POINT('',(-0.57,-2.9,0.));
#2644=CARTESIAN_POINT('Origin',(0.57,-2.9,0.));
#2645=CARTESIAN_POINT('',(0.355640646055101,-3.7,-0.355640646055101));
#2646=CARTESIAN_POINT('',(0.57,-2.9,-0.57));
#2647=CARTESIAN_POINT('',(0.57,-2.9,-0.57));
#2648=CARTESIAN_POINT('',(0.57,-2.9,-0.57));
#2649=CARTESIAN_POINT('',(0.355640646055101,-3.7,0.57));
#2650=CARTESIAN_POINT('Origin',(0.57,-2.9,-0.57));
#2651=CARTESIAN_POINT('',(0.57,-2.9,-0.57));
#2652=CARTESIAN_POINT('',(0.57,-3.7,-0.355640646055101));
#2653=CARTESIAN_POINT('Origin',(0.57,10.9,-0.355640646055101));
#2654=CARTESIAN_POINT('',(0.355640646055101,10.9,-0.355640646055101));
#2655=CARTESIAN_POINT('',(0.57,10.1,-0.57));
#2656=CARTESIAN_POINT('',(0.534214419432032,10.233553604858,-0.534214419432032));
#2657=CARTESIAN_POINT('',(-0.57,10.1,-0.57));
#2658=CARTESIAN_POINT('',(0.57,10.1,-0.57));
#2659=CARTESIAN_POINT('',(-0.355640646055101,10.9,-0.355640646055101));
#2660=CARTESIAN_POINT('',(-0.297527333921082,11.1168818334803,-0.297527333921082));
#2661=CARTESIAN_POINT('',(0.57,10.9,-0.355640646055101));
#2662=CARTESIAN_POINT('Origin',(-0.355640646055101,10.9,0.57));
#2663=CARTESIAN_POINT('',(-0.57,10.1,0.57));
#2664=CARTESIAN_POINT('',(-0.355640646055101,10.9,0.355640646055101));
#2665=CARTESIAN_POINT('',(-0.369098495057018,10.8497746237643,0.369098495057018));
#2666=CARTESIAN_POINT('',(-0.355640646055101,10.9,0.57));
#2667=CARTESIAN_POINT('',(-0.57,10.1,0.));
#2668=CARTESIAN_POINT('Origin',(0.57,10.1,0.));
#2669=CARTESIAN_POINT('',(0.355640646055101,10.9,0.355640646055101));
#2670=CARTESIAN_POINT('',(0.57,10.1,0.57));
#2671=CARTESIAN_POINT('',(0.57,10.1,0.57));
#2672=CARTESIAN_POINT('',(0.57,10.1,0.57));
#2673=CARTESIAN_POINT('',(0.355640646055101,10.9,-0.57));
#2674=CARTESIAN_POINT('Origin',(0.57,10.1,0.57));
#2675=CARTESIAN_POINT('',(0.57,10.1,0.57));
#2676=CARTESIAN_POINT('',(0.57,10.9,0.355640646055101));
#2677=CARTESIAN_POINT('Origin',(-0.57,0.,0.));
#2678=CARTESIAN_POINT('',(-0.57,10.9,0.57));
#2679=CARTESIAN_POINT('',(-0.57,-3.7,-0.57));
#2680=CARTESIAN_POINT('Origin',(0.57,0.,0.));
#2681=CARTESIAN_POINT('',(0.57,-3.7,-0.57));
#2682=CARTESIAN_POINT('',(0.57,10.9,0.57));
#2683=CARTESIAN_POINT('Origin',(0.57,10.9,0.57));
#2684=CARTESIAN_POINT('Origin',(0.57,10.9,0.57));
#2685=CARTESIAN_POINT('Origin',(0.57,-3.7,-0.57));
#2686=CARTESIAN_POINT('Origin',(0.57,-3.7,0.57));
#2687=CARTESIAN_POINT('',(-1.98,4.33680868994202E-16,0.));
#2688=CARTESIAN_POINT('',(-1.98,0.,-1.51788304147971E-15));
#2689=CARTESIAN_POINT('',(1.98,0.,-1.51788304147971E-15));
#2690=CARTESIAN_POINT('',(0.,0.,0.));
#2691=CARTESIAN_POINT('Origin',(1.,-5.1,-4.3));
#2692=CARTESIAN_POINT('',(1.,-5.1,-4.3));
#2693=CARTESIAN_POINT('',(-1.38777878078145E-16,-5.1,-4.3));
#2694=CARTESIAN_POINT('',(1.,-5.1,-4.3));
#2695=CARTESIAN_POINT('',(-1.38777878078145E-16,-6.1,-4.3));
#2696=CARTESIAN_POINT('',(-1.38777878078145E-16,-5.1,-4.3));
#2697=CARTESIAN_POINT('',(1.,-6.1,-4.3));
#2698=CARTESIAN_POINT('',(1.,-6.1,-4.3));
#2699=CARTESIAN_POINT('',(1.,-5.1,-4.3));
#2700=CARTESIAN_POINT('Origin',(-1.38777878078145E-16,-5.1,-5.3));
#2701=CARTESIAN_POINT('',(1.,-5.1,-5.3));
#2702=CARTESIAN_POINT('',(-1.38777878078145E-16,-5.1,-5.3));
#2703=CARTESIAN_POINT('',(1.,-5.1,-5.3));
#2704=CARTESIAN_POINT('',(1.,-6.1,-5.3));
#2705=CARTESIAN_POINT('',(1.,-5.1,-5.3));
#2706=CARTESIAN_POINT('',(-1.38777878078145E-16,-6.1,-5.3));
#2707=CARTESIAN_POINT('',(-1.38777878078145E-16,-6.1,-5.3));
#2708=CARTESIAN_POINT('',(-1.38777878078145E-16,-5.1,-5.3));
#2709=CARTESIAN_POINT('Origin',(0.5,-6.1,-4.8));
#2710=CARTESIAN_POINT('',(-1.38777878078145E-16,-6.1,-4.3));
#2711=CARTESIAN_POINT('',(1.,-6.1,-5.3));
#2712=CARTESIAN_POINT('Origin',(1.,-2.92706869838771,-4.56086169376614));
#2713=CARTESIAN_POINT('',(1.,-2.92706869838771,-4.56086169376614));
#2714=CARTESIAN_POINT('',(1.,-5.1,-5.3));
#2715=CARTESIAN_POINT('',(-1.38777878078145E-16,-2.92706869838771,-4.56086169376614));
#2716=CARTESIAN_POINT('',(-1.38777878078145E-16,-5.1,-5.3));
#2717=CARTESIAN_POINT('',(1.,-2.92706869838771,-4.56086169376614));
#2718=CARTESIAN_POINT('Origin',(1.,-1.34880692891139,-2.76383097548074));
#2719=CARTESIAN_POINT('',(1.,-1.34880692891139,-2.76383097548074));
#2720=CARTESIAN_POINT('',(1.,-2.92706869838771,-4.56086169376614));
#2721=CARTESIAN_POINT('',(-1.38777878078145E-16,-1.34880692891139,-2.76383097548074));
#2722=CARTESIAN_POINT('',(-1.38777878078145E-16,-2.92706869838771,-4.56086169376614));
#2723=CARTESIAN_POINT('',(1.,-1.34880692891139,-2.76383097548074));
#2724=CARTESIAN_POINT('Origin',(1.,-1.08490298842256,-0.792313312659794));
#2725=CARTESIAN_POINT('',(1.,-1.08490298842256,-0.792313312659794));
#2726=CARTESIAN_POINT('',(1.,-1.34880692891139,-2.76383097548074));
#2727=CARTESIAN_POINT('',(-1.38777878078145E-16,-1.08490298842256,-0.792313312659794));
#2728=CARTESIAN_POINT('',(-1.38777878078145E-16,-1.34880692891139,-2.76383097548074));
#2729=CARTESIAN_POINT('',(1.,-1.08490298842256,-0.792313312659794));
#2730=CARTESIAN_POINT('Origin',(1.,-0.63076476117353,-0.333758486713588));
#2731=CARTESIAN_POINT('',(1.,-0.63076476117353,-0.333758486713588));
#2732=CARTESIAN_POINT('',(1.,-1.08490298842256,-0.792313312659794));
#2733=CARTESIAN_POINT('',(-1.38777878078145E-16,-0.63076476117353,-0.333758486713588));
#2734=CARTESIAN_POINT('',(-1.38777878078145E-16,-1.08490298842256,-0.792313312659794));
#2735=CARTESIAN_POINT('',(1.,-0.63076476117353,-0.333758486713588));
#2736=CARTESIAN_POINT('Origin',(1.,0.,1.54737334057131E-14));
#2737=CARTESIAN_POINT('',(1.,1.83697019872103E-16,0.));
#2738=CARTESIAN_POINT('',(1.,-0.63076476117353,-0.333758486713588));
#2739=CARTESIAN_POINT('',(0.,0.,0.));
#2740=CARTESIAN_POINT('',(-1.38777878078145E-16,-0.63076476117353,-0.333758486713588));
#2741=CARTESIAN_POINT('',(0.,0.,0.));
#2742=CARTESIAN_POINT('Origin',(1.,-0.944941906023784,0.499999999999998));
#2743=CARTESIAN_POINT('',(1.,0.,1.));
#2744=CARTESIAN_POINT('',(1.,-0.944941906023784,0.499999999999998));
#2745=CARTESIAN_POINT('',(1.,0.,0.999999999999997));
#2746=CARTESIAN_POINT('',(0.,0.,1.));
#2747=CARTESIAN_POINT('',(0.,0.,1.));
#2748=CARTESIAN_POINT('',(-1.38777878078145E-16,-0.944941906023784,0.499999999999998));
#2749=CARTESIAN_POINT('',(-1.38777878078145E-16,0.,0.999999999999997));
#2750=CARTESIAN_POINT('',(1.,-0.944941906023784,0.499999999999998));
#2751=CARTESIAN_POINT('Origin',(1.,-1.86461483159533,-0.428616956267913));
#2752=CARTESIAN_POINT('',(1.,-1.86461483159533,-0.428616956267913));
#2753=CARTESIAN_POINT('',(1.,-0.944941906023784,0.499999999999998));
#2754=CARTESIAN_POINT('',(-1.38777878078145E-16,-1.86461483159533,-0.428616956267913));
#2755=CARTESIAN_POINT('',(-1.38777878078145E-16,-0.944941906023784,0.499999999999998));
#2756=CARTESIAN_POINT('',(1.,-1.86461483159533,-0.428616956267913));
#2757=CARTESIAN_POINT('Origin',(1.,-2.09796467838214,-2.17187756732435));
#2758=CARTESIAN_POINT('',(1.,-2.09796467838214,-2.17187756732435));
#2759=CARTESIAN_POINT('',(1.,-1.86461483159533,-0.428616956267913));
#2760=CARTESIAN_POINT('',(-1.38777878078145E-16,-2.09796467838214,-2.17187756732435));
#2761=CARTESIAN_POINT('',(-1.38777878078145E-16,-1.86461483159533,-0.428616956267913));
#2762=CARTESIAN_POINT('',(1.,-2.09796467838214,-2.17187756732435));
#2763=CARTESIAN_POINT('Origin',(1.,-3.48433729752731,-3.78118076888879));
#2764=CARTESIAN_POINT('',(1.,-3.48433729752731,-3.78118076888879));
#2765=CARTESIAN_POINT('',(1.,-2.09796467838214,-2.17187756732435));
#2766=CARTESIAN_POINT('',(-1.38777878078145E-16,-3.48433729752731,-3.78118076888879));
#2767=CARTESIAN_POINT('',(-1.38777878078145E-16,-2.09796467838214,-2.17187756732435));
#2768=CARTESIAN_POINT('',(1.,-3.48433729752731,-3.78118076888879));
#2769=CARTESIAN_POINT('Origin',(1.,-5.1,-4.3));
#2770=CARTESIAN_POINT('',(1.,-3.48433729752731,-3.78118076888879));
#2771=CARTESIAN_POINT('',(-1.38777878078145E-16,-3.48433729752731,-3.78118076888879));
#2772=CARTESIAN_POINT('Origin',(1.,-2.55,-2.15));
#2773=CARTESIAN_POINT('',(1.,1.83697019872103E-16,0.));
#2774=CARTESIAN_POINT('Origin',(-1.38777878078145E-16,-2.55,-2.15));
#2775=CARTESIAN_POINT('',(0.,0.,0.));
#2776=CARTESIAN_POINT('Origin',(1.,15.3,1.));
#2777=CARTESIAN_POINT('',(1.,15.3,0.));
#2778=CARTESIAN_POINT('',(1.,15.3,1.));
#2779=CARTESIAN_POINT('',(1.,15.3,0.));
#2780=CARTESIAN_POINT('',(1.,19.3,0.));
#2781=CARTESIAN_POINT('',(1.,15.3,0.));
#2782=CARTESIAN_POINT('',(1.,19.3,1.));
#2783=CARTESIAN_POINT('',(1.,19.3,1.));
#2784=CARTESIAN_POINT('',(1.,15.3,1.));
#2785=CARTESIAN_POINT('Origin',(0.,15.3,0.));
#2786=CARTESIAN_POINT('',(0.,15.3,0.));
#2787=CARTESIAN_POINT('',(0.,15.3,1.));
#2788=CARTESIAN_POINT('',(0.,15.3,0.));
#2789=CARTESIAN_POINT('',(0.,19.3,1.));
#2790=CARTESIAN_POINT('',(0.,15.3,1.));
#2791=CARTESIAN_POINT('',(0.,19.3,0.));
#2792=CARTESIAN_POINT('',(0.,19.3,0.));
#2793=CARTESIAN_POINT('',(0.,15.3,0.));
#2794=CARTESIAN_POINT('Origin',(0.5,19.3,0.5));
#2795=CARTESIAN_POINT('',(0.,19.3,1.));
#2796=CARTESIAN_POINT('',(1.,19.3,0.));
#2797=CARTESIAN_POINT('Origin',(1.92116605054501,12.0419465130241,0.));
#2798=CARTESIAN_POINT('',(1.92116605054501,12.0419465130241,0.));
#2799=CARTESIAN_POINT('',(1.92116605054501,12.0419465130241,0.));
#2800=CARTESIAN_POINT('',(1.92116605054501,12.0419465130241,1.));
#2801=CARTESIAN_POINT('',(1.92116605054501,12.0419465130241,1.));
#2802=CARTESIAN_POINT('',(1.92116605054501,12.0419465130241,0.));
#2803=CARTESIAN_POINT('Origin',(2.5706040013981,8.67425543128272,0.));
#2804=CARTESIAN_POINT('',(2.5706040013981,8.67425543128272,0.));
#2805=CARTESIAN_POINT('',(2.5706040013981,8.67425543128272,0.));
#2806=CARTESIAN_POINT('',(2.5706040013981,8.67425543128272,1.));
#2807=CARTESIAN_POINT('',(2.5706040013981,8.67425543128272,1.));
#2808=CARTESIAN_POINT('',(2.5706040013981,8.67425543128272,0.));
#2809=CARTESIAN_POINT('Origin',(2.18389334915753,4.75414209565636,0.));
#2810=CARTESIAN_POINT('',(2.18389334915753,4.75414209565636,0.));
#2811=CARTESIAN_POINT('',(2.18389334915753,4.75414209565636,0.));
#2812=CARTESIAN_POINT('',(2.18389334915753,4.75414209565636,1.));
#2813=CARTESIAN_POINT('',(2.18389334915753,4.75414209565636,1.));
#2814=CARTESIAN_POINT('',(2.18389334915753,4.75414209565636,0.));
#2815=CARTESIAN_POINT('Origin',(1.,4.25524270914062E-17,0.));
#2816=CARTESIAN_POINT('',(1.,1.11022302462516E-15,0.));
#2817=CARTESIAN_POINT('',(1.,1.11022302462516E-15,1.));
#2818=CARTESIAN_POINT('Origin',(1.18389334915754,4.75414209565636,0.));
#2819=CARTESIAN_POINT('',(1.18389334915754,4.75414209565636,0.));
#2820=CARTESIAN_POINT('',(1.18389334915754,4.75414209565636,0.));
#2821=CARTESIAN_POINT('',(1.18389334915754,4.75414209565636,1.));
#2822=CARTESIAN_POINT('',(1.18389334915754,4.75414209565636,1.));
#2823=CARTESIAN_POINT('',(1.18389334915754,4.75414209565636,0.));
#2824=CARTESIAN_POINT('Origin',(1.5706040013981,8.67425543128272,0.));
#2825=CARTESIAN_POINT('',(1.5706040013981,8.67425543128272,0.));
#2826=CARTESIAN_POINT('',(1.5706040013981,8.67425543128272,0.));
#2827=CARTESIAN_POINT('',(1.5706040013981,8.67425543128272,1.));
#2828=CARTESIAN_POINT('',(1.5706040013981,8.67425543128272,1.));
#2829=CARTESIAN_POINT('',(1.5706040013981,8.67425543128272,0.));
#2830=CARTESIAN_POINT('Origin',(0.921166050545014,12.0419465130241,0.));
#2831=CARTESIAN_POINT('',(0.921166050545014,12.0419465130241,0.));
#2832=CARTESIAN_POINT('',(0.921166050545014,12.0419465130241,0.));
#2833=CARTESIAN_POINT('',(0.921166050545014,12.0419465130241,1.));
#2834=CARTESIAN_POINT('',(0.921166050545014,12.0419465130241,1.));
#2835=CARTESIAN_POINT('',(0.921166050545014,12.0419465130241,0.));
#2836=CARTESIAN_POINT('Origin',(0.,15.3,0.));
#2837=CARTESIAN_POINT('',(0.,15.3,0.));
#2838=CARTESIAN_POINT('',(0.,15.3,1.));
#2839=CARTESIAN_POINT('Origin',(1.28530200069905,7.65,1.));
#2840=CARTESIAN_POINT('Origin',(1.28530200069905,7.65,0.));
#2841=CARTESIAN_POINT('',(0.,0.,0.));
#2842=CARTESIAN_POINT('Origin',(1.,-5.1,4.3));
#2843=CARTESIAN_POINT('',(1.,-5.1,4.3));
#2844=CARTESIAN_POINT('',(-1.38777878078145E-16,-5.1,4.3));
#2845=CARTESIAN_POINT('',(1.,-5.1,4.3));
#2846=CARTESIAN_POINT('',(1.,-6.1,4.3));
#2847=CARTESIAN_POINT('',(1.,-5.1,4.3));
#2848=CARTESIAN_POINT('',(-1.38777878078145E-16,-6.1,4.3));
#2849=CARTESIAN_POINT('',(1.,-6.1,4.3));
#2850=CARTESIAN_POINT('',(-1.38777878078145E-16,-5.1,4.3));
#2851=CARTESIAN_POINT('Origin',(-1.38777878078145E-16,-5.1,5.3));
#2852=CARTESIAN_POINT('',(1.,-5.1,5.3));
#2853=CARTESIAN_POINT('',(-1.38777878078145E-16,-5.1,5.3));
#2854=CARTESIAN_POINT('',(1.,-5.1,5.3));
#2855=CARTESIAN_POINT('',(-1.38777878078145E-16,-6.1,5.3));
#2856=CARTESIAN_POINT('',(-1.38777878078145E-16,-5.1,5.3));
#2857=CARTESIAN_POINT('',(1.,-6.1,5.3));
#2858=CARTESIAN_POINT('',(-1.38777878078145E-16,-6.1,5.3));
#2859=CARTESIAN_POINT('',(1.,-5.1,5.3));
#2860=CARTESIAN_POINT('Origin',(0.5,-6.1,4.8));
#2861=CARTESIAN_POINT('',(-1.38777878078145E-16,-6.1,4.3));
#2862=CARTESIAN_POINT('',(1.,-6.1,5.3));
#2863=CARTESIAN_POINT('Origin',(1.,-2.92706869838771,4.56086169376614));
#2864=CARTESIAN_POINT('',(1.,-2.92706869838771,4.56086169376614));
#2865=CARTESIAN_POINT('',(1.,-5.1,5.3));
#2866=CARTESIAN_POINT('',(-1.38777878078145E-16,-2.92706869838771,4.56086169376614));
#2867=CARTESIAN_POINT('',(1.,-2.92706869838771,4.56086169376614));
#2868=CARTESIAN_POINT('',(-1.38777878078145E-16,-5.1,5.3));
#2869=CARTESIAN_POINT('Origin',(1.,-1.34880692891139,2.76383097548074));
#2870=CARTESIAN_POINT('',(1.,-1.34880692891139,2.76383097548074));
#2871=CARTESIAN_POINT('',(1.,-2.92706869838771,4.56086169376614));
#2872=CARTESIAN_POINT('',(-1.38777878078145E-16,-1.34880692891139,2.76383097548074));
#2873=CARTESIAN_POINT('',(1.,-1.34880692891139,2.76383097548074));
#2874=CARTESIAN_POINT('',(-1.38777878078145E-16,-2.92706869838771,4.56086169376614));
#2875=CARTESIAN_POINT('Origin',(1.,-1.08490298842256,0.792313312659794));
#2876=CARTESIAN_POINT('',(1.,-1.08490298842256,0.792313312659794));
#2877=CARTESIAN_POINT('',(1.,-1.34880692891139,2.76383097548074));
#2878=CARTESIAN_POINT('',(-1.38777878078145E-16,-1.08490298842256,0.792313312659794));
#2879=CARTESIAN_POINT('',(1.,-1.08490298842256,0.792313312659794));
#2880=CARTESIAN_POINT('',(-1.38777878078145E-16,-1.34880692891139,2.76383097548074));
#2881=CARTESIAN_POINT('Origin',(1.,-0.63076476117353,0.333758486713588));
#2882=CARTESIAN_POINT('',(1.,-0.63076476117353,0.333758486713588));
#2883=CARTESIAN_POINT('',(1.,-1.08490298842256,0.792313312659794));
#2884=CARTESIAN_POINT('',(-1.38777878078145E-16,-0.63076476117353,0.333758486713588));
#2885=CARTESIAN_POINT('',(1.,-0.63076476117353,0.333758486713588));
#2886=CARTESIAN_POINT('',(-1.38777878078145E-16,-1.08490298842256,0.792313312659794));
#2887=CARTESIAN_POINT('Origin',(1.,0.,-1.54737334057131E-14));
#2888=CARTESIAN_POINT('',(1.,1.83697019872103E-16,0.));
#2889=CARTESIAN_POINT('',(1.,-0.63076476117353,0.333758486713588));
#2890=CARTESIAN_POINT('',(0.,0.,0.));
#2891=CARTESIAN_POINT('',(0.,0.,0.));
#2892=CARTESIAN_POINT('',(-1.38777878078145E-16,-0.63076476117353,0.333758486713588));
#2893=CARTESIAN_POINT('Origin',(1.,-0.944941906023784,-0.499999999999998));
#2894=CARTESIAN_POINT('',(1.,0.,-1.));
#2895=CARTESIAN_POINT('',(1.,-0.944941906023784,-0.499999999999998));
#2896=CARTESIAN_POINT('',(1.,0.,-0.999999999999997));
#2897=CARTESIAN_POINT('',(-1.38777878078145E-16,-0.944941906023784,-0.499999999999998));
#2898=CARTESIAN_POINT('',(1.,-0.944941906023784,-0.499999999999998));
#2899=CARTESIAN_POINT('',(0.,0.,-1.));
#2900=CARTESIAN_POINT('',(-1.38777878078145E-16,0.,-0.999999999999997));
#2901=CARTESIAN_POINT('',(0.,0.,-1.));
#2902=CARTESIAN_POINT('Origin',(1.,-1.86461483159533,0.428616956267913));
#2903=CARTESIAN_POINT('',(1.,-1.86461483159533,0.428616956267913));
#2904=CARTESIAN_POINT('',(1.,-0.944941906023784,-0.499999999999998));
#2905=CARTESIAN_POINT('',(-1.38777878078145E-16,-1.86461483159533,0.428616956267913));
#2906=CARTESIAN_POINT('',(1.,-1.86461483159533,0.428616956267913));
#2907=CARTESIAN_POINT('',(-1.38777878078145E-16,-0.944941906023784,-0.499999999999998));
#2908=CARTESIAN_POINT('Origin',(1.,-2.09796467838214,2.17187756732435));
#2909=CARTESIAN_POINT('',(1.,-2.09796467838214,2.17187756732435));
#2910=CARTESIAN_POINT('',(1.,-1.86461483159533,0.428616956267913));
#2911=CARTESIAN_POINT('',(-1.38777878078145E-16,-2.09796467838214,2.17187756732435));
#2912=CARTESIAN_POINT('',(1.,-2.09796467838214,2.17187756732435));
#2913=CARTESIAN_POINT('',(-1.38777878078145E-16,-1.86461483159533,0.428616956267913));
#2914=CARTESIAN_POINT('Origin',(1.,-3.48433729752731,3.78118076888879));
#2915=CARTESIAN_POINT('',(1.,-3.48433729752731,3.78118076888879));
#2916=CARTESIAN_POINT('',(1.,-2.09796467838214,2.17187756732435));
#2917=CARTESIAN_POINT('',(-1.38777878078145E-16,-3.48433729752731,3.78118076888879));
#2918=CARTESIAN_POINT('',(1.,-3.48433729752731,3.78118076888879));
#2919=CARTESIAN_POINT('',(-1.38777878078145E-16,-2.09796467838214,2.17187756732435));
#2920=CARTESIAN_POINT('Origin',(1.,-5.1,4.3));
#2921=CARTESIAN_POINT('',(1.,-3.48433729752731,3.78118076888879));
#2922=CARTESIAN_POINT('',(-1.38777878078145E-16,-3.48433729752731,3.78118076888879));
#2923=CARTESIAN_POINT('Origin',(1.,-2.55,2.15));
#2924=CARTESIAN_POINT('',(1.,1.83697019872103E-16,0.));
#2925=CARTESIAN_POINT('Origin',(-1.38777878078145E-16,-2.55,2.15));
#2926=CARTESIAN_POINT('',(0.,0.,0.));
#2927=CARTESIAN_POINT('Origin',(1.,15.3,-1.));
#2928=CARTESIAN_POINT('',(1.,15.3,0.));
#2929=CARTESIAN_POINT('',(1.,15.3,-1.));
#2930=CARTESIAN_POINT('',(1.,15.3,0.));
#2931=CARTESIAN_POINT('',(1.,19.3,-1.));
#2932=CARTESIAN_POINT('',(1.,15.3,-1.));
#2933=CARTESIAN_POINT('',(1.,19.3,0.));
#2934=CARTESIAN_POINT('',(1.,19.3,-1.));
#2935=CARTESIAN_POINT('',(1.,15.3,0.));
#2936=CARTESIAN_POINT('Origin',(0.,15.3,0.));
#2937=CARTESIAN_POINT('',(0.,15.3,0.));
#2938=CARTESIAN_POINT('',(0.,15.3,-1.));
#2939=CARTESIAN_POINT('',(0.,15.3,0.));
#2940=CARTESIAN_POINT('',(0.,19.3,0.));
#2941=CARTESIAN_POINT('',(0.,15.3,0.));
#2942=CARTESIAN_POINT('',(0.,19.3,-1.));
#2943=CARTESIAN_POINT('',(0.,19.3,0.));
#2944=CARTESIAN_POINT('',(0.,15.3,-1.));
#2945=CARTESIAN_POINT('Origin',(0.5,19.3,-0.5));
#2946=CARTESIAN_POINT('',(1.,19.3,0.));
#2947=CARTESIAN_POINT('',(0.,19.3,-1.));
#2948=CARTESIAN_POINT('Origin',(1.92116605054501,12.0419465130241,0.));
#2949=CARTESIAN_POINT('',(1.92116605054501,12.0419465130241,0.));
#2950=CARTESIAN_POINT('',(1.92116605054501,12.0419465130241,0.));
#2951=CARTESIAN_POINT('',(1.92116605054501,12.0419465130241,-1.));
#2952=CARTESIAN_POINT('',(1.92116605054501,12.0419465130241,0.));
#2953=CARTESIAN_POINT('',(1.92116605054501,12.0419465130241,-1.));
#2954=CARTESIAN_POINT('Origin',(2.5706040013981,8.67425543128272,0.));
#2955=CARTESIAN_POINT('',(2.5706040013981,8.67425543128272,0.));
#2956=CARTESIAN_POINT('',(2.5706040013981,8.67425543128272,0.));
#2957=CARTESIAN_POINT('',(2.5706040013981,8.67425543128272,-1.));
#2958=CARTESIAN_POINT('',(2.5706040013981,8.67425543128272,0.));
#2959=CARTESIAN_POINT('',(2.5706040013981,8.67425543128272,-1.));
#2960=CARTESIAN_POINT('Origin',(2.18389334915753,4.75414209565636,0.));
#2961=CARTESIAN_POINT('',(2.18389334915753,4.75414209565636,0.));
#2962=CARTESIAN_POINT('',(2.18389334915753,4.75414209565636,0.));
#2963=CARTESIAN_POINT('',(2.18389334915753,4.75414209565636,-1.));
#2964=CARTESIAN_POINT('',(2.18389334915753,4.75414209565636,0.));
#2965=CARTESIAN_POINT('',(2.18389334915753,4.75414209565636,-1.));
#2966=CARTESIAN_POINT('Origin',(1.,4.25524270914062E-17,0.));
#2967=CARTESIAN_POINT('',(1.,1.11022302462516E-15,0.));
#2968=CARTESIAN_POINT('',(1.,1.11022302462516E-15,-1.));
#2969=CARTESIAN_POINT('Origin',(1.18389334915754,4.75414209565636,0.));
#2970=CARTESIAN_POINT('',(1.18389334915754,4.75414209565636,0.));
#2971=CARTESIAN_POINT('',(1.18389334915754,4.75414209565636,0.));
#2972=CARTESIAN_POINT('',(1.18389334915754,4.75414209565636,-1.));
#2973=CARTESIAN_POINT('',(1.18389334915754,4.75414209565636,0.));
#2974=CARTESIAN_POINT('',(1.18389334915754,4.75414209565636,-1.));
#2975=CARTESIAN_POINT('Origin',(1.5706040013981,8.67425543128272,0.));
#2976=CARTESIAN_POINT('',(1.5706040013981,8.67425543128272,0.));
#2977=CARTESIAN_POINT('',(1.5706040013981,8.67425543128272,0.));
#2978=CARTESIAN_POINT('',(1.5706040013981,8.67425543128272,-1.));
#2979=CARTESIAN_POINT('',(1.5706040013981,8.67425543128272,0.));
#2980=CARTESIAN_POINT('',(1.5706040013981,8.67425543128272,-1.));
#2981=CARTESIAN_POINT('Origin',(0.921166050545014,12.0419465130241,0.));
#2982=CARTESIAN_POINT('',(0.921166050545014,12.0419465130241,0.));
#2983=CARTESIAN_POINT('',(0.921166050545014,12.0419465130241,0.));
#2984=CARTESIAN_POINT('',(0.921166050545014,12.0419465130241,-1.));
#2985=CARTESIAN_POINT('',(0.921166050545014,12.0419465130241,0.));
#2986=CARTESIAN_POINT('',(0.921166050545014,12.0419465130241,-1.));
#2987=CARTESIAN_POINT('Origin',(0.,15.3,0.));
#2988=CARTESIAN_POINT('',(0.,15.3,0.));
#2989=CARTESIAN_POINT('',(0.,15.3,-1.));
#2990=CARTESIAN_POINT('Origin',(1.28530200069905,7.65,-1.));
#2991=CARTESIAN_POINT('Origin',(1.28530200069905,7.65,0.));
#2992=CARTESIAN_POINT('',(0.350323079519884,-1.25590449005265,-3.69747554733085));
#2993=CARTESIAN_POINT('',(-1.05967692048012,-11.0559044900526,1.17252445266911));
#2994=CARTESIAN_POINT('',(1.90032307951988,-11.0559044900527,1.17252445266915));
#2995=UNCERTAINTY_MEASURE_WITH_UNIT(LENGTH_MEASURE(0.01),#3009,
'DISTANCE_ACCURACY_VALUE',
'Maximum model space distance between geometric entities at asserted c
onnectivities');
#2996=UNCERTAINTY_MEASURE_WITH_UNIT(LENGTH_MEASURE(0.01),#3009,
'DISTANCE_ACCURACY_VALUE',
'Maximum model space distance between geometric entities at asserted c
onnectivities');
#2997=UNCERTAINTY_MEASURE_WITH_UNIT(LENGTH_MEASURE(0.01),#3009,
'DISTANCE_ACCURACY_VALUE',
'Maximum model space distance between geometric entities at asserted c
onnectivities');
#2998=UNCERTAINTY_MEASURE_WITH_UNIT(LENGTH_MEASURE(0.01),#3009,
'DISTANCE_ACCURACY_VALUE',
'Maximum model space distance between geometric entities at asserted c
onnectivities');
#2999=UNCERTAINTY_MEASURE_WITH_UNIT(LENGTH_MEASURE(0.01),#3009,
'DISTANCE_ACCURACY_VALUE',
'Maximum model space distance between geometric entities at asserted c
onnectivities');
#3000=UNCERTAINTY_MEASURE_WITH_UNIT(LENGTH_MEASURE(0.01),#3009,
'DISTANCE_ACCURACY_VALUE',
'Maximum model space distance between geometric entities at asserted c
onnectivities');
#3001=UNCERTAINTY_MEASURE_WITH_UNIT(LENGTH_MEASURE(0.01),#3009,
'DISTANCE_ACCURACY_VALUE',
'Maximum model space distance between geometric entities at asserted c
onnectivities');
#3002=(
GEOMETRIC_REPRESENTATION_CONTEXT(3)
GLOBAL_UNCERTAINTY_ASSIGNED_CONTEXT((#2995))
GLOBAL_UNIT_ASSIGNED_CONTEXT((#3009,#3011,#3012))
REPRESENTATION_CONTEXT('','3D')
);
#3003=(
GEOMETRIC_REPRESENTATION_CONTEXT(3)
GLOBAL_UNCERTAINTY_ASSIGNED_CONTEXT((#2996))
GLOBAL_UNIT_ASSIGNED_CONTEXT((#3009,#3011,#3012))
REPRESENTATION_CONTEXT('','3D')
);
#3004=(
GEOMETRIC_REPRESENTATION_CONTEXT(3)
GLOBAL_UNCERTAINTY_ASSIGNED_CONTEXT((#2997))
GLOBAL_UNIT_ASSIGNED_CONTEXT((#3009,#3011,#3012))
REPRESENTATION_CONTEXT('','3D')
);
#3005=(
GEOMETRIC_REPRESENTATION_CONTEXT(3)
GLOBAL_UNCERTAINTY_ASSIGNED_CONTEXT((#2998))
GLOBAL_UNIT_ASSIGNED_CONTEXT((#3009,#3011,#3012))
REPRESENTATION_CONTEXT('','3D')
);
#3006=(
GEOMETRIC_REPRESENTATION_CONTEXT(3)
GLOBAL_UNCERTAINTY_ASSIGNED_CONTEXT((#2999))
GLOBAL_UNIT_ASSIGNED_CONTEXT((#3009,#3011,#3012))
REPRESENTATION_CONTEXT('','3D')
);
#3007=(
GEOMETRIC_REPRESENTATION_CONTEXT(3)
GLOBAL_UNCERTAINTY_ASSIGNED_CONTEXT((#3000))
GLOBAL_UNIT_ASSIGNED_CONTEXT((#3009,#3011,#3012))
REPRESENTATION_CONTEXT('','3D')
);
#3008=(
GEOMETRIC_REPRESENTATION_CONTEXT(3)
GLOBAL_UNCERTAINTY_ASSIGNED_CONTEXT((#3001))
GLOBAL_UNIT_ASSIGNED_CONTEXT((#3009,#3011,#3012))
REPRESENTATION_CONTEXT('','3D')
);
#3009=(
LENGTH_UNIT()
NAMED_UNIT(*)
SI_UNIT(.MILLI.,.METRE.)
);
#3010=(
LENGTH_UNIT()
NAMED_UNIT(*)
SI_UNIT(.CENTI.,.METRE.)
);
#3011=(
NAMED_UNIT(*)
PLANE_ANGLE_UNIT()
SI_UNIT($,.RADIAN.)
);
#3012=(
NAMED_UNIT(*)
SI_UNIT($,.STERADIAN.)
SOLID_ANGLE_UNIT()
);
#3013=SHAPE_DEFINITION_REPRESENTATION(#3019,#3031);
#3014=SHAPE_DEFINITION_REPRESENTATION(#3020,#3032);
#3015=SHAPE_DEFINITION_REPRESENTATION(#3021,#3033);
#3016=SHAPE_DEFINITION_REPRESENTATION(#3022,#3034);
#3017=SHAPE_DEFINITION_REPRESENTATION(#3026,#3035);
#3018=SHAPE_DEFINITION_REPRESENTATION(#3027,#3036);
#3019=PRODUCT_DEFINITION_SHAPE('',$,#3038);
#3020=PRODUCT_DEFINITION_SHAPE('',$,#3039);
#3021=PRODUCT_DEFINITION_SHAPE('',$,#3040);
#3022=PRODUCT_DEFINITION_SHAPE('',$,#3041);
#3023=PRODUCT_DEFINITION_SHAPE($,$,#29);
#3024=PRODUCT_DEFINITION_SHAPE($,$,#30);
#3025=PRODUCT_DEFINITION_SHAPE($,$,#31);
#3026=PRODUCT_DEFINITION_SHAPE('',$,#3042);
#3027=PRODUCT_DEFINITION_SHAPE('',$,#3043);
#3028=PRODUCT_DEFINITION_SHAPE($,$,#32);
#3029=PRODUCT_DEFINITION_SHAPE($,$,#33);
#3030=PRODUCT_DEFINITION_SHAPE($,$,#34);
#3031=SHAPE_REPRESENTATION('',(#1925,#2029,#2030,#2031),#3002);
#3032=SHAPE_REPRESENTATION('',(#1926,#1968,#1969,#1970),#3003);
#3033=SHAPE_REPRESENTATION('',(#1927),#3004);
#3034=SHAPE_REPRESENTATION('',(#1953),#3005);
#3035=SHAPE_REPRESENTATION('',(#1971),#3006);
#3036=SHAPE_REPRESENTATION('',(#2000),#3007);
#3037=PRODUCT_DEFINITION_CONTEXT('part definition',#3057,'design');
#3038=PRODUCT_DEFINITION('jst-vh-2p','jst-vh-2p',#3044,#3037);
#3039=PRODUCT_DEFINITION('B2P-VH','B2P-VH',#3045,#3037);
#3040=PRODUCT_DEFINITION('BxP-VH_2','BxP-VH_2',#3046,#3037);
#3041=PRODUCT_DEFINITION('pin','pin',#3047,#3037);
#3042=PRODUCT_DEFINITION('jst-vh-2p_wire','jst-vh-2p_wire',#3048,#3037);
#3043=PRODUCT_DEFINITION('jst-vh-2p_wire_MIR','jst-vh-2p_wire_MIR',#3049,
#3037);
#3044=PRODUCT_DEFINITION_FORMATION('',$,#3059);
#3045=PRODUCT_DEFINITION_FORMATION('ANY',$,#3060);
#3046=PRODUCT_DEFINITION_FORMATION('ANY',$,#3061);
#3047=PRODUCT_DEFINITION_FORMATION('ANY',$,#3062);
#3048=PRODUCT_DEFINITION_FORMATION('',$,#3063);
#3049=PRODUCT_DEFINITION_FORMATION('',$,#3064);
#3050=PRODUCT_RELATED_PRODUCT_CATEGORY('jst-vh-2p','jst-vh-2p',(#3059));
#3051=PRODUCT_RELATED_PRODUCT_CATEGORY('B2P-VH','B2P-VH',(#3060));
#3052=PRODUCT_RELATED_PRODUCT_CATEGORY('BxP-VH_2','BxP-VH_2',(#3061));
#3053=PRODUCT_RELATED_PRODUCT_CATEGORY('pin','pin',(#3062));
#3054=PRODUCT_RELATED_PRODUCT_CATEGORY('jst-vh-2p_wire',
'jst-vh-2p_wire',(#3063));
#3055=PRODUCT_RELATED_PRODUCT_CATEGORY('jst-vh-2p_wire_MIR',
'jst-vh-2p_wire_MIR',(#3064));
#3056=APPLICATION_PROTOCOL_DEFINITION('international standard',
'automotive_design',2009,#3057);
#3057=APPLICATION_CONTEXT(
'Core Data for Automotive Mechanical Design Process');
#3058=PRODUCT_CONTEXT('part definition',#3057,'mechanical');
#3059=PRODUCT('jst-vh-2p','jst-vh-2p',$,(#3058));
#3060=PRODUCT('B2P-VH','B2P-VH','STEP AP214',(#3058));
#3061=PRODUCT('BxP-VH_2','BxP-VH_2',$,(#3058));
#3062=PRODUCT('pin','pin',$,(#3058));
#3063=PRODUCT('jst-vh-2p_wire','jst-vh-2p_wire',$,(#3058));
#3064=PRODUCT('jst-vh-2p_wire_MIR','jst-vh-2p_wire_MIR',$,(#3058));
ENDSEC;
END-ISO-10303-21;
