ISO-10303-21;
HEADER;
/* Generated by software containing ST-Developer
 * from STEP Tools, Inc. (www.steptools.com) 
 */

FILE_DESCRIPTION(
/* description */ (''),
/* implementation_level */ '2;1');

FILE_NAME(
/* name */ 'led.step',
/* time_stamp */ '2025-12-13T11:47:52Z',
/* author */ ('sam'),
/* organization */ (''),
/* preprocessor_version */ 'ST-DEVELOPER v20',
/* originating_system */ 'Autodesk Inventor 2025',
/* authorisation */ '');

FILE_SCHEMA (('AUTOMOTIVE_DESIGN { 1 0 10303 214 3 1 1 }'));
ENDSEC;

DATA;
#10=MECHANICAL_DESIGN_GEOMETRIC_PRESENTATION_REPRESENTATION('',(#78,#79,
#80,#81,#82,#83,#84,#85),#2532);
#11=CONTEXT_DEPENDENT_OVER_RIDING_STYLED_ITEM('',(#2580),#2552,#85,(#19));
#12=MAPPED_ITEM('',#13,#1354);
#13=REPRESENTATION_MAP(#1354,#2551);
#14=ITEM_DEFINED_TRANSFORMATION($,$,#1277,#1336);
#15=ITEM_DEFINED_TRANSFORMATION($,$,#1276,#1351);
#16=ITEM_DEFINED_TRANSFORMATION($,$,#1337,#1352);
#17=ITEM_DEFINED_TRANSFORMATION($,$,#1344,#1353);
#18=(
REPRESENTATION_RELATIONSHIP($,$,#2553,#2552)
REPRESENTATION_RELATIONSHIP_WITH_TRANSFORMATION(#14)
SHAPE_REPRESENTATION_RELATIONSHIP()
);
#19=(
REPRESENTATION_RELATIONSHIP($,$,#2552,#2551)
REPRESENTATION_RELATIONSHIP_WITH_TRANSFORMATION(#15)
SHAPE_REPRESENTATION_RELATIONSHIP()
);
#20=(
REPRESENTATION_RELATIONSHIP($,$,#2554,#2551)
REPRESENTATION_RELATIONSHIP_WITH_TRANSFORMATION(#16)
SHAPE_REPRESENTATION_RELATIONSHIP()
);
#21=(
REPRESENTATION_RELATIONSHIP($,$,#2555,#2551)
REPRESENTATION_RELATIONSHIP_WITH_TRANSFORMATION(#17)
SHAPE_REPRESENTATION_RELATIONSHIP()
);
#22=CONTEXT_DEPENDENT_SHAPE_REPRESENTATION(#18,#2545);
#23=CONTEXT_DEPENDENT_SHAPE_REPRESENTATION(#19,#2548);
#24=CONTEXT_DEPENDENT_SHAPE_REPRESENTATION(#20,#2549);
#25=CONTEXT_DEPENDENT_SHAPE_REPRESENTATION(#21,#2550);
#26=NEXT_ASSEMBLY_USAGE_OCCURRENCE('WP7113ID_WP7113ID_1',
'WP7113ID_WP7113ID_1','WP7113ID_WP7113ID_1',#2558,#2559,
'WP7113ID_WP7113ID_1');
#27=NEXT_ASSEMBLY_USAGE_OCCURRENCE('WP7113ID:1','WP7113ID:1',
'WP7113ID:1',#2557,#2558,'WP7113ID:1');
#28=NEXT_ASSEMBLY_USAGE_OCCURRENCE('led-wire-long:1','led-wire-long:1',
'led-wire-long:1',#2557,#2560,'led-wire-long:1');
#29=NEXT_ASSEMBLY_USAGE_OCCURRENCE('led-wire-short:1',
'led-wire-short:1','led-wire-short:1',#2557,#2561,'led-wire-short:1');
#30=SHAPE_REPRESENTATION_RELATIONSHIP('SRR','None',#2553,#33);
#31=SHAPE_REPRESENTATION_RELATIONSHIP('SRR','None',#2554,#34);
#32=SHAPE_REPRESENTATION_RELATIONSHIP('SRR','None',#2555,#35);
#33=ADVANCED_BREP_SHAPE_REPRESENTATION('',(#86,#87,#88,#89,#90),#2529);
#34=ADVANCED_BREP_SHAPE_REPRESENTATION('',(#91),#2530);
#35=ADVANCED_BREP_SHAPE_REPRESENTATION('',(#92),#2531);
#36=FACE_BOUND('',#468,.T.);
#37=FACE_BOUND('',#495,.T.);
#38=(
BOUNDED_CURVE()
B_SPLINE_CURVE(2,(#1729,#1730,#1731),.UNSPECIFIED.,.F.,.F.)
B_SPLINE_CURVE_WITH_KNOTS((3,3),(-1.00824007001923,1.00929365875014E-15),
 .UNSPECIFIED.)
CURVE()
GEOMETRIC_REPRESENTATION_ITEM()
RATIONAL_B_SPLINE_CURVE((0.999881870665517,0.875543317513929,1.))
REPRESENTATION_ITEM('')
);
#39=(
BOUNDED_CURVE()
B_SPLINE_CURVE(2,(#2128,#2129,#2130),.UNSPECIFIED.,.F.,.F.)
B_SPLINE_CURVE_WITH_KNOTS((3,3),(-1.00824007001923,1.00929365875014E-15),
 .UNSPECIFIED.)
CURVE()
GEOMETRIC_REPRESENTATION_ITEM()
RATIONAL_B_SPLINE_CURVE((0.999881870665517,0.875543317513929,1.))
REPRESENTATION_ITEM('')
);
#40=B_SPLINE_CURVE_WITH_KNOTS('',3,(#1701,#1702,#1703,#1704,#1705,#1706,
#1707,#1708,#1709,#1710,#1711,#1712,#1713,#1714,#1715,#1716),
 .UNSPECIFIED.,.F.,.F.,(4,3,3,3,3,4),(0.000366910686798565,0.000367326455695596,
0.00047325920343485,0.000574690374506333,0.000669890068366632,0.000734870964285191),
 .UNSPECIFIED.);
#41=B_SPLINE_CURVE_WITH_KNOTS('',3,(#1718,#1719,#1720,#1721,#1722,#1723),
 .UNSPECIFIED.,.F.,.F.,(4,2,4),(9.50021980638076E-8,0.000367520642342507,
0.000734870969474864),.UNSPECIFIED.);
#42=B_SPLINE_CURVE_WITH_KNOTS('',3,(#1725,#1726,#1727,#1728),
 .UNSPECIFIED.,.F.,.F.,(4,4),(9.50015062049827E-8,0.000366910686798565),
 .UNSPECIFIED.);
#43=B_SPLINE_CURVE_WITH_KNOTS('',3,(#1733,#1734,#1735,#1736,#1737,#1738,
#1739,#1740,#1741,#1742,#1743,#1744,#1745,#1746,#1747,#1748),
 .UNSPECIFIED.,.F.,.F.,(4,3,3,3,3,4),(0.000366910686798565,0.000367326455695467,
0.000473259203450915,0.00057469037453786,0.000669890068414824,0.000734870964285053),
 .UNSPECIFIED.);
#44=B_SPLINE_CURVE_WITH_KNOTS('',3,(#1750,#1751,#1752,#1753,#1754,#1755),
 .UNSPECIFIED.,.F.,.F.,(4,2,4),(9.50021990413353E-8,0.000367520642342681,
0.000734870969474338),.UNSPECIFIED.);
#45=B_SPLINE_CURVE_WITH_KNOTS('',3,(#1756,#1757,#1758,#1759),
 .UNSPECIFIED.,.F.,.F.,(4,4),(9.50015061944798E-8,0.000366910686798565),
 .UNSPECIFIED.);
#46=B_SPLINE_CURVE_WITH_KNOTS('',3,(#1763,#1764,#1765,#1766,#1767,#1768,
#1769,#1770,#1771,#1772,#1773,#1774,#1775,#1776,#1777,#1778,#1779,#1780,
#1781),.UNSPECIFIED.,.F.,.F.,(4,3,3,3,3,3,4),(0.,6.10233685775361E-5,0.000158969876486383,
0.00025691638439523,0.000355663250378974,0.000452123600330935,0.000514931095280881),
 .UNSPECIFIED.);
#47=B_SPLINE_CURVE_WITH_KNOTS('',3,(#1811,#1812,#1813,#1814,#1815,#1816,
#1817,#1818,#1819,#1820,#1821,#1822,#1823,#1824),.UNSPECIFIED.,.F.,.F.,
(4,2,2,2,2,2,4),(-0.0279347824201729,-0.027898183075784,-0.0275944055668114,
-0.0260619517550914,-0.0139634418406709,-0.00274174289283404,0.),
 .UNSPECIFIED.);
#48=B_SPLINE_CURVE_WITH_KNOTS('',3,(#1825,#1826,#1827,#1828,#1829,#1830,
#1831,#1832,#1833,#1834,#1835,#1836,#1837,#1838,#1839,#1840),
 .UNSPECIFIED.,.F.,.F.,(4,2,2,2,2,2,2,4),(0.,2.31007322359651E-6,1.21804628286819E-5,
0.000498731793871309,0.00347056264570484,0.00615257526145222,0.0103380338015826,
0.0113609543752111),.UNSPECIFIED.);
#49=B_SPLINE_CURVE_WITH_KNOTS('',3,(#1843,#1844,#1845,#1846,#1847,#1848,
#1849,#1850,#1851,#1852,#1853,#1854,#1855,#1856,#1857,#1858,#1859,#1860,
#1861),.UNSPECIFIED.,.F.,.F.,(4,3,3,3,3,3,4),(0.,6.10233685845168E-5,0.000158969876489787,
0.000256916384395056,0.00035566325037895,0.000452123600331033,0.000514931095280881),
 .UNSPECIFIED.);
#50=B_SPLINE_CURVE_WITH_KNOTS('',3,(#1865,#1866,#1867,#1868,#1869,#1870,
#1871,#1872,#1873,#1874,#1875,#1876,#1877,#1878,#1879,#1880,#1881,#1882,
#1883),.UNSPECIFIED.,.F.,.F.,(4,3,3,3,3,3,4),(0.,6.10233685783563E-5,0.000158969876486791,
0.000256916384395225,0.000355663250378988,0.000452123600331024,0.000514931095280882),
 .UNSPECIFIED.);
#51=B_SPLINE_CURVE_WITH_KNOTS('',3,(#1903,#1904,#1905,#1906,#1907,#1908,
#1909,#1910,#1911,#1912,#1913,#1914,#1915,#1916,#1917,#1918),
 .UNSPECIFIED.,.F.,.F.,(4,2,2,2,2,2,2,4),(-0.0113602053766314,-0.010337326381433,
-0.00615207786130712,-0.00347023837047876,-0.000498694281956809,-1.21798730380597E-5,
-2.30989297116419E-6,0.),.UNSPECIFIED.);
#52=B_SPLINE_CURVE_WITH_KNOTS('',3,(#1920,#1921,#1922,#1923,#1924,#1925,
#1926,#1927,#1928,#1929,#1930,#1931,#1932,#1933,#1934,#1935,#1936,#1937,
#1938),.UNSPECIFIED.,.F.,.F.,(4,3,3,3,3,3,4),(1.16772147661754E-18,6.10233685794688E-5,
0.000158969876487263,0.000256916384395057,0.000355663250378878,0.000452123600330896,
0.000514931095280883),.UNSPECIFIED.);
#53=B_SPLINE_CURVE_WITH_KNOTS('',3,(#1957,#1958,#1959,#1960,#1961,#1962,
#1963,#1964,#1965,#1966,#1967,#1968,#1969,#1970),.UNSPECIFIED.,.F.,.F.,
(4,2,2,2,2,2,4),(0.,0.00274181595950872,0.0139637072131012,0.0260619866148074,
0.0275944042172928,0.0278981667284801,0.0279347611133377),.UNSPECIFIED.);
#54=B_SPLINE_CURVE_WITH_KNOTS('',3,(#2100,#2101,#2102,#2103),
 .UNSPECIFIED.,.F.,.F.,(4,4),(9.50015062353228E-8,0.000366910686798565),
 .UNSPECIFIED.);
#55=B_SPLINE_CURVE_WITH_KNOTS('',3,(#2105,#2106,#2107,#2108,#2109,#2110),
 .UNSPECIFIED.,.F.,.F.,(4,2,4),(9.50021990194284E-8,0.000367520642342681,
0.000734870969474265),.UNSPECIFIED.);
#56=B_SPLINE_CURVE_WITH_KNOTS('',3,(#2112,#2113,#2114,#2115,#2116,#2117,
#2118,#2119,#2120,#2121,#2122,#2123,#2124,#2125,#2126,#2127),
 .UNSPECIFIED.,.F.,.F.,(4,3,3,3,3,4),(0.000366910686798565,0.000367326455695467,
0.000473259203450909,0.000574690374537849,0.000669890068414744,0.000734870964285093),
 .UNSPECIFIED.);
#57=B_SPLINE_CURVE_WITH_KNOTS('',3,(#2132,#2133,#2134,#2135),
 .UNSPECIFIED.,.F.,.F.,(4,4),(9.50015062350989E-8,0.000366910686798565),
 .UNSPECIFIED.);
#58=B_SPLINE_CURVE_WITH_KNOTS('',3,(#2137,#2138,#2139,#2140,#2141,#2142),
 .UNSPECIFIED.,.F.,.F.,(4,2,4),(9.50021980564123E-8,0.000367520642342507,
0.000734870969474809),.UNSPECIFIED.);
#59=B_SPLINE_CURVE_WITH_KNOTS('',3,(#2143,#2144,#2145,#2146,#2147,#2148,
#2149,#2150,#2151,#2152,#2153,#2154,#2155,#2156,#2157,#2158),
 .UNSPECIFIED.,.F.,.F.,(4,3,3,3,3,4),(0.000366910686798565,0.000367326455695596,
0.000473259203434819,0.000574690374506308,0.000669890068366605,0.000734870964285205),
 .UNSPECIFIED.);
#60=B_SPLINE_CURVE_WITH_KNOTS('',3,(#2162,#2163,#2164,#2165,#2166,#2167,
#2168,#2169,#2170,#2171,#2172,#2173,#2174,#2175,#2176,#2177,#2178,#2179,
#2180),.UNSPECIFIED.,.F.,.F.,(4,3,3,3,3,3,4),(0.,6.10233685797435E-5,0.000158969876487487,
0.00025691638439523,0.000355663250378993,0.000452123600330944,0.000514931095280881),
 .UNSPECIFIED.);
#61=B_SPLINE_CURVE_WITH_KNOTS('',3,(#2204,#2205,#2206,#2207,#2208,#2209,
#2210,#2211,#2212,#2213,#2214,#2215,#2216,#2217,#2218,#2219),
 .UNSPECIFIED.,.F.,.F.,(4,2,2,2,2,2,2,4),(-0.0304582609589012,-0.0304520677453119,
-0.030425605629047,-0.0291211811131508,-0.0211538223313584,-0.0139634545639606,
-0.00274240884552391,0.),.UNSPECIFIED.);
#62=B_SPLINE_CURVE_WITH_KNOTS('',3,(#2220,#2221,#2222,#2223,#2224,#2225,
#2226,#2227,#2228,#2229,#2230,#2231,#2232,#2233),.UNSPECIFIED.,.F.,.F.,
(4,2,2,2,2,2,4),(0.,3.99520029096271E-6,3.71556882478168E-5,0.000204439027595615,
0.00152511774865401,0.00275008339477369,0.00304937326788722),
 .UNSPECIFIED.);
#63=B_SPLINE_CURVE_WITH_KNOTS('',3,(#2243,#2244,#2245,#2246,#2247,#2248,
#2249,#2250,#2251,#2252,#2253,#2254,#2255,#2256,#2257,#2258,#2259,#2260,
#2261),.UNSPECIFIED.,.F.,.F.,(4,3,3,3,3,3,4),(0.,6.1023368578672E-5,0.000158969876486864,
0.000256916384395056,0.000355663250378944,0.000452123600331033,0.000514931095280881),
 .UNSPECIFIED.);
#64=B_SPLINE_CURVE_WITH_KNOTS('',3,(#2264,#2265,#2266,#2267,#2268,#2269,
#2270,#2271,#2272,#2273,#2274,#2275,#2276,#2277,#2278,#2279,#2280,#2281,
#2282),.UNSPECIFIED.,.F.,.F.,(4,3,3,3,3,3,4),(0.,6.10233685820277E-5,0.000158969876488626,
0.000256916384395225,0.000355663250378989,0.00045212360033103,0.000514931095280882),
 .UNSPECIFIED.);
#65=B_SPLINE_CURVE_WITH_KNOTS('',3,(#2302,#2303,#2304,#2305,#2306,#2307,
#2308,#2309,#2310,#2311,#2312,#2313,#2314,#2315,#2316,#2317),
 .UNSPECIFIED.,.F.,.F.,(4,2,2,2,2,2,2,4),(0.,0.00274248197221556,0.013963719938372,
0.0211541075506966,0.029121233799626,0.0304256471286875,0.0304521099306356,
0.0304583030769453),.UNSPECIFIED.);
#66=B_SPLINE_CURVE_WITH_KNOTS('',3,(#2319,#2320,#2321,#2322,#2323,#2324,
#2325,#2326,#2327,#2328,#2329,#2330,#2331,#2332,#2333,#2334,#2335,#2336,
#2337),.UNSPECIFIED.,.F.,.F.,(4,3,3,3,3,3,4),(1.16772147661754E-18,6.10233685857434E-5,
0.0001589698764904,0.000256916384395056,0.00035566325037885,0.000452123600330897,
0.000514931095280883),.UNSPECIFIED.);
#67=B_SPLINE_CURVE_WITH_KNOTS('',3,(#2356,#2357,#2358,#2359,#2360,#2361,
#2362,#2363,#2364,#2365,#2366,#2367,#2368,#2369),.UNSPECIFIED.,.F.,.F.,
(4,2,2,2,2,2,4),(-0.00304945941508233,-0.00275015288239817,-0.0015251307033482,
-0.000204438828808246,-3.71545887755498E-5,-3.9947760439338E-6,0.),
 .UNSPECIFIED.);
#68=(
BOUNDED_SURFACE()
B_SPLINE_SURFACE(2,2,((#1672,#1673,#1674,#1675,#1676,#1677,#1678,#1679,
#1680),(#1681,#1682,#1683,#1684,#1685,#1686,#1687,#1688,#1689),(#1690,#1691,
#1692,#1693,#1694,#1695,#1696,#1697,#1698)),.UNSPECIFIED.,.F.,.T.,.F.)
B_SPLINE_SURFACE_WITH_KNOTS((3,3),(3,2,2,2,3),(-1.00929365875014E-15,1.00871878790209),
(-3.14159265358979,-1.5707963267949,0.,1.5707963267949,3.14159265358979),
 .UNSPECIFIED.)
GEOMETRIC_REPRESENTATION_ITEM()
RATIONAL_B_SPLINE_SURFACE(((1.,0.707106781186548,1.,0.707106781186548,1.,
0.707106781186548,1.,0.707106781186548,1.),(0.875484224802461,0.619060832179668,
0.875484224802461,0.619060832179668,0.875484224802461,0.619060832179668,
0.875484224802461,0.619060832179668,0.875484224802461),(1.,0.707106781186548,
1.,0.707106781186548,1.,0.707106781186548,1.,0.707106781186548,1.)))
REPRESENTATION_ITEM('')
SURFACE()
);
#69=(
BOUNDED_SURFACE()
B_SPLINE_SURFACE(3,2,((#1793,#1794,#1795),(#1796,#1797,#1798),(#1799,#1800,
#1801),(#1802,#1803,#1804),(#1805,#1806,#1807),(#1808,#1809,#1810)),
 .UNSPECIFIED.,.F.,.F.,.F.)
B_SPLINE_SURFACE_WITH_KNOTS((4,2,4),(3,3),(0.00104029024274506,0.00153514707207884,
0.00203000390141262),(0.,1.),.UNSPECIFIED.)
GEOMETRIC_REPRESENTATION_ITEM()
RATIONAL_B_SPLINE_SURFACE(((1.,0.881218111854199,1.),(1.,0.879721282842025,
1.),(1.,0.875586404508219,1.),(1.,0.87560369559904,1.),(1.,0.879714376944352,
1.),(1.,0.881217888699382,1.)))
REPRESENTATION_ITEM('')
SURFACE()
);
#70=(
BOUNDED_SURFACE()
B_SPLINE_SURFACE(3,2,((#1885,#1886,#1887),(#1888,#1889,#1890),(#1891,#1892,
#1893),(#1894,#1895,#1896),(#1897,#1898,#1899),(#1900,#1901,#1902)),
 .UNSPECIFIED.,.F.,.F.,.F.)
B_SPLINE_SURFACE_WITH_KNOTS((4,2,4),(3,3),(0.000947212851984471,0.00153514707207901,
0.00212312211520316),(-0.000296361634124636,1.),.UNSPECIFIED.)
GEOMETRIC_REPRESENTATION_ITEM()
RATIONAL_B_SPLINE_SURFACE(((1.00007011764102,0.881702567157296,1.),(1.00007030398312,
0.881388184181647,1.),(1.00007376565162,0.875547906473225,1.),(1.00007375347105,
0.875568456638939,1.),(1.00007031386705,0.881371508734824,1.),(1.00007011326711,
0.881709946508779,1.)))
REPRESENTATION_ITEM('')
SURFACE()
);
#71=(
BOUNDED_SURFACE()
B_SPLINE_SURFACE(3,2,((#1939,#1940,#1941),(#1942,#1943,#1944),(#1945,#1946,
#1947),(#1948,#1949,#1950),(#1951,#1952,#1953),(#1954,#1955,#1956)),
 .UNSPECIFIED.,.F.,.F.,.F.)
B_SPLINE_SURFACE_WITH_KNOTS((4,2,4),(3,3),(0.000947212851984102,0.00153514707207884,
0.00212312211520319),(-0.000296361634247873,1.),.UNSPECIFIED.)
GEOMETRIC_REPRESENTATION_ITEM()
RATIONAL_B_SPLINE_SURFACE(((1.00007011764105,0.881702567157275,1.),(1.00007030398315,
0.881388184181657,1.),(1.00007376565165,0.875547906473198,1.),(1.00007375347109,
0.875568456638934,1.),(1.00007031386708,0.881371508734792,1.),(1.00007011326714,
0.881709946508773,1.)))
REPRESENTATION_ITEM('')
SURFACE()
);
#72=(
BOUNDED_SURFACE()
B_SPLINE_SURFACE(3,2,((#1971,#1972,#1973),(#1974,#1975,#1976),(#1977,#1978,
#1979),(#1980,#1981,#1982),(#1983,#1984,#1985),(#1986,#1987,#1988)),
 .UNSPECIFIED.,.F.,.F.,.F.)
B_SPLINE_SURFACE_WITH_KNOTS((4,2,4),(3,3),(0.00104029024274506,0.00153514707207901,
0.00203000390141295),(0.,1.),.UNSPECIFIED.)
GEOMETRIC_REPRESENTATION_ITEM()
RATIONAL_B_SPLINE_SURFACE(((1.,0.881218111854199,1.),(1.,0.879721282842023,
1.),(1.,0.875586404508219,1.),(1.,0.87560369559904,1.),(1.,0.879714376944359,
1.),(1.,0.881217888699386,1.)))
REPRESENTATION_ITEM('')
SURFACE()
);
#73=(
BOUNDED_SURFACE()
B_SPLINE_SURFACE(2,2,((#2071,#2072,#2073,#2074,#2075,#2076,#2077,#2078,
#2079),(#2080,#2081,#2082,#2083,#2084,#2085,#2086,#2087,#2088),(#2089,#2090,
#2091,#2092,#2093,#2094,#2095,#2096,#2097)),.UNSPECIFIED.,.F.,.T.,.F.)
B_SPLINE_SURFACE_WITH_KNOTS((3,3),(3,2,2,2,3),(-1.00929365875014E-15,1.00871878790209),
(-3.14159265358979,-1.5707963267949,0.,1.5707963267949,3.14159265358979),
 .UNSPECIFIED.)
GEOMETRIC_REPRESENTATION_ITEM()
RATIONAL_B_SPLINE_SURFACE(((1.,0.707106781186548,1.,0.707106781186548,1.,
0.707106781186548,1.,0.707106781186548,1.),(0.875484224802461,0.619060832179668,
0.875484224802461,0.619060832179668,0.875484224802461,0.619060832179668,
0.875484224802461,0.619060832179668,0.875484224802461),(1.,0.707106781186548,
1.,0.707106781186548,1.,0.707106781186548,1.,0.707106781186548,1.)))
REPRESENTATION_ITEM('')
SURFACE()
);
#74=(
BOUNDED_SURFACE()
B_SPLINE_SURFACE(3,2,((#2186,#2187,#2188),(#2189,#2190,#2191),(#2192,#2193,
#2194),(#2195,#2196,#2197),(#2198,#2199,#2200),(#2201,#2202,#2203)),
 .UNSPECIFIED.,.F.,.F.,.F.)
B_SPLINE_SURFACE_WITH_KNOTS((4,2,4),(3,3),(0.00104029024274506,0.00153514707207884,
0.00203000390141262),(0.,1.),.UNSPECIFIED.)
GEOMETRIC_REPRESENTATION_ITEM()
RATIONAL_B_SPLINE_SURFACE(((1.,0.881218111854199,1.),(1.,0.879721282842025,
1.),(1.,0.875586404508219,1.),(1.,0.87560369559904,1.),(1.,0.879714376944352,
1.),(1.,0.881217888699382,1.)))
REPRESENTATION_ITEM('')
SURFACE()
);
#75=(
BOUNDED_SURFACE()
B_SPLINE_SURFACE(3,2,((#2284,#2285,#2286),(#2287,#2288,#2289),(#2290,#2291,
#2292),(#2293,#2294,#2295),(#2296,#2297,#2298),(#2299,#2300,#2301)),
 .UNSPECIFIED.,.F.,.F.,.F.)
B_SPLINE_SURFACE_WITH_KNOTS((4,2,4),(3,3),(0.000947212851984471,0.00153514707207901,
0.00212312211520316),(0.,1.00029636163413),.UNSPECIFIED.)
GEOMETRIC_REPRESENTATION_ITEM()
RATIONAL_B_SPLINE_SURFACE(((1.,0.881702567157296,1.00007011764102),(1.,
0.881388184181647,1.00007030398312),(1.,0.875547906473225,1.00007376565162),
(1.,0.875568456638938,1.00007375347105),(1.,0.881371508734824,1.00007031386705),
(1.,0.881709946508779,1.00007011326711)))
REPRESENTATION_ITEM('')
SURFACE()
);
#76=(
BOUNDED_SURFACE()
B_SPLINE_SURFACE(3,2,((#2338,#2339,#2340),(#2341,#2342,#2343),(#2344,#2345,
#2346),(#2347,#2348,#2349),(#2350,#2351,#2352),(#2353,#2354,#2355)),
 .UNSPECIFIED.,.F.,.F.,.F.)
B_SPLINE_SURFACE_WITH_KNOTS((4,2,4),(3,3),(0.000947212851984102,0.00153514707207884,
0.00212312211520319),(0.,1.00029636163425),.UNSPECIFIED.)
GEOMETRIC_REPRESENTATION_ITEM()
RATIONAL_B_SPLINE_SURFACE(((1.,0.881702567157275,1.00007011764105),(1.,
0.881388184181657,1.00007030398315),(1.,0.875547906473198,1.00007376565165),
(1.,0.875568456638934,1.00007375347108),(1.,0.881371508734792,1.00007031386708),
(1.,0.881709946508773,1.00007011326714)))
REPRESENTATION_ITEM('')
SURFACE()
);
#77=(
BOUNDED_SURFACE()
B_SPLINE_SURFACE(3,2,((#2370,#2371,#2372),(#2373,#2374,#2375),(#2376,#2377,
#2378),(#2379,#2380,#2381),(#2382,#2383,#2384),(#2385,#2386,#2387)),
 .UNSPECIFIED.,.F.,.F.,.F.)
B_SPLINE_SURFACE_WITH_KNOTS((4,2,4),(3,3),(0.00104029024274506,0.00153514707207901,
0.00203000390141295),(0.,1.),.UNSPECIFIED.)
GEOMETRIC_REPRESENTATION_ITEM()
RATIONAL_B_SPLINE_SURFACE(((1.,0.881218111854199,1.),(1.,0.879721282842023,
1.),(1.,0.875586404508219,1.),(1.,0.87560369559904,1.),(1.,0.879714376944359,
1.),(1.,0.881217888699386,1.)))
REPRESENTATION_ITEM('')
SURFACE()
);
#78=STYLED_ITEM('',(#2582),#86);
#79=STYLED_ITEM('',(#2583),#87);
#80=STYLED_ITEM('',(#2584),#88);
#81=STYLED_ITEM('',(#2583),#89);
#82=STYLED_ITEM('',(#2584),#90);
#83=STYLED_ITEM('',(#2581),#91);
#84=STYLED_ITEM('',(#2581),#92);
#85=STYLED_ITEM('',(#2585),#12);
#86=MANIFOLD_SOLID_BREP('Solid1',#1201);
#87=MANIFOLD_SOLID_BREP('Solid2',#1202);
#88=MANIFOLD_SOLID_BREP('Solid3',#1203);
#89=MANIFOLD_SOLID_BREP('Solid4',#1204);
#90=MANIFOLD_SOLID_BREP('Solid5',#1205);
#91=MANIFOLD_SOLID_BREP('Solid1',#1206);
#92=MANIFOLD_SOLID_BREP('Solid1',#1207);
#93=PLANE('',#1287);
#94=PLANE('',#1288);
#95=PLANE('',#1289);
#96=PLANE('',#1294);
#97=PLANE('',#1295);
#98=PLANE('',#1296);
#99=PLANE('',#1297);
#100=PLANE('',#1298);
#101=PLANE('',#1299);
#102=PLANE('',#1300);
#103=PLANE('',#1301);
#104=PLANE('',#1302);
#105=PLANE('',#1303);
#106=PLANE('',#1304);
#107=PLANE('',#1305);
#108=PLANE('',#1306);
#109=PLANE('',#1307);
#110=PLANE('',#1308);
#111=PLANE('',#1309);
#112=PLANE('',#1310);
#113=PLANE('',#1311);
#114=PLANE('',#1312);
#115=PLANE('',#1317);
#116=PLANE('',#1318);
#117=PLANE('',#1319);
#118=PLANE('',#1320);
#119=PLANE('',#1321);
#120=PLANE('',#1322);
#121=PLANE('',#1323);
#122=PLANE('',#1324);
#123=PLANE('',#1325);
#124=PLANE('',#1326);
#125=PLANE('',#1327);
#126=PLANE('',#1328);
#127=PLANE('',#1329);
#128=PLANE('',#1330);
#129=PLANE('',#1331);
#130=PLANE('',#1332);
#131=PLANE('',#1333);
#132=PLANE('',#1334);
#133=PLANE('',#1335);
#134=PLANE('',#1338);
#135=PLANE('',#1339);
#136=PLANE('',#1340);
#137=PLANE('',#1341);
#138=PLANE('',#1342);
#139=PLANE('',#1343);
#140=PLANE('',#1345);
#141=PLANE('',#1346);
#142=PLANE('',#1347);
#143=PLANE('',#1348);
#144=PLANE('',#1349);
#145=PLANE('',#1350);
#146=LINE('',#1648,#266);
#147=LINE('',#1654,#267);
#148=LINE('',#1657,#268);
#149=LINE('',#1659,#269);
#150=LINE('',#1661,#270);
#151=LINE('',#1662,#271);
#152=LINE('',#1668,#272);
#153=LINE('',#1783,#273);
#154=LINE('',#1785,#274);
#155=LINE('',#1786,#275);
#156=LINE('',#1789,#276);
#157=LINE('',#1791,#277);
#158=LINE('',#1792,#278);
#159=LINE('',#1862,#279);
#160=LINE('',#1884,#280);
#161=LINE('',#1992,#281);
#162=LINE('',#1994,#282);
#163=LINE('',#1996,#283);
#164=LINE('',#1997,#284);
#165=LINE('',#2000,#285);
#166=LINE('',#2002,#286);
#167=LINE('',#2003,#287);
#168=LINE('',#2006,#288);
#169=LINE('',#2008,#289);
#170=LINE('',#2010,#290);
#171=LINE('',#2012,#291);
#172=LINE('',#2014,#292);
#173=LINE('',#2016,#293);
#174=LINE('',#2018,#294);
#175=LINE('',#2020,#295);
#176=LINE('',#2022,#296);
#177=LINE('',#2023,#297);
#178=LINE('',#2026,#298);
#179=LINE('',#2028,#299);
#180=LINE('',#2029,#300);
#181=LINE('',#2032,#301);
#182=LINE('',#2034,#302);
#183=LINE('',#2035,#303);
#184=LINE('',#2037,#304);
#185=LINE('',#2040,#305);
#186=LINE('',#2042,#306);
#187=LINE('',#2044,#307);
#188=LINE('',#2046,#308);
#189=LINE('',#2048,#309);
#190=LINE('',#2049,#310);
#191=LINE('',#2050,#311);
#192=LINE('',#2052,#312);
#193=LINE('',#2054,#313);
#194=LINE('',#2055,#314);
#195=LINE('',#2059,#315);
#196=LINE('',#2060,#316);
#197=LINE('',#2067,#317);
#198=LINE('',#2182,#318);
#199=LINE('',#2184,#319);
#200=LINE('',#2185,#320);
#201=LINE('',#2236,#321);
#202=LINE('',#2238,#322);
#203=LINE('',#2239,#323);
#204=LINE('',#2242,#324);
#205=LINE('',#2283,#325);
#206=LINE('',#2391,#326);
#207=LINE('',#2393,#327);
#208=LINE('',#2395,#328);
#209=LINE('',#2396,#329);
#210=LINE('',#2399,#330);
#211=LINE('',#2401,#331);
#212=LINE('',#2403,#332);
#213=LINE('',#2405,#333);
#214=LINE('',#2407,#334);
#215=LINE('',#2409,#335);
#216=LINE('',#2411,#336);
#217=LINE('',#2413,#337);
#218=LINE('',#2415,#338);
#219=LINE('',#2417,#339);
#220=LINE('',#2418,#340);
#221=LINE('',#2421,#341);
#222=LINE('',#2422,#342);
#223=LINE('',#2425,#343);
#224=LINE('',#2427,#344);
#225=LINE('',#2429,#345);
#226=LINE('',#2431,#346);
#227=LINE('',#2433,#347);
#228=LINE('',#2435,#348);
#229=LINE('',#2437,#349);
#230=LINE('',#2439,#350);
#231=LINE('',#2441,#351);
#232=LINE('',#2442,#352);
#233=LINE('',#2444,#353);
#234=LINE('',#2446,#354);
#235=LINE('',#2447,#355);
#236=LINE('',#2449,#356);
#237=LINE('',#2452,#357);
#238=LINE('',#2454,#358);
#239=LINE('',#2456,#359);
#240=LINE('',#2458,#360);
#241=LINE('',#2460,#361);
#242=LINE('',#2467,#362);
#243=LINE('',#2469,#363);
#244=LINE('',#2471,#364);
#245=LINE('',#2472,#365);
#246=LINE('',#2475,#366);
#247=LINE('',#2477,#367);
#248=LINE('',#2478,#368);
#249=LINE('',#2481,#369);
#250=LINE('',#2483,#370);
#251=LINE('',#2484,#371);
#252=LINE('',#2486,#372);
#253=LINE('',#2487,#373);
#254=LINE('',#2494,#374);
#255=LINE('',#2496,#375);
#256=LINE('',#2498,#376);
#257=LINE('',#2499,#377);
#258=LINE('',#2502,#378);
#259=LINE('',#2504,#379);
#260=LINE('',#2505,#380);
#261=LINE('',#2508,#381);
#262=LINE('',#2510,#382);
#263=LINE('',#2511,#383);
#264=LINE('',#2513,#384);
#265=LINE('',#2514,#385);
#266=VECTOR('',#1373,2.5);
#267=VECTOR('',#1378,1000.);
#268=VECTOR('',#1381,1000.);
#269=VECTOR('',#1384,1000.);
#270=VECTOR('',#1387,1000.);
#271=VECTOR('',#1388,1000.);
#272=VECTOR('',#1395,0.6);
#273=VECTOR('',#1402,1000.);
#274=VECTOR('',#1403,1000.);
#275=VECTOR('',#1404,1000.);
#276=VECTOR('',#1407,1000.);
#277=VECTOR('',#1408,1000.);
#278=VECTOR('',#1409,1000.);
#279=VECTOR('',#1412,1000.);
#280=VECTOR('',#1415,1000.);
#281=VECTOR('',#1420,10.);
#282=VECTOR('',#1421,10.);
#283=VECTOR('',#1422,10.);
#284=VECTOR('',#1423,10.);
#285=VECTOR('',#1426,1000.);
#286=VECTOR('',#1427,1000.);
#287=VECTOR('',#1428,1000.);
#288=VECTOR('',#1431,1000.);
#289=VECTOR('',#1432,1000.);
#290=VECTOR('',#1433,1000.);
#291=VECTOR('',#1434,1000.);
#292=VECTOR('',#1435,1000.);
#293=VECTOR('',#1436,1000.);
#294=VECTOR('',#1437,1000.);
#295=VECTOR('',#1438,1000.);
#296=VECTOR('',#1439,1000.);
#297=VECTOR('',#1440,1000.);
#298=VECTOR('',#1443,1000.);
#299=VECTOR('',#1444,1000.);
#300=VECTOR('',#1445,1000.);
#301=VECTOR('',#1448,1000.);
#302=VECTOR('',#1449,1000.);
#303=VECTOR('',#1450,1000.);
#304=VECTOR('',#1453,1000.);
#305=VECTOR('',#1456,1000.);
#306=VECTOR('',#1457,1000.);
#307=VECTOR('',#1458,1000.);
#308=VECTOR('',#1459,1000.);
#309=VECTOR('',#1460,1000.);
#310=VECTOR('',#1461,1000.);
#311=VECTOR('',#1462,1000.);
#312=VECTOR('',#1465,1000.);
#313=VECTOR('',#1468,1000.);
#314=VECTOR('',#1469,1000.);
#315=VECTOR('',#1476,1000.);
#316=VECTOR('',#1477,1000.);
#317=VECTOR('',#1486,0.6);
#318=VECTOR('',#1493,1000.);
#319=VECTOR('',#1494,1000.);
#320=VECTOR('',#1495,1000.);
#321=VECTOR('',#1498,1000.);
#322=VECTOR('',#1499,1000.);
#323=VECTOR('',#1500,1000.);
#324=VECTOR('',#1503,1000.);
#325=VECTOR('',#1506,1000.);
#326=VECTOR('',#1511,10.);
#327=VECTOR('',#1512,10.);
#328=VECTOR('',#1513,10.);
#329=VECTOR('',#1514,10.);
#330=VECTOR('',#1517,1000.);
#331=VECTOR('',#1518,1000.);
#332=VECTOR('',#1519,1000.);
#333=VECTOR('',#1520,1000.);
#334=VECTOR('',#1521,1000.);
#335=VECTOR('',#1522,1000.);
#336=VECTOR('',#1523,1000.);
#337=VECTOR('',#1524,1000.);
#338=VECTOR('',#1525,1000.);
#339=VECTOR('',#1526,1000.);
#340=VECTOR('',#1527,1000.);
#341=VECTOR('',#1530,1000.);
#342=VECTOR('',#1531,1000.);
#343=VECTOR('',#1534,1000.);
#344=VECTOR('',#1535,1000.);
#345=VECTOR('',#1536,1000.);
#346=VECTOR('',#1537,1000.);
#347=VECTOR('',#1538,1000.);
#348=VECTOR('',#1539,1000.);
#349=VECTOR('',#1540,1000.);
#350=VECTOR('',#1541,1000.);
#351=VECTOR('',#1542,1000.);
#352=VECTOR('',#1543,1000.);
#353=VECTOR('',#1546,1000.);
#354=VECTOR('',#1549,1000.);
#355=VECTOR('',#1550,1000.);
#356=VECTOR('',#1553,1000.);
#357=VECTOR('',#1558,1000.);
#358=VECTOR('',#1561,1000.);
#359=VECTOR('',#1564,1000.);
#360=VECTOR('',#1567,1000.);
#361=VECTOR('',#1570,1000.);
#362=VECTOR('',#1579,10.);
#363=VECTOR('',#1580,10.);
#364=VECTOR('',#1581,10.);
#365=VECTOR('',#1582,10.);
#366=VECTOR('',#1585,10.);
#367=VECTOR('',#1586,10.);
#368=VECTOR('',#1587,10.);
#369=VECTOR('',#1590,10.);
#370=VECTOR('',#1591,10.);
#371=VECTOR('',#1592,10.);
#372=VECTOR('',#1595,10.);
#373=VECTOR('',#1596,10.);
#374=VECTOR('',#1605,10.);
#375=VECTOR('',#1606,10.);
#376=VECTOR('',#1607,10.);
#377=VECTOR('',#1608,10.);
#378=VECTOR('',#1611,10.);
#379=VECTOR('',#1612,10.);
#380=VECTOR('',#1613,10.);
#381=VECTOR('',#1616,10.);
#382=VECTOR('',#1617,10.);
#383=VECTOR('',#1618,10.);
#384=VECTOR('',#1621,10.);
#385=VECTOR('',#1622,10.);
#386=CYLINDRICAL_SURFACE('',#1281,2.5);
#387=CYLINDRICAL_SURFACE('',#1284,2.95);
#388=CYLINDRICAL_SURFACE('',#1290,0.6);
#389=CYLINDRICAL_SURFACE('',#1313,0.6);
#390=FACE_OUTER_BOUND('',#458,.T.);
#391=FACE_OUTER_BOUND('',#459,.T.);
#392=FACE_OUTER_BOUND('',#460,.T.);
#393=FACE_OUTER_BOUND('',#461,.T.);
#394=FACE_OUTER_BOUND('',#462,.T.);
#395=FACE_OUTER_BOUND('',#463,.T.);
#396=FACE_OUTER_BOUND('',#464,.T.);
#397=FACE_OUTER_BOUND('',#465,.T.);
#398=FACE_OUTER_BOUND('',#466,.T.);
#399=FACE_OUTER_BOUND('',#467,.T.);
#400=FACE_OUTER_BOUND('',#469,.T.);
#401=FACE_OUTER_BOUND('',#470,.T.);
#402=FACE_OUTER_BOUND('',#471,.T.);
#403=FACE_OUTER_BOUND('',#472,.T.);
#404=FACE_OUTER_BOUND('',#473,.T.);
#405=FACE_OUTER_BOUND('',#474,.T.);
#406=FACE_OUTER_BOUND('',#475,.T.);
#407=FACE_OUTER_BOUND('',#476,.T.);
#408=FACE_OUTER_BOUND('',#477,.T.);
#409=FACE_OUTER_BOUND('',#478,.T.);
#410=FACE_OUTER_BOUND('',#479,.T.);
#411=FACE_OUTER_BOUND('',#480,.T.);
#412=FACE_OUTER_BOUND('',#481,.T.);
#413=FACE_OUTER_BOUND('',#482,.T.);
#414=FACE_OUTER_BOUND('',#483,.T.);
#415=FACE_OUTER_BOUND('',#484,.T.);
#416=FACE_OUTER_BOUND('',#485,.T.);
#417=FACE_OUTER_BOUND('',#486,.T.);
#418=FACE_OUTER_BOUND('',#487,.T.);
#419=FACE_OUTER_BOUND('',#488,.T.);
#420=FACE_OUTER_BOUND('',#489,.T.);
#421=FACE_OUTER_BOUND('',#490,.T.);
#422=FACE_OUTER_BOUND('',#491,.T.);
#423=FACE_OUTER_BOUND('',#492,.T.);
#424=FACE_OUTER_BOUND('',#493,.T.);
#425=FACE_OUTER_BOUND('',#494,.T.);
#426=FACE_OUTER_BOUND('',#496,.T.);
#427=FACE_OUTER_BOUND('',#497,.T.);
#428=FACE_OUTER_BOUND('',#498,.T.);
#429=FACE_OUTER_BOUND('',#499,.T.);
#430=FACE_OUTER_BOUND('',#500,.T.);
#431=FACE_OUTER_BOUND('',#501,.T.);
#432=FACE_OUTER_BOUND('',#502,.T.);
#433=FACE_OUTER_BOUND('',#503,.T.);
#434=FACE_OUTER_BOUND('',#504,.T.);
#435=FACE_OUTER_BOUND('',#505,.T.);
#436=FACE_OUTER_BOUND('',#506,.T.);
#437=FACE_OUTER_BOUND('',#507,.T.);
#438=FACE_OUTER_BOUND('',#508,.T.);
#439=FACE_OUTER_BOUND('',#509,.T.);
#440=FACE_OUTER_BOUND('',#510,.T.);
#441=FACE_OUTER_BOUND('',#511,.T.);
#442=FACE_OUTER_BOUND('',#512,.T.);
#443=FACE_OUTER_BOUND('',#513,.T.);
#444=FACE_OUTER_BOUND('',#514,.T.);
#445=FACE_OUTER_BOUND('',#515,.T.);
#446=FACE_OUTER_BOUND('',#516,.T.);
#447=FACE_OUTER_BOUND('',#517,.T.);
#448=FACE_OUTER_BOUND('',#518,.T.);
#449=FACE_OUTER_BOUND('',#519,.T.);
#450=FACE_OUTER_BOUND('',#520,.T.);
#451=FACE_OUTER_BOUND('',#521,.T.);
#452=FACE_OUTER_BOUND('',#522,.T.);
#453=FACE_OUTER_BOUND('',#523,.T.);
#454=FACE_OUTER_BOUND('',#524,.T.);
#455=FACE_OUTER_BOUND('',#525,.T.);
#456=FACE_OUTER_BOUND('',#526,.T.);
#457=FACE_OUTER_BOUND('',#527,.T.);
#458=EDGE_LOOP('',(#808,#809,#810));
#459=EDGE_LOOP('',(#811,#812,#813,#814,#815));
#460=EDGE_LOOP('',(#816,#817,#818,#819));
#461=EDGE_LOOP('',(#820,#821));
#462=EDGE_LOOP('',(#822,#823,#824,#825,#826));
#463=EDGE_LOOP('',(#827,#828,#829,#830,#831));
#464=EDGE_LOOP('',(#832,#833,#834,#835,#836));
#465=EDGE_LOOP('',(#837,#838,#839,#840,#841,#842,#843,#844,#845,#846));
#466=EDGE_LOOP('',(#847,#848,#849,#850));
#467=EDGE_LOOP('',(#851));
#468=EDGE_LOOP('',(#852,#853,#854,#855));
#469=EDGE_LOOP('',(#856,#857,#858,#859,#860));
#470=EDGE_LOOP('',(#861,#862,#863,#864));
#471=EDGE_LOOP('',(#865,#866,#867,#868));
#472=EDGE_LOOP('',(#869,#870,#871,#872));
#473=EDGE_LOOP('',(#873,#874,#875,#876));
#474=EDGE_LOOP('',(#877,#878,#879,#880));
#475=EDGE_LOOP('',(#881,#882,#883,#884,#885));
#476=EDGE_LOOP('',(#886,#887,#888,#889));
#477=EDGE_LOOP('',(#890,#891,#892,#893));
#478=EDGE_LOOP('',(#894,#895,#896,#897,#898,#899,#900,#901,#902,#903,#904,
#905));
#479=EDGE_LOOP('',(#906,#907,#908,#909));
#480=EDGE_LOOP('',(#910,#911,#912,#913));
#481=EDGE_LOOP('',(#914,#915,#916,#917));
#482=EDGE_LOOP('',(#918,#919,#920,#921,#922,#923,#924,#925,#926,#927,#928,
#929));
#483=EDGE_LOOP('',(#930,#931,#932,#933));
#484=EDGE_LOOP('',(#934,#935,#936,#937));
#485=EDGE_LOOP('',(#938,#939,#940,#941));
#486=EDGE_LOOP('',(#942,#943,#944,#945));
#487=EDGE_LOOP('',(#946,#947,#948,#949));
#488=EDGE_LOOP('',(#950,#951,#952,#953));
#489=EDGE_LOOP('',(#954,#955,#956,#957));
#490=EDGE_LOOP('',(#958,#959,#960,#961,#962));
#491=EDGE_LOOP('',(#963,#964,#965,#966,#967,#968,#969,#970,#971,#972));
#492=EDGE_LOOP('',(#973,#974,#975,#976));
#493=EDGE_LOOP('',(#977,#978,#979,#980,#981));
#494=EDGE_LOOP('',(#982));
#495=EDGE_LOOP('',(#983,#984,#985,#986));
#496=EDGE_LOOP('',(#987,#988,#989,#990));
#497=EDGE_LOOP('',(#991,#992,#993,#994));
#498=EDGE_LOOP('',(#995,#996,#997,#998));
#499=EDGE_LOOP('',(#999,#1000,#1001,#1002));
#500=EDGE_LOOP('',(#1003,#1004,#1005,#1006));
#501=EDGE_LOOP('',(#1007,#1008,#1009,#1010,#1011));
#502=EDGE_LOOP('',(#1012,#1013,#1014,#1015));
#503=EDGE_LOOP('',(#1016,#1017,#1018,#1019,#1020,#1021,#1022,#1023,#1024,
#1025,#1026,#1027));
#504=EDGE_LOOP('',(#1028,#1029,#1030,#1031));
#505=EDGE_LOOP('',(#1032,#1033,#1034,#1035,#1036,#1037,#1038,#1039,#1040,
#1041,#1042,#1043));
#506=EDGE_LOOP('',(#1044,#1045,#1046,#1047));
#507=EDGE_LOOP('',(#1048,#1049,#1050,#1051));
#508=EDGE_LOOP('',(#1052,#1053,#1054,#1055));
#509=EDGE_LOOP('',(#1056,#1057,#1058,#1059));
#510=EDGE_LOOP('',(#1060,#1061,#1062,#1063));
#511=EDGE_LOOP('',(#1064,#1065,#1066,#1067));
#512=EDGE_LOOP('',(#1068,#1069,#1070,#1071));
#513=EDGE_LOOP('',(#1072,#1073,#1074,#1075));
#514=EDGE_LOOP('',(#1076,#1077,#1078,#1079));
#515=EDGE_LOOP('',(#1080,#1081,#1082,#1083));
#516=EDGE_LOOP('',(#1084,#1085,#1086,#1087));
#517=EDGE_LOOP('',(#1088,#1089,#1090,#1091));
#518=EDGE_LOOP('',(#1092,#1093,#1094,#1095));
#519=EDGE_LOOP('',(#1096,#1097,#1098,#1099));
#520=EDGE_LOOP('',(#1100,#1101,#1102,#1103));
#521=EDGE_LOOP('',(#1104,#1105,#1106,#1107));
#522=EDGE_LOOP('',(#1108,#1109,#1110,#1111));
#523=EDGE_LOOP('',(#1112,#1113,#1114,#1115));
#524=EDGE_LOOP('',(#1116,#1117,#1118,#1119));
#525=EDGE_LOOP('',(#1120,#1121,#1122,#1123));
#526=EDGE_LOOP('',(#1124,#1125,#1126,#1127));
#527=EDGE_LOOP('',(#1128,#1129,#1130,#1131));
#528=CIRCLE('',#1279,2.5);
#529=CIRCLE('',#1280,2.5);
#530=CIRCLE('',#1282,2.5);
#531=CIRCLE('',#1283,2.5);
#532=CIRCLE('',#1285,2.95);
#533=CIRCLE('',#1286,2.95);
#534=CIRCLE('',#1291,0.6);
#535=CIRCLE('',#1292,0.6);
#536=CIRCLE('',#1293,0.6);
#537=CIRCLE('',#1314,0.6);
#538=CIRCLE('',#1315,0.6);
#539=CIRCLE('',#1316,0.6);
#540=VERTEX_POINT('',#1639);
#541=VERTEX_POINT('',#1641);
#542=VERTEX_POINT('',#1644);
#543=VERTEX_POINT('',#1645);
#544=VERTEX_POINT('',#1650);
#545=VERTEX_POINT('',#1651);
#546=VERTEX_POINT('',#1653);
#547=VERTEX_POINT('',#1655);
#548=VERTEX_POINT('',#1665);
#549=VERTEX_POINT('',#1667);
#550=VERTEX_POINT('',#1669);
#551=VERTEX_POINT('',#1699);
#552=VERTEX_POINT('',#1700);
#553=VERTEX_POINT('',#1717);
#554=VERTEX_POINT('',#1724);
#555=VERTEX_POINT('',#1732);
#556=VERTEX_POINT('',#1749);
#557=VERTEX_POINT('',#1761);
#558=VERTEX_POINT('',#1762);
#559=VERTEX_POINT('',#1782);
#560=VERTEX_POINT('',#1784);
#561=VERTEX_POINT('',#1788);
#562=VERTEX_POINT('',#1790);
#563=VERTEX_POINT('',#1842);
#564=VERTEX_POINT('',#1864);
#565=VERTEX_POINT('',#1990);
#566=VERTEX_POINT('',#1991);
#567=VERTEX_POINT('',#1993);
#568=VERTEX_POINT('',#1995);
#569=VERTEX_POINT('',#1999);
#570=VERTEX_POINT('',#2001);
#571=VERTEX_POINT('',#2005);
#572=VERTEX_POINT('',#2007);
#573=VERTEX_POINT('',#2009);
#574=VERTEX_POINT('',#2011);
#575=VERTEX_POINT('',#2013);
#576=VERTEX_POINT('',#2015);
#577=VERTEX_POINT('',#2017);
#578=VERTEX_POINT('',#2019);
#579=VERTEX_POINT('',#2021);
#580=VERTEX_POINT('',#2025);
#581=VERTEX_POINT('',#2027);
#582=VERTEX_POINT('',#2031);
#583=VERTEX_POINT('',#2033);
#584=VERTEX_POINT('',#2039);
#585=VERTEX_POINT('',#2041);
#586=VERTEX_POINT('',#2043);
#587=VERTEX_POINT('',#2045);
#588=VERTEX_POINT('',#2047);
#589=VERTEX_POINT('',#2064);
#590=VERTEX_POINT('',#2066);
#591=VERTEX_POINT('',#2068);
#592=VERTEX_POINT('',#2098);
#593=VERTEX_POINT('',#2099);
#594=VERTEX_POINT('',#2104);
#595=VERTEX_POINT('',#2111);
#596=VERTEX_POINT('',#2131);
#597=VERTEX_POINT('',#2136);
#598=VERTEX_POINT('',#2160);
#599=VERTEX_POINT('',#2161);
#600=VERTEX_POINT('',#2181);
#601=VERTEX_POINT('',#2183);
#602=VERTEX_POINT('',#2235);
#603=VERTEX_POINT('',#2237);
#604=VERTEX_POINT('',#2241);
#605=VERTEX_POINT('',#2263);
#606=VERTEX_POINT('',#2389);
#607=VERTEX_POINT('',#2390);
#608=VERTEX_POINT('',#2392);
#609=VERTEX_POINT('',#2394);
#610=VERTEX_POINT('',#2398);
#611=VERTEX_POINT('',#2400);
#612=VERTEX_POINT('',#2402);
#613=VERTEX_POINT('',#2404);
#614=VERTEX_POINT('',#2406);
#615=VERTEX_POINT('',#2408);
#616=VERTEX_POINT('',#2410);
#617=VERTEX_POINT('',#2412);
#618=VERTEX_POINT('',#2414);
#619=VERTEX_POINT('',#2416);
#620=VERTEX_POINT('',#2420);
#621=VERTEX_POINT('',#2424);
#622=VERTEX_POINT('',#2426);
#623=VERTEX_POINT('',#2428);
#624=VERTEX_POINT('',#2430);
#625=VERTEX_POINT('',#2432);
#626=VERTEX_POINT('',#2434);
#627=VERTEX_POINT('',#2436);
#628=VERTEX_POINT('',#2438);
#629=VERTEX_POINT('',#2440);
#630=VERTEX_POINT('',#2465);
#631=VERTEX_POINT('',#2466);
#632=VERTEX_POINT('',#2468);
#633=VERTEX_POINT('',#2470);
#634=VERTEX_POINT('',#2474);
#635=VERTEX_POINT('',#2476);
#636=VERTEX_POINT('',#2480);
#637=VERTEX_POINT('',#2482);
#638=VERTEX_POINT('',#2492);
#639=VERTEX_POINT('',#2493);
#640=VERTEX_POINT('',#2495);
#641=VERTEX_POINT('',#2497);
#642=VERTEX_POINT('',#2501);
#643=VERTEX_POINT('',#2503);
#644=VERTEX_POINT('',#2507);
#645=VERTEX_POINT('',#2509);
#646=EDGE_CURVE('',#540,#540,#528,.T.);
#647=EDGE_CURVE('',#541,#540,#529,.T.);
#648=EDGE_CURVE('',#542,#543,#530,.T.);
#649=EDGE_CURVE('',#543,#542,#531,.T.);
#650=EDGE_CURVE('',#543,#540,#146,.T.);
#651=EDGE_CURVE('',#544,#545,#532,.T.);
#652=EDGE_CURVE('',#546,#545,#147,.T.);
#653=EDGE_CURVE('',#547,#546,#533,.T.);
#654=EDGE_CURVE('',#544,#547,#148,.T.);
#655=EDGE_CURVE('',#547,#546,#149,.T.);
#656=EDGE_CURVE('',#545,#542,#150,.T.);
#657=EDGE_CURVE('',#542,#544,#151,.T.);
#658=EDGE_CURVE('',#548,#548,#534,.T.);
#659=EDGE_CURVE('',#548,#549,#152,.T.);
#660=EDGE_CURVE('',#549,#550,#535,.T.);
#661=EDGE_CURVE('',#550,#549,#536,.T.);
#662=EDGE_CURVE('',#551,#552,#40,.T.);
#663=EDGE_CURVE('',#552,#553,#41,.T.);
#664=EDGE_CURVE('',#553,#554,#42,.T.);
#665=EDGE_CURVE('',#554,#550,#38,.T.);
#666=EDGE_CURVE('',#554,#555,#43,.T.);
#667=EDGE_CURVE('',#555,#556,#44,.T.);
#668=EDGE_CURVE('',#556,#551,#45,.T.);
#669=EDGE_CURVE('',#557,#558,#46,.T.);
#670=EDGE_CURVE('',#559,#558,#153,.T.);
#671=EDGE_CURVE('',#560,#559,#154,.T.);
#672=EDGE_CURVE('',#557,#560,#155,.T.);
#673=EDGE_CURVE('',#561,#559,#156,.T.);
#674=EDGE_CURVE('',#561,#562,#157,.T.);
#675=EDGE_CURVE('',#560,#562,#158,.T.);
#676=EDGE_CURVE('',#555,#557,#47,.T.);
#677=EDGE_CURVE('',#553,#558,#48,.T.);
#678=EDGE_CURVE('',#558,#563,#49,.T.);
#679=EDGE_CURVE('',#563,#561,#159,.T.);
#680=EDGE_CURVE('',#564,#557,#50,.T.);
#681=EDGE_CURVE('',#564,#562,#160,.T.);
#682=EDGE_CURVE('',#563,#552,#51,.T.);
#683=EDGE_CURVE('',#563,#564,#52,.T.);
#684=EDGE_CURVE('',#564,#556,#53,.T.);
#685=EDGE_CURVE('',#565,#566,#161,.T.);
#686=EDGE_CURVE('',#567,#565,#162,.T.);
#687=EDGE_CURVE('',#568,#567,#163,.T.);
#688=EDGE_CURVE('',#566,#568,#164,.T.);
#689=EDGE_CURVE('',#565,#569,#165,.T.);
#690=EDGE_CURVE('',#570,#569,#166,.T.);
#691=EDGE_CURVE('',#567,#570,#167,.T.);
#692=EDGE_CURVE('',#566,#571,#168,.T.);
#693=EDGE_CURVE('',#571,#572,#169,.T.);
#694=EDGE_CURVE('',#572,#573,#170,.T.);
#695=EDGE_CURVE('',#574,#573,#171,.T.);
#696=EDGE_CURVE('',#574,#575,#172,.T.);
#697=EDGE_CURVE('',#575,#576,#173,.T.);
#698=EDGE_CURVE('',#577,#576,#174,.T.);
#699=EDGE_CURVE('',#578,#577,#175,.T.);
#700=EDGE_CURVE('',#579,#578,#176,.T.);
#701=EDGE_CURVE('',#579,#569,#177,.T.);
#702=EDGE_CURVE('',#571,#580,#178,.T.);
#703=EDGE_CURVE('',#581,#580,#179,.T.);
#704=EDGE_CURVE('',#572,#581,#180,.T.);
#705=EDGE_CURVE('',#573,#582,#181,.T.);
#706=EDGE_CURVE('',#582,#583,#182,.T.);
#707=EDGE_CURVE('',#574,#583,#183,.T.);
#708=EDGE_CURVE('',#581,#582,#184,.T.);
#709=EDGE_CURVE('',#570,#584,#185,.T.);
#710=EDGE_CURVE('',#584,#585,#186,.T.);
#711=EDGE_CURVE('',#586,#585,#187,.T.);
#712=EDGE_CURVE('',#586,#587,#188,.T.);
#713=EDGE_CURVE('',#588,#587,#189,.T.);
#714=EDGE_CURVE('',#583,#588,#190,.T.);
#715=EDGE_CURVE('',#568,#580,#191,.T.);
#716=EDGE_CURVE('',#588,#575,#192,.T.);
#717=EDGE_CURVE('',#586,#577,#193,.T.);
#718=EDGE_CURVE('',#576,#587,#194,.T.);
#719=EDGE_CURVE('',#585,#578,#195,.T.);
#720=EDGE_CURVE('',#584,#579,#196,.T.);
#721=EDGE_CURVE('',#589,#589,#537,.T.);
#722=EDGE_CURVE('',#589,#590,#197,.T.);
#723=EDGE_CURVE('',#591,#590,#538,.T.);
#724=EDGE_CURVE('',#590,#591,#539,.T.);
#725=EDGE_CURVE('',#592,#593,#54,.T.);
#726=EDGE_CURVE('',#594,#592,#55,.T.);
#727=EDGE_CURVE('',#595,#594,#56,.T.);
#728=EDGE_CURVE('',#595,#591,#39,.T.);
#729=EDGE_CURVE('',#596,#595,#57,.T.);
#730=EDGE_CURVE('',#597,#596,#58,.T.);
#731=EDGE_CURVE('',#593,#597,#59,.T.);
#732=EDGE_CURVE('',#598,#599,#60,.T.);
#733=EDGE_CURVE('',#598,#600,#198,.T.);
#734=EDGE_CURVE('',#600,#601,#199,.T.);
#735=EDGE_CURVE('',#601,#599,#200,.T.);
#736=EDGE_CURVE('',#596,#599,#61,.T.);
#737=EDGE_CURVE('',#594,#598,#62,.T.);
#738=EDGE_CURVE('',#600,#602,#201,.T.);
#739=EDGE_CURVE('',#603,#602,#202,.T.);
#740=EDGE_CURVE('',#603,#601,#203,.T.);
#741=EDGE_CURVE('',#604,#603,#204,.T.);
#742=EDGE_CURVE('',#599,#604,#63,.T.);
#743=EDGE_CURVE('',#605,#598,#64,.T.);
#744=EDGE_CURVE('',#605,#602,#205,.T.);
#745=EDGE_CURVE('',#604,#597,#65,.T.);
#746=EDGE_CURVE('',#604,#605,#66,.T.);
#747=EDGE_CURVE('',#605,#592,#67,.T.);
#748=EDGE_CURVE('',#606,#607,#206,.T.);
#749=EDGE_CURVE('',#608,#606,#207,.T.);
#750=EDGE_CURVE('',#609,#608,#208,.T.);
#751=EDGE_CURVE('',#607,#609,#209,.T.);
#752=EDGE_CURVE('',#606,#610,#210,.T.);
#753=EDGE_CURVE('',#611,#610,#211,.T.);
#754=EDGE_CURVE('',#611,#612,#212,.T.);
#755=EDGE_CURVE('',#612,#613,#213,.T.);
#756=EDGE_CURVE('',#613,#614,#214,.T.);
#757=EDGE_CURVE('',#615,#614,#215,.T.);
#758=EDGE_CURVE('',#616,#615,#216,.T.);
#759=EDGE_CURVE('',#616,#617,#217,.T.);
#760=EDGE_CURVE('',#618,#617,#218,.T.);
#761=EDGE_CURVE('',#619,#618,#219,.T.);
#762=EDGE_CURVE('',#608,#619,#220,.T.);
#763=EDGE_CURVE('',#607,#620,#221,.T.);
#764=EDGE_CURVE('',#620,#610,#222,.T.);
#765=EDGE_CURVE('',#609,#621,#223,.T.);
#766=EDGE_CURVE('',#622,#621,#224,.T.);
#767=EDGE_CURVE('',#622,#623,#225,.T.);
#768=EDGE_CURVE('',#623,#624,#226,.T.);
#769=EDGE_CURVE('',#624,#625,#227,.T.);
#770=EDGE_CURVE('',#625,#626,#228,.T.);
#771=EDGE_CURVE('',#627,#626,#229,.T.);
#772=EDGE_CURVE('',#627,#628,#230,.T.);
#773=EDGE_CURVE('',#629,#628,#231,.T.);
#774=EDGE_CURVE('',#620,#629,#232,.T.);
#775=EDGE_CURVE('',#619,#621,#233,.T.);
#776=EDGE_CURVE('',#617,#623,#234,.T.);
#777=EDGE_CURVE('',#618,#622,#235,.T.);
#778=EDGE_CURVE('',#616,#624,#236,.T.);
#779=EDGE_CURVE('',#625,#615,#237,.T.);
#780=EDGE_CURVE('',#614,#626,#238,.T.);
#781=EDGE_CURVE('',#627,#613,#239,.T.);
#782=EDGE_CURVE('',#628,#612,#240,.T.);
#783=EDGE_CURVE('',#629,#611,#241,.T.);
#784=EDGE_CURVE('',#630,#631,#242,.T.);
#785=EDGE_CURVE('',#631,#632,#243,.T.);
#786=EDGE_CURVE('',#633,#632,#244,.T.);
#787=EDGE_CURVE('',#630,#633,#245,.T.);
#788=EDGE_CURVE('',#634,#630,#246,.T.);
#789=EDGE_CURVE('',#635,#633,#247,.T.);
#790=EDGE_CURVE('',#634,#635,#248,.T.);
#791=EDGE_CURVE('',#636,#634,#249,.T.);
#792=EDGE_CURVE('',#637,#635,#250,.T.);
#793=EDGE_CURVE('',#636,#637,#251,.T.);
#794=EDGE_CURVE('',#631,#636,#252,.T.);
#795=EDGE_CURVE('',#632,#637,#253,.T.);
#796=EDGE_CURVE('',#638,#639,#254,.T.);
#797=EDGE_CURVE('',#639,#640,#255,.T.);
#798=EDGE_CURVE('',#641,#640,#256,.T.);
#799=EDGE_CURVE('',#638,#641,#257,.T.);
#800=EDGE_CURVE('',#642,#638,#258,.T.);
#801=EDGE_CURVE('',#643,#641,#259,.T.);
#802=EDGE_CURVE('',#642,#643,#260,.T.);
#803=EDGE_CURVE('',#644,#642,#261,.T.);
#804=EDGE_CURVE('',#645,#643,#262,.T.);
#805=EDGE_CURVE('',#644,#645,#263,.T.);
#806=EDGE_CURVE('',#639,#644,#264,.T.);
#807=EDGE_CURVE('',#640,#645,#265,.T.);
#808=ORIENTED_EDGE('',*,*,#646,.F.);
#809=ORIENTED_EDGE('',*,*,#647,.F.);
#810=ORIENTED_EDGE('',*,*,#647,.T.);
#811=ORIENTED_EDGE('',*,*,#648,.F.);
#812=ORIENTED_EDGE('',*,*,#649,.F.);
#813=ORIENTED_EDGE('',*,*,#650,.T.);
#814=ORIENTED_EDGE('',*,*,#646,.T.);
#815=ORIENTED_EDGE('',*,*,#650,.F.);
#816=ORIENTED_EDGE('',*,*,#651,.T.);
#817=ORIENTED_EDGE('',*,*,#652,.F.);
#818=ORIENTED_EDGE('',*,*,#653,.F.);
#819=ORIENTED_EDGE('',*,*,#654,.F.);
#820=ORIENTED_EDGE('',*,*,#655,.F.);
#821=ORIENTED_EDGE('',*,*,#653,.T.);
#822=ORIENTED_EDGE('',*,*,#656,.F.);
#823=ORIENTED_EDGE('',*,*,#651,.F.);
#824=ORIENTED_EDGE('',*,*,#657,.F.);
#825=ORIENTED_EDGE('',*,*,#648,.T.);
#826=ORIENTED_EDGE('',*,*,#649,.T.);
#827=ORIENTED_EDGE('',*,*,#656,.T.);
#828=ORIENTED_EDGE('',*,*,#657,.T.);
#829=ORIENTED_EDGE('',*,*,#654,.T.);
#830=ORIENTED_EDGE('',*,*,#655,.T.);
#831=ORIENTED_EDGE('',*,*,#652,.T.);
#832=ORIENTED_EDGE('',*,*,#658,.T.);
#833=ORIENTED_EDGE('',*,*,#659,.T.);
#834=ORIENTED_EDGE('',*,*,#660,.T.);
#835=ORIENTED_EDGE('',*,*,#661,.T.);
#836=ORIENTED_EDGE('',*,*,#659,.F.);
#837=ORIENTED_EDGE('',*,*,#662,.T.);
#838=ORIENTED_EDGE('',*,*,#663,.T.);
#839=ORIENTED_EDGE('',*,*,#664,.T.);
#840=ORIENTED_EDGE('',*,*,#665,.T.);
#841=ORIENTED_EDGE('',*,*,#660,.F.);
#842=ORIENTED_EDGE('',*,*,#661,.F.);
#843=ORIENTED_EDGE('',*,*,#665,.F.);
#844=ORIENTED_EDGE('',*,*,#666,.T.);
#845=ORIENTED_EDGE('',*,*,#667,.T.);
#846=ORIENTED_EDGE('',*,*,#668,.T.);
#847=ORIENTED_EDGE('',*,*,#669,.T.);
#848=ORIENTED_EDGE('',*,*,#670,.F.);
#849=ORIENTED_EDGE('',*,*,#671,.F.);
#850=ORIENTED_EDGE('',*,*,#672,.F.);
#851=ORIENTED_EDGE('',*,*,#658,.F.);
#852=ORIENTED_EDGE('',*,*,#671,.T.);
#853=ORIENTED_EDGE('',*,*,#673,.F.);
#854=ORIENTED_EDGE('',*,*,#674,.T.);
#855=ORIENTED_EDGE('',*,*,#675,.F.);
#856=ORIENTED_EDGE('',*,*,#669,.F.);
#857=ORIENTED_EDGE('',*,*,#676,.F.);
#858=ORIENTED_EDGE('',*,*,#666,.F.);
#859=ORIENTED_EDGE('',*,*,#664,.F.);
#860=ORIENTED_EDGE('',*,*,#677,.T.);
#861=ORIENTED_EDGE('',*,*,#673,.T.);
#862=ORIENTED_EDGE('',*,*,#670,.T.);
#863=ORIENTED_EDGE('',*,*,#678,.T.);
#864=ORIENTED_EDGE('',*,*,#679,.T.);
#865=ORIENTED_EDGE('',*,*,#680,.T.);
#866=ORIENTED_EDGE('',*,*,#672,.T.);
#867=ORIENTED_EDGE('',*,*,#675,.T.);
#868=ORIENTED_EDGE('',*,*,#681,.F.);
#869=ORIENTED_EDGE('',*,*,#663,.F.);
#870=ORIENTED_EDGE('',*,*,#682,.F.);
#871=ORIENTED_EDGE('',*,*,#678,.F.);
#872=ORIENTED_EDGE('',*,*,#677,.F.);
#873=ORIENTED_EDGE('',*,*,#674,.F.);
#874=ORIENTED_EDGE('',*,*,#679,.F.);
#875=ORIENTED_EDGE('',*,*,#683,.T.);
#876=ORIENTED_EDGE('',*,*,#681,.T.);
#877=ORIENTED_EDGE('',*,*,#676,.T.);
#878=ORIENTED_EDGE('',*,*,#680,.F.);
#879=ORIENTED_EDGE('',*,*,#684,.T.);
#880=ORIENTED_EDGE('',*,*,#667,.F.);
#881=ORIENTED_EDGE('',*,*,#668,.F.);
#882=ORIENTED_EDGE('',*,*,#684,.F.);
#883=ORIENTED_EDGE('',*,*,#683,.F.);
#884=ORIENTED_EDGE('',*,*,#682,.T.);
#885=ORIENTED_EDGE('',*,*,#662,.F.);
#886=ORIENTED_EDGE('',*,*,#685,.F.);
#887=ORIENTED_EDGE('',*,*,#686,.F.);
#888=ORIENTED_EDGE('',*,*,#687,.F.);
#889=ORIENTED_EDGE('',*,*,#688,.F.);
#890=ORIENTED_EDGE('',*,*,#686,.T.);
#891=ORIENTED_EDGE('',*,*,#689,.T.);
#892=ORIENTED_EDGE('',*,*,#690,.F.);
#893=ORIENTED_EDGE('',*,*,#691,.F.);
#894=ORIENTED_EDGE('',*,*,#685,.T.);
#895=ORIENTED_EDGE('',*,*,#692,.T.);
#896=ORIENTED_EDGE('',*,*,#693,.T.);
#897=ORIENTED_EDGE('',*,*,#694,.T.);
#898=ORIENTED_EDGE('',*,*,#695,.F.);
#899=ORIENTED_EDGE('',*,*,#696,.T.);
#900=ORIENTED_EDGE('',*,*,#697,.T.);
#901=ORIENTED_EDGE('',*,*,#698,.F.);
#902=ORIENTED_EDGE('',*,*,#699,.F.);
#903=ORIENTED_EDGE('',*,*,#700,.F.);
#904=ORIENTED_EDGE('',*,*,#701,.T.);
#905=ORIENTED_EDGE('',*,*,#689,.F.);
#906=ORIENTED_EDGE('',*,*,#702,.T.);
#907=ORIENTED_EDGE('',*,*,#703,.F.);
#908=ORIENTED_EDGE('',*,*,#704,.F.);
#909=ORIENTED_EDGE('',*,*,#693,.F.);
#910=ORIENTED_EDGE('',*,*,#695,.T.);
#911=ORIENTED_EDGE('',*,*,#705,.T.);
#912=ORIENTED_EDGE('',*,*,#706,.T.);
#913=ORIENTED_EDGE('',*,*,#707,.F.);
#914=ORIENTED_EDGE('',*,*,#705,.F.);
#915=ORIENTED_EDGE('',*,*,#694,.F.);
#916=ORIENTED_EDGE('',*,*,#704,.T.);
#917=ORIENTED_EDGE('',*,*,#708,.T.);
#918=ORIENTED_EDGE('',*,*,#687,.T.);
#919=ORIENTED_EDGE('',*,*,#691,.T.);
#920=ORIENTED_EDGE('',*,*,#709,.T.);
#921=ORIENTED_EDGE('',*,*,#710,.T.);
#922=ORIENTED_EDGE('',*,*,#711,.F.);
#923=ORIENTED_EDGE('',*,*,#712,.T.);
#924=ORIENTED_EDGE('',*,*,#713,.F.);
#925=ORIENTED_EDGE('',*,*,#714,.F.);
#926=ORIENTED_EDGE('',*,*,#706,.F.);
#927=ORIENTED_EDGE('',*,*,#708,.F.);
#928=ORIENTED_EDGE('',*,*,#703,.T.);
#929=ORIENTED_EDGE('',*,*,#715,.F.);
#930=ORIENTED_EDGE('',*,*,#707,.T.);
#931=ORIENTED_EDGE('',*,*,#714,.T.);
#932=ORIENTED_EDGE('',*,*,#716,.T.);
#933=ORIENTED_EDGE('',*,*,#696,.F.);
#934=ORIENTED_EDGE('',*,*,#717,.T.);
#935=ORIENTED_EDGE('',*,*,#698,.T.);
#936=ORIENTED_EDGE('',*,*,#718,.T.);
#937=ORIENTED_EDGE('',*,*,#712,.F.);
#938=ORIENTED_EDGE('',*,*,#688,.T.);
#939=ORIENTED_EDGE('',*,*,#715,.T.);
#940=ORIENTED_EDGE('',*,*,#702,.F.);
#941=ORIENTED_EDGE('',*,*,#692,.F.);
#942=ORIENTED_EDGE('',*,*,#713,.T.);
#943=ORIENTED_EDGE('',*,*,#718,.F.);
#944=ORIENTED_EDGE('',*,*,#697,.F.);
#945=ORIENTED_EDGE('',*,*,#716,.F.);
#946=ORIENTED_EDGE('',*,*,#719,.F.);
#947=ORIENTED_EDGE('',*,*,#710,.F.);
#948=ORIENTED_EDGE('',*,*,#720,.T.);
#949=ORIENTED_EDGE('',*,*,#700,.T.);
#950=ORIENTED_EDGE('',*,*,#690,.T.);
#951=ORIENTED_EDGE('',*,*,#701,.F.);
#952=ORIENTED_EDGE('',*,*,#720,.F.);
#953=ORIENTED_EDGE('',*,*,#709,.F.);
#954=ORIENTED_EDGE('',*,*,#711,.T.);
#955=ORIENTED_EDGE('',*,*,#719,.T.);
#956=ORIENTED_EDGE('',*,*,#699,.T.);
#957=ORIENTED_EDGE('',*,*,#717,.F.);
#958=ORIENTED_EDGE('',*,*,#721,.F.);
#959=ORIENTED_EDGE('',*,*,#722,.T.);
#960=ORIENTED_EDGE('',*,*,#723,.F.);
#961=ORIENTED_EDGE('',*,*,#724,.F.);
#962=ORIENTED_EDGE('',*,*,#722,.F.);
#963=ORIENTED_EDGE('',*,*,#725,.F.);
#964=ORIENTED_EDGE('',*,*,#726,.F.);
#965=ORIENTED_EDGE('',*,*,#727,.F.);
#966=ORIENTED_EDGE('',*,*,#728,.T.);
#967=ORIENTED_EDGE('',*,*,#723,.T.);
#968=ORIENTED_EDGE('',*,*,#724,.T.);
#969=ORIENTED_EDGE('',*,*,#728,.F.);
#970=ORIENTED_EDGE('',*,*,#729,.F.);
#971=ORIENTED_EDGE('',*,*,#730,.F.);
#972=ORIENTED_EDGE('',*,*,#731,.F.);
#973=ORIENTED_EDGE('',*,*,#732,.F.);
#974=ORIENTED_EDGE('',*,*,#733,.T.);
#975=ORIENTED_EDGE('',*,*,#734,.T.);
#976=ORIENTED_EDGE('',*,*,#735,.T.);
#977=ORIENTED_EDGE('',*,*,#732,.T.);
#978=ORIENTED_EDGE('',*,*,#736,.F.);
#979=ORIENTED_EDGE('',*,*,#729,.T.);
#980=ORIENTED_EDGE('',*,*,#727,.T.);
#981=ORIENTED_EDGE('',*,*,#737,.T.);
#982=ORIENTED_EDGE('',*,*,#721,.T.);
#983=ORIENTED_EDGE('',*,*,#734,.F.);
#984=ORIENTED_EDGE('',*,*,#738,.T.);
#985=ORIENTED_EDGE('',*,*,#739,.F.);
#986=ORIENTED_EDGE('',*,*,#740,.T.);
#987=ORIENTED_EDGE('',*,*,#740,.F.);
#988=ORIENTED_EDGE('',*,*,#741,.F.);
#989=ORIENTED_EDGE('',*,*,#742,.F.);
#990=ORIENTED_EDGE('',*,*,#735,.F.);
#991=ORIENTED_EDGE('',*,*,#743,.F.);
#992=ORIENTED_EDGE('',*,*,#744,.T.);
#993=ORIENTED_EDGE('',*,*,#738,.F.);
#994=ORIENTED_EDGE('',*,*,#733,.F.);
#995=ORIENTED_EDGE('',*,*,#730,.T.);
#996=ORIENTED_EDGE('',*,*,#736,.T.);
#997=ORIENTED_EDGE('',*,*,#742,.T.);
#998=ORIENTED_EDGE('',*,*,#745,.T.);
#999=ORIENTED_EDGE('',*,*,#739,.T.);
#1000=ORIENTED_EDGE('',*,*,#744,.F.);
#1001=ORIENTED_EDGE('',*,*,#746,.F.);
#1002=ORIENTED_EDGE('',*,*,#741,.T.);
#1003=ORIENTED_EDGE('',*,*,#737,.F.);
#1004=ORIENTED_EDGE('',*,*,#726,.T.);
#1005=ORIENTED_EDGE('',*,*,#747,.F.);
#1006=ORIENTED_EDGE('',*,*,#743,.T.);
#1007=ORIENTED_EDGE('',*,*,#725,.T.);
#1008=ORIENTED_EDGE('',*,*,#731,.T.);
#1009=ORIENTED_EDGE('',*,*,#745,.F.);
#1010=ORIENTED_EDGE('',*,*,#746,.T.);
#1011=ORIENTED_EDGE('',*,*,#747,.T.);
#1012=ORIENTED_EDGE('',*,*,#748,.F.);
#1013=ORIENTED_EDGE('',*,*,#749,.F.);
#1014=ORIENTED_EDGE('',*,*,#750,.F.);
#1015=ORIENTED_EDGE('',*,*,#751,.F.);
#1016=ORIENTED_EDGE('',*,*,#749,.T.);
#1017=ORIENTED_EDGE('',*,*,#752,.T.);
#1018=ORIENTED_EDGE('',*,*,#753,.F.);
#1019=ORIENTED_EDGE('',*,*,#754,.T.);
#1020=ORIENTED_EDGE('',*,*,#755,.T.);
#1021=ORIENTED_EDGE('',*,*,#756,.T.);
#1022=ORIENTED_EDGE('',*,*,#757,.F.);
#1023=ORIENTED_EDGE('',*,*,#758,.F.);
#1024=ORIENTED_EDGE('',*,*,#759,.T.);
#1025=ORIENTED_EDGE('',*,*,#760,.F.);
#1026=ORIENTED_EDGE('',*,*,#761,.F.);
#1027=ORIENTED_EDGE('',*,*,#762,.F.);
#1028=ORIENTED_EDGE('',*,*,#748,.T.);
#1029=ORIENTED_EDGE('',*,*,#763,.T.);
#1030=ORIENTED_EDGE('',*,*,#764,.T.);
#1031=ORIENTED_EDGE('',*,*,#752,.F.);
#1032=ORIENTED_EDGE('',*,*,#751,.T.);
#1033=ORIENTED_EDGE('',*,*,#765,.T.);
#1034=ORIENTED_EDGE('',*,*,#766,.F.);
#1035=ORIENTED_EDGE('',*,*,#767,.T.);
#1036=ORIENTED_EDGE('',*,*,#768,.T.);
#1037=ORIENTED_EDGE('',*,*,#769,.T.);
#1038=ORIENTED_EDGE('',*,*,#770,.T.);
#1039=ORIENTED_EDGE('',*,*,#771,.F.);
#1040=ORIENTED_EDGE('',*,*,#772,.T.);
#1041=ORIENTED_EDGE('',*,*,#773,.F.);
#1042=ORIENTED_EDGE('',*,*,#774,.F.);
#1043=ORIENTED_EDGE('',*,*,#763,.F.);
#1044=ORIENTED_EDGE('',*,*,#750,.T.);
#1045=ORIENTED_EDGE('',*,*,#762,.T.);
#1046=ORIENTED_EDGE('',*,*,#775,.T.);
#1047=ORIENTED_EDGE('',*,*,#765,.F.);
#1048=ORIENTED_EDGE('',*,*,#776,.T.);
#1049=ORIENTED_EDGE('',*,*,#767,.F.);
#1050=ORIENTED_EDGE('',*,*,#777,.F.);
#1051=ORIENTED_EDGE('',*,*,#760,.T.);
#1052=ORIENTED_EDGE('',*,*,#759,.F.);
#1053=ORIENTED_EDGE('',*,*,#778,.T.);
#1054=ORIENTED_EDGE('',*,*,#768,.F.);
#1055=ORIENTED_EDGE('',*,*,#776,.F.);
#1056=ORIENTED_EDGE('',*,*,#775,.F.);
#1057=ORIENTED_EDGE('',*,*,#761,.T.);
#1058=ORIENTED_EDGE('',*,*,#777,.T.);
#1059=ORIENTED_EDGE('',*,*,#766,.T.);
#1060=ORIENTED_EDGE('',*,*,#778,.F.);
#1061=ORIENTED_EDGE('',*,*,#758,.T.);
#1062=ORIENTED_EDGE('',*,*,#779,.F.);
#1063=ORIENTED_EDGE('',*,*,#769,.F.);
#1064=ORIENTED_EDGE('',*,*,#770,.F.);
#1065=ORIENTED_EDGE('',*,*,#779,.T.);
#1066=ORIENTED_EDGE('',*,*,#757,.T.);
#1067=ORIENTED_EDGE('',*,*,#780,.T.);
#1068=ORIENTED_EDGE('',*,*,#781,.F.);
#1069=ORIENTED_EDGE('',*,*,#771,.T.);
#1070=ORIENTED_EDGE('',*,*,#780,.F.);
#1071=ORIENTED_EDGE('',*,*,#756,.F.);
#1072=ORIENTED_EDGE('',*,*,#772,.F.);
#1073=ORIENTED_EDGE('',*,*,#781,.T.);
#1074=ORIENTED_EDGE('',*,*,#755,.F.);
#1075=ORIENTED_EDGE('',*,*,#782,.F.);
#1076=ORIENTED_EDGE('',*,*,#764,.F.);
#1077=ORIENTED_EDGE('',*,*,#774,.T.);
#1078=ORIENTED_EDGE('',*,*,#783,.T.);
#1079=ORIENTED_EDGE('',*,*,#753,.T.);
#1080=ORIENTED_EDGE('',*,*,#782,.T.);
#1081=ORIENTED_EDGE('',*,*,#754,.F.);
#1082=ORIENTED_EDGE('',*,*,#783,.F.);
#1083=ORIENTED_EDGE('',*,*,#773,.T.);
#1084=ORIENTED_EDGE('',*,*,#784,.T.);
#1085=ORIENTED_EDGE('',*,*,#785,.T.);
#1086=ORIENTED_EDGE('',*,*,#786,.F.);
#1087=ORIENTED_EDGE('',*,*,#787,.F.);
#1088=ORIENTED_EDGE('',*,*,#788,.T.);
#1089=ORIENTED_EDGE('',*,*,#787,.T.);
#1090=ORIENTED_EDGE('',*,*,#789,.F.);
#1091=ORIENTED_EDGE('',*,*,#790,.F.);
#1092=ORIENTED_EDGE('',*,*,#791,.T.);
#1093=ORIENTED_EDGE('',*,*,#790,.T.);
#1094=ORIENTED_EDGE('',*,*,#792,.F.);
#1095=ORIENTED_EDGE('',*,*,#793,.F.);
#1096=ORIENTED_EDGE('',*,*,#794,.T.);
#1097=ORIENTED_EDGE('',*,*,#793,.T.);
#1098=ORIENTED_EDGE('',*,*,#795,.F.);
#1099=ORIENTED_EDGE('',*,*,#785,.F.);
#1100=ORIENTED_EDGE('',*,*,#795,.T.);
#1101=ORIENTED_EDGE('',*,*,#792,.T.);
#1102=ORIENTED_EDGE('',*,*,#789,.T.);
#1103=ORIENTED_EDGE('',*,*,#786,.T.);
#1104=ORIENTED_EDGE('',*,*,#794,.F.);
#1105=ORIENTED_EDGE('',*,*,#784,.F.);
#1106=ORIENTED_EDGE('',*,*,#788,.F.);
#1107=ORIENTED_EDGE('',*,*,#791,.F.);
#1108=ORIENTED_EDGE('',*,*,#796,.T.);
#1109=ORIENTED_EDGE('',*,*,#797,.T.);
#1110=ORIENTED_EDGE('',*,*,#798,.F.);
#1111=ORIENTED_EDGE('',*,*,#799,.F.);
#1112=ORIENTED_EDGE('',*,*,#800,.T.);
#1113=ORIENTED_EDGE('',*,*,#799,.T.);
#1114=ORIENTED_EDGE('',*,*,#801,.F.);
#1115=ORIENTED_EDGE('',*,*,#802,.F.);
#1116=ORIENTED_EDGE('',*,*,#803,.T.);
#1117=ORIENTED_EDGE('',*,*,#802,.T.);
#1118=ORIENTED_EDGE('',*,*,#804,.F.);
#1119=ORIENTED_EDGE('',*,*,#805,.F.);
#1120=ORIENTED_EDGE('',*,*,#806,.T.);
#1121=ORIENTED_EDGE('',*,*,#805,.T.);
#1122=ORIENTED_EDGE('',*,*,#807,.F.);
#1123=ORIENTED_EDGE('',*,*,#797,.F.);
#1124=ORIENTED_EDGE('',*,*,#807,.T.);
#1125=ORIENTED_EDGE('',*,*,#804,.T.);
#1126=ORIENTED_EDGE('',*,*,#801,.T.);
#1127=ORIENTED_EDGE('',*,*,#798,.T.);
#1128=ORIENTED_EDGE('',*,*,#806,.F.);
#1129=ORIENTED_EDGE('',*,*,#796,.F.);
#1130=ORIENTED_EDGE('',*,*,#800,.F.);
#1131=ORIENTED_EDGE('',*,*,#803,.F.);
#1132=SPHERICAL_SURFACE('',#1278,2.5);
#1133=ADVANCED_FACE('',(#390),#1132,.T.);
#1134=ADVANCED_FACE('',(#391),#386,.T.);
#1135=ADVANCED_FACE('',(#392),#387,.T.);
#1136=ADVANCED_FACE('',(#393),#93,.F.);
#1137=ADVANCED_FACE('',(#394),#94,.F.);
#1138=ADVANCED_FACE('',(#395),#95,.T.);
#1139=ADVANCED_FACE('',(#396),#388,.T.);
#1140=ADVANCED_FACE('',(#397),#68,.F.);
#1141=ADVANCED_FACE('',(#398),#96,.F.);
#1142=ADVANCED_FACE('',(#399,#36),#97,.F.);
#1143=ADVANCED_FACE('',(#400),#69,.F.);
#1144=ADVANCED_FACE('',(#401),#98,.F.);
#1145=ADVANCED_FACE('',(#402),#99,.F.);
#1146=ADVANCED_FACE('',(#403),#70,.F.);
#1147=ADVANCED_FACE('',(#404),#100,.F.);
#1148=ADVANCED_FACE('',(#405),#71,.F.);
#1149=ADVANCED_FACE('',(#406),#72,.F.);
#1150=ADVANCED_FACE('',(#407),#101,.F.);
#1151=ADVANCED_FACE('',(#408),#102,.T.);
#1152=ADVANCED_FACE('',(#409),#103,.F.);
#1153=ADVANCED_FACE('',(#410),#104,.T.);
#1154=ADVANCED_FACE('',(#411),#105,.F.);
#1155=ADVANCED_FACE('',(#412),#106,.F.);
#1156=ADVANCED_FACE('',(#413),#107,.F.);
#1157=ADVANCED_FACE('',(#414),#108,.T.);
#1158=ADVANCED_FACE('',(#415),#109,.T.);
#1159=ADVANCED_FACE('',(#416),#110,.T.);
#1160=ADVANCED_FACE('',(#417),#111,.F.);
#1161=ADVANCED_FACE('',(#418),#112,.F.);
#1162=ADVANCED_FACE('',(#419),#113,.T.);
#1163=ADVANCED_FACE('',(#420),#114,.F.);
#1164=ADVANCED_FACE('',(#421),#389,.T.);
#1165=ADVANCED_FACE('',(#422),#73,.F.);
#1166=ADVANCED_FACE('',(#423),#115,.F.);
#1167=ADVANCED_FACE('',(#424),#74,.F.);
#1168=ADVANCED_FACE('',(#425,#37),#116,.F.);
#1169=ADVANCED_FACE('',(#426),#117,.F.);
#1170=ADVANCED_FACE('',(#427),#118,.F.);
#1171=ADVANCED_FACE('',(#428),#75,.F.);
#1172=ADVANCED_FACE('',(#429),#119,.F.);
#1173=ADVANCED_FACE('',(#430),#76,.F.);
#1174=ADVANCED_FACE('',(#431),#77,.F.);
#1175=ADVANCED_FACE('',(#432),#120,.F.);
#1176=ADVANCED_FACE('',(#433),#121,.F.);
#1177=ADVANCED_FACE('',(#434),#122,.T.);
#1178=ADVANCED_FACE('',(#435),#123,.F.);
#1179=ADVANCED_FACE('',(#436),#124,.T.);
#1180=ADVANCED_FACE('',(#437),#125,.F.);
#1181=ADVANCED_FACE('',(#438),#126,.F.);
#1182=ADVANCED_FACE('',(#439),#127,.T.);
#1183=ADVANCED_FACE('',(#440),#128,.T.);
#1184=ADVANCED_FACE('',(#441),#129,.F.);
#1185=ADVANCED_FACE('',(#442),#130,.T.);
#1186=ADVANCED_FACE('',(#443),#131,.F.);
#1187=ADVANCED_FACE('',(#444),#132,.T.);
#1188=ADVANCED_FACE('',(#445),#133,.F.);
#1189=ADVANCED_FACE('',(#446),#134,.T.);
#1190=ADVANCED_FACE('',(#447),#135,.T.);
#1191=ADVANCED_FACE('',(#448),#136,.T.);
#1192=ADVANCED_FACE('',(#449),#137,.T.);
#1193=ADVANCED_FACE('',(#450),#138,.T.);
#1194=ADVANCED_FACE('',(#451),#139,.F.);
#1195=ADVANCED_FACE('',(#452),#140,.T.);
#1196=ADVANCED_FACE('',(#453),#141,.T.);
#1197=ADVANCED_FACE('',(#454),#142,.T.);
#1198=ADVANCED_FACE('',(#455),#143,.T.);
#1199=ADVANCED_FACE('',(#456),#144,.T.);
#1200=ADVANCED_FACE('',(#457),#145,.F.);
#1201=CLOSED_SHELL('',(#1133,#1134,#1135,#1136,#1137,#1138));
#1202=CLOSED_SHELL('',(#1139,#1140,#1141,#1142,#1143,#1144,#1145,#1146,
#1147,#1148,#1149));
#1203=CLOSED_SHELL('',(#1150,#1151,#1152,#1153,#1154,#1155,#1156,#1157,
#1158,#1159,#1160,#1161,#1162,#1163));
#1204=CLOSED_SHELL('',(#1164,#1165,#1166,#1167,#1168,#1169,#1170,#1171,
#1172,#1173,#1174));
#1205=CLOSED_SHELL('',(#1175,#1176,#1177,#1178,#1179,#1180,#1181,#1182,
#1183,#1184,#1185,#1186,#1187,#1188));
#1206=CLOSED_SHELL('',(#1189,#1190,#1191,#1192,#1193,#1194));
#1207=CLOSED_SHELL('',(#1195,#1196,#1197,#1198,#1199,#1200));
#1208=DERIVED_UNIT_ELEMENT(#1215,1.);
#1209=DERIVED_UNIT_ELEMENT(#2534,-3.);
#1210=DERIVED_UNIT_ELEMENT(#1215,1.);
#1211=DERIVED_UNIT_ELEMENT(#2534,-3.);
#1212=DERIVED_UNIT_ELEMENT(#1215,1.);
#1213=DERIVED_UNIT_ELEMENT(#2534,-3.);
#1214=DIMENSIONAL_EXPONENTS(0.,1.,0.,0.,0.,0.,0.);
#1215=(
CONVERSION_BASED_UNIT('gram',#1217)
MASS_UNIT()
NAMED_UNIT(#1214)
);
#1216=(
MASS_UNIT()
NAMED_UNIT(*)
SI_UNIT(.KILO.,.GRAM.)
);
#1217=MASS_MEASURE_WITH_UNIT(MASS_MEASURE(0.001),#1216);
#1218=DERIVED_UNIT((#1208,#1209));
#1219=DERIVED_UNIT((#1210,#1211));
#1220=DERIVED_UNIT((#1212,#1213));
#1221=MEASURE_REPRESENTATION_ITEM('density measure',
POSITIVE_RATIO_MEASURE(1.),#1218);
#1222=MEASURE_REPRESENTATION_ITEM('density measure',
POSITIVE_RATIO_MEASURE(1.),#1219);
#1223=MEASURE_REPRESENTATION_ITEM('density measure',
POSITIVE_RATIO_MEASURE(1.),#1220);
#1224=PROPERTY_DEFINITION_REPRESENTATION(#1239,#1230);
#1225=PROPERTY_DEFINITION_REPRESENTATION(#1240,#1231);
#1226=PROPERTY_DEFINITION_REPRESENTATION(#1241,#1232);
#1227=PROPERTY_DEFINITION_REPRESENTATION(#1242,#1233);
#1228=PROPERTY_DEFINITION_REPRESENTATION(#1243,#1234);
#1229=PROPERTY_DEFINITION_REPRESENTATION(#1244,#1235);
#1230=REPRESENTATION('material name',(#1236),#2529);
#1231=REPRESENTATION('density',(#1221),#2529);
#1232=REPRESENTATION('material name',(#1237),#2530);
#1233=REPRESENTATION('density',(#1222),#2530);
#1234=REPRESENTATION('material name',(#1238),#2531);
#1235=REPRESENTATION('density',(#1223),#2531);
#1236=DESCRIPTIVE_REPRESENTATION_ITEM('Generic','Generic');
#1237=DESCRIPTIVE_REPRESENTATION_ITEM('Generic','Generic');
#1238=DESCRIPTIVE_REPRESENTATION_ITEM('Generic','Generic');
#1239=PROPERTY_DEFINITION('material property','material name',#2559);
#1240=PROPERTY_DEFINITION('material property','density of part',#2559);
#1241=PROPERTY_DEFINITION('material property','material name',#2560);
#1242=PROPERTY_DEFINITION('material property','density of part',#2560);
#1243=PROPERTY_DEFINITION('material property','material name',#2561);
#1244=PROPERTY_DEFINITION('material property','density of part',#2561);
#1245=DATE_TIME_ROLE('creation_date');
#1246=DATE_TIME_ROLE('creation_date');
#1247=DATE_TIME_ROLE('creation_date');
#1248=DATE_TIME_ROLE('creation_date');
#1249=DATE_TIME_ROLE('creation_date');
#1250=APPLIED_DATE_AND_TIME_ASSIGNMENT(#1255,#1245,(#2557));
#1251=APPLIED_DATE_AND_TIME_ASSIGNMENT(#1256,#1246,(#2558));
#1252=APPLIED_DATE_AND_TIME_ASSIGNMENT(#1257,#1247,(#2559));
#1253=APPLIED_DATE_AND_TIME_ASSIGNMENT(#1258,#1248,(#2560));
#1254=APPLIED_DATE_AND_TIME_ASSIGNMENT(#1259,#1249,(#2561));
#1255=DATE_AND_TIME(#1260,#1265);
#1256=DATE_AND_TIME(#1261,#1266);
#1257=DATE_AND_TIME(#1262,#1267);
#1258=DATE_AND_TIME(#1263,#1268);
#1259=DATE_AND_TIME(#1264,#1269);
#1260=CALENDAR_DATE(2025,13,12);
#1261=CALENDAR_DATE(2023,13,3);
#1262=CALENDAR_DATE(2025,13,12);
#1263=CALENDAR_DATE(2025,13,12);
#1264=CALENDAR_DATE(2025,13,12);
#1265=LOCAL_TIME(0,0,0.,#1270);
#1266=LOCAL_TIME(9,47,14.,#1271);
#1267=LOCAL_TIME(0,0,0.,#1272);
#1268=LOCAL_TIME(0,0,0.,#1273);
#1269=LOCAL_TIME(0,0,0.,#1274);
#1270=COORDINATED_UNIVERSAL_TIME_OFFSET(0,0,.BEHIND.);
#1271=COORDINATED_UNIVERSAL_TIME_OFFSET(0,0,.BEHIND.);
#1272=COORDINATED_UNIVERSAL_TIME_OFFSET(0,0,.BEHIND.);
#1273=COORDINATED_UNIVERSAL_TIME_OFFSET(0,0,.BEHIND.);
#1274=COORDINATED_UNIVERSAL_TIME_OFFSET(0,0,.BEHIND.);
#1275=AXIS2_PLACEMENT_3D('',#1635,#1355,#1356);
#1276=AXIS2_PLACEMENT_3D('',#1636,#1357,#1358);
#1277=AXIS2_PLACEMENT_3D('',#1637,#1359,#1360);
#1278=AXIS2_PLACEMENT_3D('',#1638,#1361,#1362);
#1279=AXIS2_PLACEMENT_3D('',#1640,#1363,#1364);
#1280=AXIS2_PLACEMENT_3D('',#1642,#1365,#1366);
#1281=AXIS2_PLACEMENT_3D('',#1643,#1367,#1368);
#1282=AXIS2_PLACEMENT_3D('',#1646,#1369,#1370);
#1283=AXIS2_PLACEMENT_3D('',#1647,#1371,#1372);
#1284=AXIS2_PLACEMENT_3D('',#1649,#1374,#1375);
#1285=AXIS2_PLACEMENT_3D('',#1652,#1376,#1377);
#1286=AXIS2_PLACEMENT_3D('',#1656,#1379,#1380);
#1287=AXIS2_PLACEMENT_3D('',#1658,#1382,#1383);
#1288=AXIS2_PLACEMENT_3D('',#1660,#1385,#1386);
#1289=AXIS2_PLACEMENT_3D('',#1663,#1389,#1390);
#1290=AXIS2_PLACEMENT_3D('',#1664,#1391,#1392);
#1291=AXIS2_PLACEMENT_3D('',#1666,#1393,#1394);
#1292=AXIS2_PLACEMENT_3D('',#1670,#1396,#1397);
#1293=AXIS2_PLACEMENT_3D('',#1671,#1398,#1399);
#1294=AXIS2_PLACEMENT_3D('',#1760,#1400,#1401);
#1295=AXIS2_PLACEMENT_3D('',#1787,#1405,#1406);
#1296=AXIS2_PLACEMENT_3D('',#1841,#1410,#1411);
#1297=AXIS2_PLACEMENT_3D('',#1863,#1413,#1414);
#1298=AXIS2_PLACEMENT_3D('',#1919,#1416,#1417);
#1299=AXIS2_PLACEMENT_3D('',#1989,#1418,#1419);
#1300=AXIS2_PLACEMENT_3D('',#1998,#1424,#1425);
#1301=AXIS2_PLACEMENT_3D('',#2004,#1429,#1430);
#1302=AXIS2_PLACEMENT_3D('',#2024,#1441,#1442);
#1303=AXIS2_PLACEMENT_3D('',#2030,#1446,#1447);
#1304=AXIS2_PLACEMENT_3D('',#2036,#1451,#1452);
#1305=AXIS2_PLACEMENT_3D('',#2038,#1454,#1455);
#1306=AXIS2_PLACEMENT_3D('',#2051,#1463,#1464);
#1307=AXIS2_PLACEMENT_3D('',#2053,#1466,#1467);
#1308=AXIS2_PLACEMENT_3D('',#2056,#1470,#1471);
#1309=AXIS2_PLACEMENT_3D('',#2057,#1472,#1473);
#1310=AXIS2_PLACEMENT_3D('',#2058,#1474,#1475);
#1311=AXIS2_PLACEMENT_3D('',#2061,#1478,#1479);
#1312=AXIS2_PLACEMENT_3D('',#2062,#1480,#1481);
#1313=AXIS2_PLACEMENT_3D('',#2063,#1482,#1483);
#1314=AXIS2_PLACEMENT_3D('',#2065,#1484,#1485);
#1315=AXIS2_PLACEMENT_3D('',#2069,#1487,#1488);
#1316=AXIS2_PLACEMENT_3D('',#2070,#1489,#1490);
#1317=AXIS2_PLACEMENT_3D('',#2159,#1491,#1492);
#1318=AXIS2_PLACEMENT_3D('',#2234,#1496,#1497);
#1319=AXIS2_PLACEMENT_3D('',#2240,#1501,#1502);
#1320=AXIS2_PLACEMENT_3D('',#2262,#1504,#1505);
#1321=AXIS2_PLACEMENT_3D('',#2318,#1507,#1508);
#1322=AXIS2_PLACEMENT_3D('',#2388,#1509,#1510);
#1323=AXIS2_PLACEMENT_3D('',#2397,#1515,#1516);
#1324=AXIS2_PLACEMENT_3D('',#2419,#1528,#1529);
#1325=AXIS2_PLACEMENT_3D('',#2423,#1532,#1533);
#1326=AXIS2_PLACEMENT_3D('',#2443,#1544,#1545);
#1327=AXIS2_PLACEMENT_3D('',#2445,#1547,#1548);
#1328=AXIS2_PLACEMENT_3D('',#2448,#1551,#1552);
#1329=AXIS2_PLACEMENT_3D('',#2450,#1554,#1555);
#1330=AXIS2_PLACEMENT_3D('',#2451,#1556,#1557);
#1331=AXIS2_PLACEMENT_3D('',#2453,#1559,#1560);
#1332=AXIS2_PLACEMENT_3D('',#2455,#1562,#1563);
#1333=AXIS2_PLACEMENT_3D('',#2457,#1565,#1566);
#1334=AXIS2_PLACEMENT_3D('',#2459,#1568,#1569);
#1335=AXIS2_PLACEMENT_3D('',#2461,#1571,#1572);
#1336=AXIS2_PLACEMENT_3D('',#2462,#1573,#1574);
#1337=AXIS2_PLACEMENT_3D('',#2463,#1575,#1576);
#1338=AXIS2_PLACEMENT_3D('',#2464,#1577,#1578);
#1339=AXIS2_PLACEMENT_3D('',#2473,#1583,#1584);
#1340=AXIS2_PLACEMENT_3D('',#2479,#1588,#1589);
#1341=AXIS2_PLACEMENT_3D('',#2485,#1593,#1594);
#1342=AXIS2_PLACEMENT_3D('',#2488,#1597,#1598);
#1343=AXIS2_PLACEMENT_3D('',#2489,#1599,#1600);
#1344=AXIS2_PLACEMENT_3D('',#2490,#1601,#1602);
#1345=AXIS2_PLACEMENT_3D('',#2491,#1603,#1604);
#1346=AXIS2_PLACEMENT_3D('',#2500,#1609,#1610);
#1347=AXIS2_PLACEMENT_3D('',#2506,#1614,#1615);
#1348=AXIS2_PLACEMENT_3D('',#2512,#1619,#1620);
#1349=AXIS2_PLACEMENT_3D('',#2515,#1623,#1624);
#1350=AXIS2_PLACEMENT_3D('',#2516,#1625,#1626);
#1351=AXIS2_PLACEMENT_3D('',#2517,#1627,#1628);
#1352=AXIS2_PLACEMENT_3D('',#2518,#1629,#1630);
#1353=AXIS2_PLACEMENT_3D('',#2519,#1631,#1632);
#1354=AXIS2_PLACEMENT_3D('',#2520,#1633,#1634);
#1355=DIRECTION('axis',(0.,0.,1.));
#1356=DIRECTION('refdir',(1.,0.,0.));
#1357=DIRECTION('axis',(0.,0.,1.));
#1358=DIRECTION('refdir',(1.,0.,0.));
#1359=DIRECTION('axis',(0.,0.,1.));
#1360=DIRECTION('refdir',(1.,0.,0.));
#1361=DIRECTION('center_axis',(-1.57772181044202E-31,1.,-6.12323399573675E-17));
#1362=DIRECTION('ref_axis',(0.,0.,-1.));
#1363=DIRECTION('center_axis',(1.46466972270649E-31,-1.,-1.4791141972894E-31));
#1364=DIRECTION('ref_axis',(0.,1.4791141972894E-31,-1.));
#1365=DIRECTION('center_axis',(1.,1.46466972270649E-31,-1.22464679914735E-16));
#1366=DIRECTION('ref_axis',(1.22464679914735E-16,0.,1.));
#1367=DIRECTION('center_axis',(1.46466972270649E-31,-1.,-1.4791141972894E-31));
#1368=DIRECTION('ref_axis',(0.,1.4791141972894E-31,-1.));
#1369=DIRECTION('center_axis',(1.46466972270649E-31,-1.,-1.4791141972894E-31));
#1370=DIRECTION('ref_axis',(0.,1.4791141972894E-31,-1.));
#1371=DIRECTION('center_axis',(1.46466972270649E-31,-1.,-1.4791141972894E-31));
#1372=DIRECTION('ref_axis',(0.,1.4791141972894E-31,-1.));
#1373=DIRECTION('',(-1.46466972270649E-31,1.,1.4791141972894E-31));
#1374=DIRECTION('center_axis',(1.46466972270649E-31,-1.,-1.4791141972894E-31));
#1375=DIRECTION('ref_axis',(1.,2.49252874116184E-31,-5.0532154980743E-16));
#1376=DIRECTION('center_axis',(1.46466972270649E-31,-1.,-1.4791141972894E-31));
#1377=DIRECTION('ref_axis',(0.,1.25348660787237E-31,-1.));
#1378=DIRECTION('',(-1.87882169794752E-31,1.,3.15544362088405E-32));
#1379=DIRECTION('center_axis',(1.46466972270649E-31,-1.,-1.4791141972894E-31));
#1380=DIRECTION('ref_axis',(1.95857282480058E-33,2.50697321574474E-31,-1.));
#1381=DIRECTION('',(1.87882169794752E-31,-1.,-3.15544362088405E-32));
#1382=DIRECTION('center_axis',(-1.46466972270649E-31,1.,1.4791141972894E-31));
#1383=DIRECTION('ref_axis',(0.,-1.54074395550979E-31,1.));
#1384=DIRECTION('',(-2.95822839457879E-33,-3.15544362088405E-32,1.));
#1385=DIRECTION('center_axis',(1.46466972270649E-31,-1.,-1.4791141972894E-31));
#1386=DIRECTION('ref_axis',(0.,1.54074395550979E-31,-1.));
#1387=DIRECTION('',(2.95822839457879E-33,3.15544362088405E-32,-1.));
#1388=DIRECTION('',(2.95822839457879E-33,3.15544362088405E-32,-1.));
#1389=DIRECTION('center_axis',(-1.,-1.4935586718723E-31,0.));
#1390=DIRECTION('ref_axis',(0.,-1.54074395550979E-31,1.));
#1391=DIRECTION('center_axis',(-1.46466972270649E-31,1.,1.4791141972894E-31));
#1392=DIRECTION('ref_axis',(0.,-1.54074395550979E-31,1.));
#1393=DIRECTION('center_axis',(1.46466972270649E-31,-1.,-1.4791141972894E-31));
#1394=DIRECTION('ref_axis',(0.,1.54074395550979E-31,-1.));
#1395=DIRECTION('',(1.46466972270649E-31,-1.,-1.4791141972894E-31));
#1396=DIRECTION('center_axis',(-1.46466972270649E-31,1.,1.4791141972894E-31));
#1397=DIRECTION('ref_axis',(0.,1.54074395550979E-31,-1.));
#1398=DIRECTION('center_axis',(-1.46466972270649E-31,1.,1.4791141972894E-31));
#1399=DIRECTION('ref_axis',(0.,1.54074395550979E-31,-1.));
#1400=DIRECTION('center_axis',(0.,-1.4791141972894E-31,1.));
#1401=DIRECTION('ref_axis',(1.,1.86333722119465E-31,0.));
#1402=DIRECTION('',(1.87882169794752E-31,-1.,-3.15544362088405E-32));
#1403=DIRECTION('',(-1.,-1.90771064711333E-31,2.95822839457879E-33));
#1404=DIRECTION('',(-1.87882169794752E-31,1.,3.15544362088405E-32));
#1405=DIRECTION('center_axis',(1.46466972270649E-31,-1.,-1.4791141972894E-31));
#1406=DIRECTION('ref_axis',(0.,1.54074395550979E-31,-1.));
#1407=DIRECTION('',(-2.95822839457879E-33,-3.15544362088405E-32,1.));
#1408=DIRECTION('',(1.,1.90771064711333E-31,-2.95822839457879E-33));
#1409=DIRECTION('',(2.95822839457879E-33,3.15544362088405E-32,-1.));
#1410=DIRECTION('center_axis',(-1.,-1.4935586718723E-31,0.));
#1411=DIRECTION('ref_axis',(0.,-1.54074395550979E-31,1.));
#1412=DIRECTION('',(-1.87882169794752E-31,1.,3.15544362088405E-32));
#1413=DIRECTION('center_axis',(1.,1.4935586718723E-31,0.));
#1414=DIRECTION('ref_axis',(0.,1.54074395550979E-31,-1.));
#1415=DIRECTION('',(-1.87882169794752E-31,1.,3.15544362088405E-32));
#1416=DIRECTION('center_axis',(0.,1.4791141972894E-31,-1.));
#1417=DIRECTION('ref_axis',(-1.,-1.86333722119465E-31,0.));
#1418=DIRECTION('center_axis',(1.00052060610917E-31,1.,1.97215226305253E-31));
#1419=DIRECTION('ref_axis',(5.2041704279304E-18,-1.97215226305253E-31,1.));
#1420=DIRECTION('',(-1.,9.71631656943361E-32,0.));
#1421=DIRECTION('',(0.,1.97215226305253E-31,-1.));
#1422=DIRECTION('',(1.,-9.71631656943361E-32,0.));
#1423=DIRECTION('',(0.,-1.97215226305253E-31,1.));
#1424=DIRECTION('center_axis',(1.,1.4935586718723E-31,0.));
#1425=DIRECTION('ref_axis',(0.,-1.54074395550979E-31,1.));
#1426=DIRECTION('',(-1.87882169794752E-31,1.,3.15544362088405E-32));
#1427=DIRECTION('',(2.95822839457879E-33,3.15544362088405E-32,-1.));
#1428=DIRECTION('',(-1.87882169794752E-31,1.,3.15544362088405E-32));
#1429=DIRECTION('center_axis',(0.,-1.4791141972894E-31,1.));
#1430=DIRECTION('ref_axis',(-1.,-1.86333722119465E-31,0.));
#1431=DIRECTION('',(-1.87882169794752E-31,1.,3.15544362088405E-32));
#1432=DIRECTION('',(-1.,-2.00830747076566E-31,7.74430123203932E-17));
#1433=DIRECTION('',(-1.87882169794752E-31,1.,3.15544362088405E-32));
#1434=DIRECTION('',(-1.,-2.00830747076566E-31,7.74430123203932E-17));
#1435=DIRECTION('',(-1.87882169794752E-31,1.,3.15544362088405E-32));
#1436=DIRECTION('',(1.,1.90771064711333E-31,-2.95822839457879E-33));
#1437=DIRECTION('',(-1.87882169794752E-31,1.,3.15544362088405E-32));
#1438=DIRECTION('',(-1.,-2.00830747076566E-31,7.74430123203932E-17));
#1439=DIRECTION('',(-1.87882169794752E-31,1.,3.15544362088405E-32));
#1440=DIRECTION('',(-1.,-2.00830747076566E-31,7.74430123203932E-17));
#1441=DIRECTION('center_axis',(1.46466972270649E-31,-1.,-1.4791141972894E-31));
#1442=DIRECTION('ref_axis',(0.,1.54074395550979E-31,-1.));
#1443=DIRECTION('',(-2.95822839457879E-33,-3.15544362088405E-32,1.));
#1444=DIRECTION('',(1.,1.90771064711333E-31,-2.95822839457879E-33));
#1445=DIRECTION('',(-2.95822839457879E-33,-3.15544362088405E-32,1.));
#1446=DIRECTION('center_axis',(1.46466972270649E-31,-1.,-1.4791141972894E-31));
#1447=DIRECTION('ref_axis',(0.,1.54074395550979E-31,-1.));
#1448=DIRECTION('',(-2.95822839457879E-33,-3.15544362088405E-32,1.));
#1449=DIRECTION('',(1.,1.90771064711333E-31,-2.95822839457879E-33));
#1450=DIRECTION('',(-2.95822839457879E-33,-3.15544362088405E-32,1.));
#1451=DIRECTION('center_axis',(1.,1.4935586718723E-31,0.));
#1452=DIRECTION('ref_axis',(0.,-1.54074395550979E-31,1.));
#1453=DIRECTION('',(-1.87882169794752E-31,1.,3.15544362088405E-32));
#1454=DIRECTION('center_axis',(0.,1.4791141972894E-31,-1.));
#1455=DIRECTION('ref_axis',(1.,1.86333722119465E-31,0.));
#1456=DIRECTION('',(1.,1.90771064711333E-31,-2.95822839457879E-33));
#1457=DIRECTION('',(-1.87882169794752E-31,1.,3.15544362088405E-32));
#1458=DIRECTION('',(1.,1.90771064711333E-31,-2.95822839457879E-33));
#1459=DIRECTION('',(-1.87882169794752E-31,1.,3.15544362088405E-32));
#1460=DIRECTION('',(1.,1.90771064711333E-31,-2.95822839457879E-33));
#1461=DIRECTION('',(-1.87882169794752E-31,1.,3.15544362088405E-32));
#1462=DIRECTION('',(-1.87882169794752E-31,1.,3.15544362088405E-32));
#1463=DIRECTION('center_axis',(-1.,-1.4935586718723E-31,0.));
#1464=DIRECTION('ref_axis',(0.,1.54074395550979E-31,-1.));
#1465=DIRECTION('',(2.95822839457879E-33,3.15544362088405E-32,-1.));
#1466=DIRECTION('center_axis',(1.,1.4935586718723E-31,0.));
#1467=DIRECTION('ref_axis',(0.,-1.54074395550979E-31,1.));
#1468=DIRECTION('',(2.95822839457879E-33,3.15544362088405E-32,-1.));
#1469=DIRECTION('',(-2.95822839457879E-33,-3.15544362088405E-32,1.));
#1470=DIRECTION('center_axis',(-1.,-1.4935586718723E-31,0.));
#1471=DIRECTION('ref_axis',(0.,1.54074395550979E-31,-1.));
#1472=DIRECTION('center_axis',(1.46466972270649E-31,-1.,-1.4791141972894E-31));
#1473=DIRECTION('ref_axis',(0.,1.54074395550979E-31,-1.));
#1474=DIRECTION('center_axis',(-1.,-1.4935586718723E-31,0.));
#1475=DIRECTION('ref_axis',(0.,1.54074395550979E-31,-1.));
#1476=DIRECTION('',(2.95822839457879E-33,3.15544362088405E-32,-1.));
#1477=DIRECTION('',(2.95822839457879E-33,3.15544362088405E-32,-1.));
#1478=DIRECTION('center_axis',(1.46466972270649E-31,-1.,-1.4791141972894E-31));
#1479=DIRECTION('ref_axis',(0.,1.54074395550979E-31,-1.));
#1480=DIRECTION('center_axis',(1.46466972270649E-31,-1.,-1.4791141972894E-31));
#1481=DIRECTION('ref_axis',(0.,1.54074395550979E-31,-1.));
#1482=DIRECTION('center_axis',(-1.46466972270649E-31,1.,1.4791141972894E-31));
#1483=DIRECTION('ref_axis',(0.,-1.54074395550979E-31,1.));
#1484=DIRECTION('center_axis',(-1.46466972270649E-31,1.,1.4791141972894E-31));
#1485=DIRECTION('ref_axis',(0.,1.54074395550979E-31,-1.));
#1486=DIRECTION('',(1.46466972270649E-31,-1.,-1.4791141972894E-31));
#1487=DIRECTION('center_axis',(1.46466972270649E-31,-1.,-1.4791141972894E-31));
#1488=DIRECTION('ref_axis',(0.,1.54074395550979E-31,-1.));
#1489=DIRECTION('center_axis',(1.46466972270649E-31,-1.,-1.4791141972894E-31));
#1490=DIRECTION('ref_axis',(0.,1.54074395550979E-31,-1.));
#1491=DIRECTION('center_axis',(0.,-1.4791141972894E-31,1.));
#1492=DIRECTION('ref_axis',(-1.,-1.86333722119465E-31,0.));
#1493=DIRECTION('',(-1.87882169794752E-31,1.,3.15544362088405E-32));
#1494=DIRECTION('',(1.,1.90771064711333E-31,-2.95822839457879E-33));
#1495=DIRECTION('',(1.87882169794752E-31,-1.,-3.15544362088405E-32));
#1496=DIRECTION('center_axis',(1.46466972270649E-31,-1.,-1.4791141972894E-31));
#1497=DIRECTION('ref_axis',(0.,1.54074395550979E-31,-1.));
#1498=DIRECTION('',(2.95822839457879E-33,3.15544362088405E-32,-1.));
#1499=DIRECTION('',(-1.,-1.90771064711333E-31,2.95822839457879E-33));
#1500=DIRECTION('',(-2.95822839457879E-33,-3.15544362088405E-32,1.));
#1501=DIRECTION('center_axis',(1.,1.4935586718723E-31,0.));
#1502=DIRECTION('ref_axis',(0.,-1.54074395550979E-31,1.));
#1503=DIRECTION('',(-1.87882169794752E-31,1.,3.15544362088405E-32));
#1504=DIRECTION('center_axis',(-1.,-1.4935586718723E-31,0.));
#1505=DIRECTION('ref_axis',(0.,1.54074395550979E-31,-1.));
#1506=DIRECTION('',(-1.87882169794752E-31,1.,3.15544362088405E-32));
#1507=DIRECTION('center_axis',(0.,1.4791141972894E-31,-1.));
#1508=DIRECTION('ref_axis',(1.,1.86333722119465E-31,0.));
#1509=DIRECTION('center_axis',(3.00060276925735E-18,1.,9.86076131526265E-32));
#1510=DIRECTION('ref_axis',(5.2041704279304E-18,-9.86076131526265E-32,1.));
#1511=DIRECTION('',(0.,-9.86076131526265E-32,1.));
#1512=DIRECTION('',(-1.,3.00060276925735E-18,0.));
#1513=DIRECTION('',(0.,9.86076131526265E-32,-1.));
#1514=DIRECTION('',(1.,-3.00060276925735E-18,0.));
#1515=DIRECTION('center_axis',(0.,-1.4791141972894E-31,1.));
#1516=DIRECTION('ref_axis',(1.,1.86333722119465E-31,0.));
#1517=DIRECTION('',(-1.87882169794752E-31,1.,3.15544362088405E-32));
#1518=DIRECTION('',(1.,1.807113823461E-31,7.74430123203932E-17));
#1519=DIRECTION('',(-1.87882169794752E-31,1.,3.15544362088405E-32));
#1520=DIRECTION('',(1.,1.807113823461E-31,7.74430123203932E-17));
#1521=DIRECTION('',(-1.87882169794752E-31,1.,3.15544362088405E-32));
#1522=DIRECTION('',(-1.,-1.90771064711333E-31,2.95822839457879E-33));
#1523=DIRECTION('',(-1.87882169794752E-31,1.,3.15544362088405E-32));
#1524=DIRECTION('',(1.,1.807113823461E-31,7.74430123203932E-17));
#1525=DIRECTION('',(-1.87882169794752E-31,1.,3.15544362088405E-32));
#1526=DIRECTION('',(1.,1.807113823461E-31,7.74430123203932E-17));
#1527=DIRECTION('',(-1.87882169794752E-31,1.,3.15544362088405E-32));
#1528=DIRECTION('center_axis',(-1.,-1.4935586718723E-31,0.));
#1529=DIRECTION('ref_axis',(0.,-1.54074395550979E-31,1.));
#1530=DIRECTION('',(-1.87882169794752E-31,1.,3.15544362088405E-32));
#1531=DIRECTION('',(2.95822839457879E-33,3.15544362088405E-32,-1.));
#1532=DIRECTION('center_axis',(0.,1.4791141972894E-31,-1.));
#1533=DIRECTION('ref_axis',(-1.,-1.86333722119465E-31,0.));
#1534=DIRECTION('',(-1.87882169794752E-31,1.,3.15544362088405E-32));
#1535=DIRECTION('',(-1.,-1.90771064711333E-31,2.95822839457879E-33));
#1536=DIRECTION('',(-1.87882169794752E-31,1.,3.15544362088405E-32));
#1537=DIRECTION('',(-1.,-1.90771064711333E-31,2.95822839457879E-33));
#1538=DIRECTION('',(-1.87882169794752E-31,1.,3.15544362088405E-32));
#1539=DIRECTION('',(-1.,-1.90771064711333E-31,2.95822839457879E-33));
#1540=DIRECTION('',(-1.87882169794752E-31,1.,3.15544362088405E-32));
#1541=DIRECTION('',(-1.,-1.90771064711333E-31,2.95822839457879E-33));
#1542=DIRECTION('',(-1.87882169794752E-31,1.,3.15544362088405E-32));
#1543=DIRECTION('',(-1.,-1.90771064711333E-31,2.95822839457879E-33));
#1544=DIRECTION('center_axis',(1.,1.4935586718723E-31,0.));
#1545=DIRECTION('ref_axis',(0.,1.54074395550979E-31,-1.));
#1546=DIRECTION('',(-2.95822839457879E-33,-3.15544362088405E-32,1.));
#1547=DIRECTION('center_axis',(-1.,-1.4935586718723E-31,0.));
#1548=DIRECTION('ref_axis',(0.,-1.54074395550979E-31,1.));
#1549=DIRECTION('',(-2.95822839457879E-33,-3.15544362088405E-32,1.));
#1550=DIRECTION('',(-2.95822839457879E-33,-3.15544362088405E-32,1.));
#1551=DIRECTION('center_axis',(1.46466972270649E-31,-1.,-1.4791141972894E-31));
#1552=DIRECTION('ref_axis',(0.,1.54074395550979E-31,-1.));
#1553=DIRECTION('',(-2.95822839457879E-33,-3.15544362088405E-32,1.));
#1554=DIRECTION('center_axis',(1.46466972270649E-31,-1.,-1.4791141972894E-31));
#1555=DIRECTION('ref_axis',(0.,1.54074395550979E-31,-1.));
#1556=DIRECTION('center_axis',(1.,1.4935586718723E-31,0.));
#1557=DIRECTION('ref_axis',(0.,1.54074395550979E-31,-1.));
#1558=DIRECTION('',(2.95822839457879E-33,3.15544362088405E-32,-1.));
#1559=DIRECTION('center_axis',(1.46466972270649E-31,-1.,-1.4791141972894E-31));
#1560=DIRECTION('ref_axis',(0.,1.54074395550979E-31,-1.));
#1561=DIRECTION('',(-2.95822839457879E-33,-3.15544362088405E-32,1.));
#1562=DIRECTION('center_axis',(-1.,-1.4935586718723E-31,0.));
#1563=DIRECTION('ref_axis',(0.,-1.54074395550979E-31,1.));
#1564=DIRECTION('',(2.95822839457879E-33,3.15544362088405E-32,-1.));
#1565=DIRECTION('center_axis',(1.46466972270649E-31,-1.,-1.4791141972894E-31));
#1566=DIRECTION('ref_axis',(0.,1.54074395550979E-31,-1.));
#1567=DIRECTION('',(2.95822839457879E-33,3.15544362088405E-32,-1.));
#1568=DIRECTION('center_axis',(1.46466972270649E-31,-1.,-1.4791141972894E-31));
#1569=DIRECTION('ref_axis',(0.,1.54074395550979E-31,-1.));
#1570=DIRECTION('',(2.95822839457879E-33,3.15544362088405E-32,-1.));
#1571=DIRECTION('center_axis',(1.,1.4935586718723E-31,0.));
#1572=DIRECTION('ref_axis',(0.,1.54074395550979E-31,-1.));
#1573=DIRECTION('',(0.,0.,1.));
#1574=DIRECTION('',(1.,0.,0.));
#1575=DIRECTION('axis',(0.,0.,1.));
#1576=DIRECTION('refdir',(1.,0.,0.));
#1577=DIRECTION('center_axis',(0.,0.,1.));
#1578=DIRECTION('ref_axis',(1.,0.,0.));
#1579=DIRECTION('',(1.,0.,0.));
#1580=DIRECTION('',(0.,1.,0.));
#1581=DIRECTION('',(1.,0.,0.));
#1582=DIRECTION('',(0.,1.,0.));
#1583=DIRECTION('center_axis',(-1.,0.,0.));
#1584=DIRECTION('ref_axis',(0.,0.,1.));
#1585=DIRECTION('',(0.,0.,1.));
#1586=DIRECTION('',(0.,0.,1.));
#1587=DIRECTION('',(0.,1.,0.));
#1588=DIRECTION('center_axis',(0.,0.,-1.));
#1589=DIRECTION('ref_axis',(-1.,0.,0.));
#1590=DIRECTION('',(-1.,0.,0.));
#1591=DIRECTION('',(-1.,0.,0.));
#1592=DIRECTION('',(0.,1.,0.));
#1593=DIRECTION('center_axis',(1.,0.,0.));
#1594=DIRECTION('ref_axis',(0.,0.,-1.));
#1595=DIRECTION('',(0.,0.,-1.));
#1596=DIRECTION('',(0.,0.,-1.));
#1597=DIRECTION('center_axis',(0.,1.,0.));
#1598=DIRECTION('ref_axis',(0.,0.,1.));
#1599=DIRECTION('center_axis',(0.,1.,0.));
#1600=DIRECTION('ref_axis',(0.,0.,1.));
#1601=DIRECTION('axis',(0.,0.,1.));
#1602=DIRECTION('refdir',(1.,0.,0.));
#1603=DIRECTION('center_axis',(0.,0.,1.));
#1604=DIRECTION('ref_axis',(1.,0.,0.));
#1605=DIRECTION('',(1.,0.,0.));
#1606=DIRECTION('',(0.,1.,0.));
#1607=DIRECTION('',(1.,0.,0.));
#1608=DIRECTION('',(0.,1.,0.));
#1609=DIRECTION('center_axis',(-1.,0.,0.));
#1610=DIRECTION('ref_axis',(0.,0.,1.));
#1611=DIRECTION('',(0.,0.,1.));
#1612=DIRECTION('',(0.,0.,1.));
#1613=DIRECTION('',(0.,1.,0.));
#1614=DIRECTION('center_axis',(0.,0.,-1.));
#1615=DIRECTION('ref_axis',(-1.,0.,0.));
#1616=DIRECTION('',(-1.,0.,0.));
#1617=DIRECTION('',(-1.,0.,0.));
#1618=DIRECTION('',(0.,1.,0.));
#1619=DIRECTION('center_axis',(1.,0.,0.));
#1620=DIRECTION('ref_axis',(0.,0.,-1.));
#1621=DIRECTION('',(0.,0.,-1.));
#1622=DIRECTION('',(0.,0.,-1.));
#1623=DIRECTION('center_axis',(0.,1.,0.));
#1624=DIRECTION('ref_axis',(0.,0.,1.));
#1625=DIRECTION('center_axis',(0.,1.,0.));
#1626=DIRECTION('ref_axis',(0.,0.,1.));
#1627=DIRECTION('',(-5.2041704279304E-18,-2.77555756156289E-16,1.));
#1628=DIRECTION('',(1.,-2.22044604925031E-16,5.20417042793034E-18));
#1629=DIRECTION('',(4.9960036108132E-16,1.,-8.15459887905812E-16));
#1630=DIRECTION('',(1.,-4.9960036108132E-16,5.20417042793054E-18));
#1631=DIRECTION('',(4.9960036108132E-16,1.,-8.15459887905812E-16));
#1632=DIRECTION('',(1.,-4.9960036108132E-16,5.20417042793055E-18));
#1633=DIRECTION('center_axis',(0.,0.,1.));
#1634=DIRECTION('ref_axis',(1.,0.,0.));
#1635=CARTESIAN_POINT('',(0.,0.,0.));
#1636=CARTESIAN_POINT('',(0.,0.,0.));
#1637=CARTESIAN_POINT('',(0.,0.,0.));
#1638=CARTESIAN_POINT('Origin',(-2.4980018054066E-15,6.1,-2.08166817117217E-16));
#1639=CARTESIAN_POINT('',(-2.19184010561976E-15,6.1,2.5));
#1640=CARTESIAN_POINT('Origin',(-2.4980018054066E-15,6.1,-2.08166817117217E-16));
#1641=CARTESIAN_POINT('',(-2.4980018054066E-15,8.6,-5.50859672237976E-17));
#1642=CARTESIAN_POINT('Origin',(-2.4980018054066E-15,6.1,-2.08166817117217E-16));
#1643=CARTESIAN_POINT('Origin',(-2.4980018054066E-15,-2.4980018054066E-15,
-2.08166817117217E-16));
#1644=CARTESIAN_POINT('',(-2.5,0.999999999999997,-2.08166817117217E-16));
#1645=CARTESIAN_POINT('',(-2.80416350519344E-15,0.999999999999996,2.5));
#1646=CARTESIAN_POINT('Origin',(-2.4980018054066E-15,0.999999999999996,
-2.08166817117217E-16));
#1647=CARTESIAN_POINT('Origin',(-2.4980018054066E-15,0.999999999999996,
-2.08166817117217E-16));
#1648=CARTESIAN_POINT('',(-2.80416350519344E-15,-2.4980018054066E-15,2.5));
#1649=CARTESIAN_POINT('Origin',(-2.4980018054066E-15,-2.4980018054066E-15,
-2.08166817117217E-16));
#1650=CARTESIAN_POINT('',(-2.5,0.999999999999996,-1.56604597633658));
#1651=CARTESIAN_POINT('',(-2.5,0.999999999999997,1.56604597633658));
#1652=CARTESIAN_POINT('Origin',(-2.4980018054066E-15,0.999999999999996,
-2.08166817117217E-16));
#1653=CARTESIAN_POINT('',(-2.5,-2.77555756156289E-15,1.56604597633658));
#1654=CARTESIAN_POINT('',(-2.5,-2.4980018054066E-15,1.56604597633658));
#1655=CARTESIAN_POINT('',(-2.5,-2.22044604925031E-15,-1.56604597633659));
#1656=CARTESIAN_POINT('Origin',(-2.4980018054066E-15,-2.77555756156289E-15,
-2.08166817117217E-16));
#1657=CARTESIAN_POINT('',(-2.5,-1.66533453693773E-15,-1.56604597633659));
#1658=CARTESIAN_POINT('Origin',(-2.4980018054066E-15,-2.77555756156289E-15,
-2.08166817117217E-16));
#1659=CARTESIAN_POINT('',(-2.5,-2.77555756156289E-15,-2.08166817117217E-16));
#1660=CARTESIAN_POINT('Origin',(-2.95,0.999999999999997,-2.08166817117217E-16));
#1661=CARTESIAN_POINT('',(-2.5,0.999999999999997,-2.08166817117217E-16));
#1662=CARTESIAN_POINT('',(-2.5,0.999999999999997,-2.08166817117217E-16));
#1663=CARTESIAN_POINT('Origin',(-2.5,8.59999999999999,3.));
#1664=CARTESIAN_POINT('Origin',(-1.27,-0.915285380000003,-2.08166817117217E-16));
#1665=CARTESIAN_POINT('',(-1.27,-2.4980018054066E-15,-0.6));
#1666=CARTESIAN_POINT('Origin',(-1.27,-2.4980018054066E-15,-2.08166817117217E-16));
#1667=CARTESIAN_POINT('',(-1.27,-0.365285380000002,-0.6));
#1668=CARTESIAN_POINT('',(-1.27,-0.915285380000003,-0.6));
#1669=CARTESIAN_POINT('',(-1.27,-0.365285380000002,0.6));
#1670=CARTESIAN_POINT('Origin',(-1.27,-0.365285380000002,-4.16333634234434E-16));
#1671=CARTESIAN_POINT('Origin',(-1.27,-0.365285380000002,-4.16333634234434E-16));
#1672=CARTESIAN_POINT('Ctrl Pts',(-1.27,-0.365285380000002,0.6));
#1673=CARTESIAN_POINT('Ctrl Pts',(-1.87,-0.365285380000002,0.599999999999999));
#1674=CARTESIAN_POINT('Ctrl Pts',(-1.87,-0.365285380000002,-4.16333634234434E-16));
#1675=CARTESIAN_POINT('Ctrl Pts',(-1.87,-0.365285380000002,-0.6));
#1676=CARTESIAN_POINT('Ctrl Pts',(-1.27,-0.365285380000002,-0.6));
#1677=CARTESIAN_POINT('Ctrl Pts',(-0.670000000000003,-0.365285380000002,
-0.6));
#1678=CARTESIAN_POINT('Ctrl Pts',(-0.670000000000003,-0.365285380000002,
-4.16333634234434E-16));
#1679=CARTESIAN_POINT('Ctrl Pts',(-0.670000000000003,-0.365285380000002,
0.599999999999999));
#1680=CARTESIAN_POINT('Ctrl Pts',(-1.27,-0.365285380000002,0.6));
#1681=CARTESIAN_POINT('Ctrl Pts',(-1.27,-0.668872442948735,0.6));
#1682=CARTESIAN_POINT('Ctrl Pts',(-1.87,-0.668872442948735,0.6));
#1683=CARTESIAN_POINT('Ctrl Pts',(-1.87,-0.668872442948735,-4.16333634234434E-16));
#1684=CARTESIAN_POINT('Ctrl Pts',(-1.87,-0.668872442948735,-0.600000000000001));
#1685=CARTESIAN_POINT('Ctrl Pts',(-1.27,-0.668872442948735,-0.600000000000001));
#1686=CARTESIAN_POINT('Ctrl Pts',(-0.670000000000002,-0.668872442948735,
-0.600000000000001));
#1687=CARTESIAN_POINT('Ctrl Pts',(-0.670000000000002,-0.668872442948735,
-4.16333634234434E-16));
#1688=CARTESIAN_POINT('Ctrl Pts',(-0.670000000000002,-0.668872442948735,
0.6));
#1689=CARTESIAN_POINT('Ctrl Pts',(-1.27,-0.668872442948735,0.6));
#1690=CARTESIAN_POINT('Ctrl Pts',(-1.27,-0.83066772785614,0.343119890665763));
#1691=CARTESIAN_POINT('Ctrl Pts',(-1.61311989066577,-0.83066772785614,0.343119890665763));
#1692=CARTESIAN_POINT('Ctrl Pts',(-1.61311989066577,-0.83066772785614,-4.16333634234434E-16));
#1693=CARTESIAN_POINT('Ctrl Pts',(-1.61311989066577,-0.83066772785614,-0.343119890665764));
#1694=CARTESIAN_POINT('Ctrl Pts',(-1.27,-0.83066772785614,-0.343119890665764));
#1695=CARTESIAN_POINT('Ctrl Pts',(-0.926880109334239,-0.83066772785614,
-0.343119890665764));
#1696=CARTESIAN_POINT('Ctrl Pts',(-0.926880109334239,-0.83066772785614,
-4.16333634234434E-16));
#1697=CARTESIAN_POINT('Ctrl Pts',(-0.926880109334239,-0.83066772785614,
0.343119890665763));
#1698=CARTESIAN_POINT('Ctrl Pts',(-1.27,-0.83066772785614,0.343119890665763));
#1699=CARTESIAN_POINT('',(-1.26999999999995,-0.830533222169828,-0.34333333271505));
#1700=CARTESIAN_POINT('',(-1.60942911113192,-0.708247426744667,-0.339355628302604));
#1701=CARTESIAN_POINT('Ctrl Pts',(-1.26999999999997,-0.830533221189651,
-0.34333333209706));
#1702=CARTESIAN_POINT('Ctrl Pts',(-1.27014019294534,-0.830533223133492,
-0.343333331909848));
#1703=CARTESIAN_POINT('Ctrl Pts',(-1.27028039121737,-0.830533172087136,
-0.343333328455179));
#1704=CARTESIAN_POINT('Ctrl Pts',(-1.27042059478058,-0.830533068039882,
-0.34333332172752));
#1705=CARTESIAN_POINT('Ctrl Pts',(-1.3061427202204,-0.830506558092726,-0.343331607603625));
#1706=CARTESIAN_POINT('Ctrl Pts',(-1.34160926813816,-0.82709648698199,-0.343119611310708));
#1707=CARTESIAN_POINT('Ctrl Pts',(-1.37627092420023,-0.820323924524758,
-0.342784774219525));
#1708=CARTESIAN_POINT('Ctrl Pts',(-1.4094596447865,-0.813839159842898,-0.342464165918488));
#1709=CARTESIAN_POINT('Ctrl Pts',(-1.4419112174322,-0.804271245700345,-0.342030803679726));
#1710=CARTESIAN_POINT('Ctrl Pts',(-1.4731089349296,-0.791608306160061,-0.341563831656787));
#1711=CARTESIAN_POINT('Ctrl Pts',(-1.5023900042845,-0.779723320954114,-0.341125548305077));
#1712=CARTESIAN_POINT('Ctrl Pts',(-1.53056694765926,-0.765111572410251,
-0.340657574094647));
#1713=CARTESIAN_POINT('Ctrl Pts',(-1.5571735478831,-0.747740956611979,-0.340228963269263));
#1714=CARTESIAN_POINT('Ctrl Pts',(-1.575334538216,-0.735884214941306,-0.339936404393237));
#1715=CARTESIAN_POINT('Ctrl Pts',(-1.59276310900766,-0.722741647186892,
-0.339662257429017));
#1716=CARTESIAN_POINT('Ctrl Pts',(-1.60929802896626,-0.708297622064787,
-0.33942985534544));
#1717=CARTESIAN_POINT('',(-1.60940766064579,-0.708308925573014,0.339307593285396));
#1718=CARTESIAN_POINT('Ctrl Pts',(-1.60942911113192,-0.708247426744667,
-0.339355628302604));
#1719=CARTESIAN_POINT('Ctrl Pts',(-1.61074533206074,-0.789892432525413,
-0.245931143729096));
#1720=CARTESIAN_POINT('Ctrl Pts',(-1.6133419559988,-0.830667777051995,-0.123252783955203));
#1721=CARTESIAN_POINT('Ctrl Pts',(-1.6133246693856,-0.830398025053179,0.124461306370568));
#1722=CARTESIAN_POINT('Ctrl Pts',(-1.61074715597886,-0.789957041381159,
0.24582692737673));
#1723=CARTESIAN_POINT('Ctrl Pts',(-1.60942992173656,-0.708297693868907,
0.339298099846173));
#1724=CARTESIAN_POINT('',(-1.27000000000005,-0.830533222169828,0.34333333271505));
#1725=CARTESIAN_POINT('Ctrl Pts',(-1.60935562883567,-0.708247426283645,
0.339429111124483));
#1726=CARTESIAN_POINT('Ctrl Pts',(-1.51608624988435,-0.789756895708533,
0.340743147017816));
#1727=CARTESIAN_POINT('Ctrl Pts',(-1.39368643227915,-0.83053322314999,0.343333333333038));
#1728=CARTESIAN_POINT('Ctrl Pts',(-1.27000000000006,-0.830533223150004,
0.343333333333039));
#1729=CARTESIAN_POINT('Ctrl Pts',(-1.27,-0.830533223150004,0.343333333333039));
#1730=CARTESIAN_POINT('Ctrl Pts',(-1.27,-0.668707886402283,0.6));
#1731=CARTESIAN_POINT('Ctrl Pts',(-1.27,-0.365285380000002,0.6));
#1732=CARTESIAN_POINT('',(-0.930570888868417,-0.708247426744724,0.339355628302872));
#1733=CARTESIAN_POINT('Ctrl Pts',(-1.27000000000004,-0.830533221189652,
0.34333333209706));
#1734=CARTESIAN_POINT('Ctrl Pts',(-1.2698598070547,-0.830533223133493,0.343333331909848));
#1735=CARTESIAN_POINT('Ctrl Pts',(-1.26971960878272,-0.830533172087136,
0.343333328455178));
#1736=CARTESIAN_POINT('Ctrl Pts',(-1.26957940521955,-0.830533068039882,
0.343333321727519));
#1737=CARTESIAN_POINT('Ctrl Pts',(-1.23385727977427,-0.83050655809273,0.343331607603626));
#1738=CARTESIAN_POINT('Ctrl Pts',(-1.19839073185106,-0.827096486980966,
0.343119611310635));
#1739=CARTESIAN_POINT('Ctrl Pts',(-1.16372907578386,-0.820323924521655,
0.34278477421936));
#1740=CARTESIAN_POINT('Ctrl Pts',(-1.1305403551927,-0.813839159837808,0.342464165918236));
#1741=CARTESIAN_POINT('Ctrl Pts',(-1.0980887825424,-0.804271245692305,0.342030803679369));
#1742=CARTESIAN_POINT('Ctrl Pts',(-1.066891065041,-0.791608306148115,0.341563831656361));
#1743=CARTESIAN_POINT('Ctrl Pts',(-1.03760999568169,-0.779723320938233,
0.341125548304577));
#1744=CARTESIAN_POINT('Ctrl Pts',(-1.00943305230309,-0.765111572389468,
0.340657574094102));
#1745=CARTESIAN_POINT('Ctrl Pts',(-0.982826452076294,-0.747740956585351,
0.340228963268754));
#1746=CARTESIAN_POINT('Ctrl Pts',(-0.964665461758059,-0.735884214921582,
0.339936404393021));
#1747=CARTESIAN_POINT('Ctrl Pts',(-0.947236890980134,-0.722741647175994,
0.339662257429097));
#1748=CARTESIAN_POINT('Ctrl Pts',(-0.930701971033972,-0.708297622064697,
0.339429855345771));
#1749=CARTESIAN_POINT('',(-0.93059233935421,-0.708308925573,-0.33930759328541));
#1750=CARTESIAN_POINT('Ctrl Pts',(-0.930570888868417,-0.708247426744724,
0.339355628302872));
#1751=CARTESIAN_POINT('Ctrl Pts',(-0.929254667939262,-0.789892432525544,
0.245931143728663));
#1752=CARTESIAN_POINT('Ctrl Pts',(-0.926658044001193,-0.830667777052162,
0.123252783954126));
#1753=CARTESIAN_POINT('Ctrl Pts',(-0.926675330614412,-0.830398025053012,
-0.124461306371057));
#1754=CARTESIAN_POINT('Ctrl Pts',(-0.929252844021145,-0.789957041380988,
-0.245826927376936));
#1755=CARTESIAN_POINT('Ctrl Pts',(-0.930570078263448,-0.708297693868894,
-0.339298099846189));
#1756=CARTESIAN_POINT('Ctrl Pts',(-0.930644371164326,-0.708247426283638,
-0.339429111124483));
#1757=CARTESIAN_POINT('Ctrl Pts',(-1.02391375011565,-0.78975689570853,-0.340743147017816));
#1758=CARTESIAN_POINT('Ctrl Pts',(-1.14631356772086,-0.83053322314999,-0.343333333333039));
#1759=CARTESIAN_POINT('Ctrl Pts',(-1.26999999999994,-0.830533223150004,
-0.34333333333304));
#1760=CARTESIAN_POINT('Origin',(-1.02,-3.,0.25));
#1761=CARTESIAN_POINT('',(-1.02000575475944,-0.953777888105513,0.250000042804369));
#1762=CARTESIAN_POINT('',(-1.52000004280437,-0.953777888105518,0.24999424524056));
#1763=CARTESIAN_POINT('Ctrl Pts',(-1.02001150951888,-0.953879180398956,
0.25));
#1764=CARTESIAN_POINT('Ctrl Pts',(-1.03900430685497,-0.961163059147446,
0.25));
#1765=CARTESIAN_POINT('Ctrl Pts',(-1.05827685170912,-0.967569592212828,
0.25));
#1766=CARTESIAN_POINT('Ctrl Pts',(-1.07773147064787,-0.973099423392033,
0.25));
#1767=CARTESIAN_POINT('Ctrl Pts',(-1.10895740969658,-0.981975165029279,
0.25));
#1768=CARTESIAN_POINT('Ctrl Pts',(-1.14067073683954,-0.988604252488914,
0.25));
#1769=CARTESIAN_POINT('Ctrl Pts',(-1.17268270050029,-0.993032689331897,
0.25));
#1770=CARTESIAN_POINT('Ctrl Pts',(-1.20469466416105,-0.99746112617488,0.25));
#1771=CARTESIAN_POINT('Ctrl Pts',(-1.23700625926732,-0.999688991260831,
0.25));
#1772=CARTESIAN_POINT('Ctrl Pts',(-1.26944873498146,-0.999714044132361,
0.25));
#1773=CARTESIAN_POINT('Ctrl Pts',(-1.30215631047263,-0.999739301720409,
0.25));
#1774=CARTESIAN_POINT('Ctrl Pts',(-1.33474964430762,-0.997490415398181,
0.25));
#1775=CARTESIAN_POINT('Ctrl Pts',(-1.3670324296397,-0.99300078632491,0.25));
#1776=CARTESIAN_POINT('Ctrl Pts',(-1.39856769650144,-0.988615116083654,
0.25));
#1777=CARTESIAN_POINT('Ctrl Pts',(-1.42980760449105,-0.982090943225173,
0.25));
#1778=CARTESIAN_POINT('Ctrl Pts',(-1.46055388931716,-0.973413198179524,
0.25));
#1779=CARTESIAN_POINT('Ctrl Pts',(-1.48057348420674,-0.967762923964233,
0.25));
#1780=CARTESIAN_POINT('Ctrl Pts',(-1.5003834634151,-0.961198699619208,0.25));
#1781=CARTESIAN_POINT('Ctrl Pts',(-1.51992251369164,-0.953706346604245,
0.25));
#1782=CARTESIAN_POINT('',(-1.52,-3.05311331771918E-15,0.25));
#1783=CARTESIAN_POINT('',(-1.52,-3.,0.25));
#1784=CARTESIAN_POINT('',(-1.02,-1.66533453693773E-15,0.25));
#1785=CARTESIAN_POINT('',(-1.27,-1.66533453693773E-15,0.25));
#1786=CARTESIAN_POINT('',(-1.02,-3.,0.25));
#1787=CARTESIAN_POINT('Origin',(-1.27,-2.4980018054066E-15,-2.08166817117217E-16));
#1788=CARTESIAN_POINT('',(-1.52,-3.33066907387547E-15,-0.25));
#1789=CARTESIAN_POINT('',(-1.52,-3.05311331771918E-15,0.25));
#1790=CARTESIAN_POINT('',(-1.02,-2.77555756156289E-15,-0.25));
#1791=CARTESIAN_POINT('',(-1.27,-2.4980018054066E-15,-0.25));
#1792=CARTESIAN_POINT('',(-1.02,-2.77555756156289E-15,-0.25));
#1793=CARTESIAN_POINT('Ctrl Pts',(-1.6127187061143,-0.705279813609033,0.339381855736048));
#1794=CARTESIAN_POINT('Ctrl Pts',(-1.6524996520308,-0.749308797281427,0.25));
#1795=CARTESIAN_POINT('Ctrl Pts',(-1.72442446360886,-0.828914153103226,
0.25));
#1796=CARTESIAN_POINT('Ctrl Pts',(-1.52099777149267,-0.787000941821417,
0.340667528820757));
#1797=CARTESIAN_POINT('Ctrl Pts',(-1.54881292000869,-0.841647053409068,
0.25));
#1798=CARTESIAN_POINT('Ctrl Pts',(-1.60074471824568,-0.940660827876343,
0.25));
#1799=CARTESIAN_POINT('Ctrl Pts',(-1.39690072032441,-0.830627582641686,
0.343339387670465));
#1800=CARTESIAN_POINT('Ctrl Pts',(-1.41061533502516,-0.889482905277003,
0.25));
#1801=CARTESIAN_POINT('Ctrl Pts',(-1.43632621741405,-0.999842910997069,
0.25));
#1802=CARTESIAN_POINT('Ctrl Pts',(-1.14225809011626,-0.830438551419112,
0.3433272589868));
#1803=CARTESIAN_POINT('Ctrl Pts',(-1.12845536039599,-0.889274352547908,
0.25));
#1804=CARTESIAN_POINT('Ctrl Pts',(-1.10257125254887,-0.999585177267653,
0.25));
#1805=CARTESIAN_POINT('Ctrl Pts',(-1.01935402549263,-0.787309113318847,
0.340672436988276));
#1806=CARTESIAN_POINT('Ctrl Pts',(-0.991576924084297,-0.841988366663328,
0.250000000000018));
#1807=CARTESIAN_POINT('Ctrl Pts',(-0.939710578854821,-0.941065184884786,
0.25));
#1808=CARTESIAN_POINT('Ctrl Pts',(-0.927292517234486,-0.705289813019672,
0.339382013054481));
#1809=CARTESIAN_POINT('Ctrl Pts',(-0.887512985503667,-0.749320051288208,
0.25));
#1810=CARTESIAN_POINT('Ctrl Pts',(-0.815590628517708,-0.828927788663184,
0.25));
#1811=CARTESIAN_POINT('Ctrl Pts',(-0.93081044359421,-0.708392006158096,
0.339431766171247));
#1812=CARTESIAN_POINT('Ctrl Pts',(-0.930811162251375,-0.708401176393279,
0.339422135922199));
#1813=CARTESIAN_POINT('Ctrl Pts',(-0.930812450990226,-0.708410602521862,
0.339412788135139));
#1814=CARTESIAN_POINT('Ctrl Pts',(-0.930828611779455,-0.708499731565648,
0.339328382656392));
#1815=CARTESIAN_POINT('Ctrl Pts',(-0.930879640617347,-0.708621421437835,
0.339242155347426));
#1816=CARTESIAN_POINT('Ctrl Pts',(-0.931524634550482,-0.709886774379398,
0.338460192929578));
#1817=CARTESIAN_POINT('Ctrl Pts',(-0.934148021058425,-0.714484601115713,
0.335899192779123));
#1818=CARTESIAN_POINT('Ctrl Pts',(-0.955822710477451,-0.753050060840162,
0.314293960136191));
#1819=CARTESIAN_POINT('Ctrl Pts',(-0.974292229717699,-0.787097493716127,
0.295829361277395));
#1820=CARTESIAN_POINT('Ctrl Pts',(-1.00263757382109,-0.85377692274504,0.267448715307511));
#1821=CARTESIAN_POINT('Ctrl Pts',(-1.01435720183585,-0.889431712762047,
0.255697344238522));
#1822=CARTESIAN_POINT('Ctrl Pts',(-1.01945403144854,-0.935422193576628,
0.250561687895836));
#1823=CARTESIAN_POINT('Ctrl Pts',(-1.02,-0.944537456246911,0.250007981583041));
#1824=CARTESIAN_POINT('Ctrl Pts',(-1.02,-0.953676595812069,0.250000085608739));
#1825=CARTESIAN_POINT('Ctrl Pts',(-1.60943176617125,-0.708392006158048,
0.339189556405847));
#1826=CARTESIAN_POINT('Ctrl Pts',(-1.60942619784432,-0.70839730849938,0.339189140869547));
#1827=CARTESIAN_POINT('Ctrl Pts',(-1.60942072521308,-0.708402695134008,
0.339188534900167));
#1828=CARTESIAN_POINT('Ctrl Pts',(-1.60939235533144,-0.708431449463525,
0.339184458375496));
#1829=CARTESIAN_POINT('Ctrl Pts',(-1.60937065810738,-0.708456381330854,
0.339178028193649));
#1830=CARTESIAN_POINT('Ctrl Pts',(-1.6083626068638,-0.709698211690761,0.338785204189812));
#1831=CARTESIAN_POINT('Ctrl Pts',(-1.60786121435491,-0.711004765427946,
0.337814164881338));
#1832=CARTESIAN_POINT('Ctrl Pts',(-1.60280540870717,-0.71998037922995,0.332761342746002));
#1833=CARTESIAN_POINT('Ctrl Pts',(-1.59112225598213,-0.740658254660954,
0.321025560907276));
#1834=CARTESIAN_POINT('Ctrl Pts',(-1.56983836024194,-0.780999567898877,
0.299719576617319));
#1835=CARTESIAN_POINT('Ctrl Pts',(-1.55985615556258,-0.801131352876145,
0.289741993427552));
#1836=CARTESIAN_POINT('Ctrl Pts',(-1.53744952347289,-0.853775025461555,
0.267363232300898));
#1837=CARTESIAN_POINT('Ctrl Pts',(-1.52569873741469,-0.889427488412903,
0.2556441878774));
#1838=CARTESIAN_POINT('Ctrl Pts',(-1.52056195679295,-0.935417769768731,
0.250546233688578));
#1839=CARTESIAN_POINT('Ctrl Pts',(-1.52000798350093,-0.94453523640547,0.25));
#1840=CARTESIAN_POINT('Ctrl Pts',(-1.52000008560874,-0.953676595812088,
0.25));
#1841=CARTESIAN_POINT('Origin',(-1.52,-2.,0.25));
#1842=CARTESIAN_POINT('',(-1.51999424524057,-0.953777888105505,-0.25000004280437));
#1843=CARTESIAN_POINT('Ctrl Pts',(-1.52,-0.953879180398949,0.24998849048112));
#1844=CARTESIAN_POINT('Ctrl Pts',(-1.52,-0.961163059148274,0.230995693142862));
#1845=CARTESIAN_POINT('Ctrl Pts',(-1.52,-0.967569592214289,0.211723148286479));
#1846=CARTESIAN_POINT('Ctrl Pts',(-1.52,-0.973099423393929,0.192268529345451));
#1847=CARTESIAN_POINT('Ctrl Pts',(-1.52,-0.981975165030533,0.161042590297817));
#1848=CARTESIAN_POINT('Ctrl Pts',(-1.52,-0.988604252489695,0.129329263155976));
#1849=CARTESIAN_POINT('Ctrl Pts',(-1.52,-0.993032689332363,0.0973172994963711));
#1850=CARTESIAN_POINT('Ctrl Pts',(-1.52,-0.997461126175032,0.065305335836766));
#1851=CARTESIAN_POINT('Ctrl Pts',(-1.52,-0.999688991260828,0.0329937407316641));
#1852=CARTESIAN_POINT('Ctrl Pts',(-1.52,-0.999714044132361,0.00055126501871236));
#1853=CARTESIAN_POINT('Ctrl Pts',(-1.52,-0.999739301720412,-0.0321563104725033));
#1854=CARTESIAN_POINT('Ctrl Pts',(-1.52,-0.997490415398181,-0.0647496443075418));
#1855=CARTESIAN_POINT('Ctrl Pts',(-1.52,-0.9930007863249,-0.0970324296396765));
#1856=CARTESIAN_POINT('Ctrl Pts',(-1.52,-0.988615116083634,-0.128567696501448));
#1857=CARTESIAN_POINT('Ctrl Pts',(-1.52,-0.982090943225139,-0.1598076044911));
#1858=CARTESIAN_POINT('Ctrl Pts',(-1.52,-0.973413198179472,-0.190553889317246));
#1859=CARTESIAN_POINT('Ctrl Pts',(-1.52,-0.967762923964186,-0.210573484206794));
#1860=CARTESIAN_POINT('Ctrl Pts',(-1.52,-0.961198699619167,-0.230383463415116));
#1861=CARTESIAN_POINT('Ctrl Pts',(-1.52,-0.953706346604215,-0.249922513691624));
#1862=CARTESIAN_POINT('',(-1.52,-3.,-0.25));
#1863=CARTESIAN_POINT('Origin',(-1.02,-2.,-0.25));
#1864=CARTESIAN_POINT('',(-1.01999995719563,-0.953777888105507,-0.249994245240562));
#1865=CARTESIAN_POINT('Ctrl Pts',(-1.02,-0.953879180398956,-0.249988490481123));
#1866=CARTESIAN_POINT('Ctrl Pts',(-1.02,-0.961163059147544,-0.230995693144781));
#1867=CARTESIAN_POINT('Ctrl Pts',(-1.02,-0.967569592213,-0.211723148290371));
#1868=CARTESIAN_POINT('Ctrl Pts',(-1.02,-0.973099423392256,-0.192268529351344));
#1869=CARTESIAN_POINT('Ctrl Pts',(-1.02,-0.981975165029426,-0.161042590302762));
#1870=CARTESIAN_POINT('Ctrl Pts',(-1.02,-0.988604252489007,-0.129329263159929));
#1871=CARTESIAN_POINT('Ctrl Pts',(-1.02,-0.993032689331953,-0.0973172994993079));
#1872=CARTESIAN_POINT('Ctrl Pts',(-1.02,-0.997461126174898,-0.0653053358386867));
#1873=CARTESIAN_POINT('Ctrl Pts',(-1.02,-0.999688991260831,-0.0329937407325443));
#1874=CARTESIAN_POINT('Ctrl Pts',(-1.02,-0.999714044132361,-0.000551265018544231));
#1875=CARTESIAN_POINT('Ctrl Pts',(-1.02,-0.999739301720408,0.0321563104726283));
#1876=CARTESIAN_POINT('Ctrl Pts',(-1.02,-0.997490415398179,0.0647496443076228));
#1877=CARTESIAN_POINT('Ctrl Pts',(-1.02,-0.993000786324904,0.0970324296397151));
#1878=CARTESIAN_POINT('Ctrl Pts',(-1.02,-0.988615116083641,0.128567696501472));
#1879=CARTESIAN_POINT('Ctrl Pts',(-1.02,-0.98209094322515,0.159807604491109));
#1880=CARTESIAN_POINT('Ctrl Pts',(-1.02,-0.973413198179488,0.190553889317241));
#1881=CARTESIAN_POINT('Ctrl Pts',(-1.02,-0.967762923964201,0.210573484206792));
#1882=CARTESIAN_POINT('Ctrl Pts',(-1.02,-0.961198699619182,0.230383463415117));
#1883=CARTESIAN_POINT('Ctrl Pts',(-1.02,-0.953706346604228,0.249922513691628));
#1884=CARTESIAN_POINT('',(-1.02,-2.,-0.25));
#1885=CARTESIAN_POINT('Ctrl Pts',(-1.60887698202587,-0.65514196583754,-0.390819603793946));
#1886=CARTESIAN_POINT('Ctrl Pts',(-1.52000000000006,-0.692533511683258,
-0.437112068708897));
#1887=CARTESIAN_POINT('Ctrl Pts',(-1.52,-0.760325065526758,-0.519634613631369));
#1888=CARTESIAN_POINT('Ctrl Pts',(-1.60961448922089,-0.769015054334677,
-0.297549292542712));
#1889=CARTESIAN_POINT('Ctrl Pts',(-1.5199999999999,-0.822054930875912,-0.330333350435054));
#1890=CARTESIAN_POINT('Ctrl Pts',(-1.52,-0.916299483528532,-0.392508523825521));
#1891=CARTESIAN_POINT('Ctrl Pts',(-1.6133889727124,-0.830614822444671,-0.150840068520826));
#1892=CARTESIAN_POINT('Ctrl Pts',(-1.52,-0.889465161994692,-0.167141232473984));
#1893=CARTESIAN_POINT('Ctrl Pts',(-1.52,-0.999867149505709,-0.197714125432565));
#1894=CARTESIAN_POINT('Ctrl Pts',(-1.61337455590812,-0.830390239946129,
0.151691715494426));
#1895=CARTESIAN_POINT('Ctrl Pts',(-1.52,-0.889217394733013,0.16808096901605));
#1896=CARTESIAN_POINT('Ctrl Pts',(-1.52,-0.999560928128189,0.198830421965678));
#1897=CARTESIAN_POINT('Ctrl Pts',(-1.60962632316498,-0.769526061913978,
0.296726697765851));
#1898=CARTESIAN_POINT('Ctrl Pts',(-1.52,-0.822618352433003,0.329428820608168));
#1899=CARTESIAN_POINT('Ctrl Pts',(-1.52,-0.916973978859057,0.391438838044522));
#1900=CARTESIAN_POINT('Ctrl Pts',(-1.60887164758928,-0.654865572551679,
0.391201119882177));
#1901=CARTESIAN_POINT('Ctrl Pts',(-1.52,-0.692229294750606,0.437531675294697));
#1902=CARTESIAN_POINT('Ctrl Pts',(-1.52,-0.75996066167911,0.520130439870749));
#1903=CARTESIAN_POINT('Ctrl Pts',(-1.52,-0.953676595812053,-0.250000085608739));
#1904=CARTESIAN_POINT('Ctrl Pts',(-1.52,-0.944534992649863,-0.250007983711525));
#1905=CARTESIAN_POINT('Ctrl Pts',(-1.52054626280658,-0.935417284001133,
-0.250561986323827));
#1906=CARTESIAN_POINT('Ctrl Pts',(-1.52564443685752,-0.889426155110096,
-0.255698987509092));
#1907=CARTESIAN_POINT('Ctrl Pts',(-1.5373638765952,-0.853773115643805,-0.267450169499153));
#1908=CARTESIAN_POINT('Ctrl Pts',(-1.55974309123996,-0.801129022998263,
-0.289857254146664));
#1909=CARTESIAN_POINT('Ctrl Pts',(-1.56972075516223,-0.78099723536388,-0.299839538770325));
#1910=CARTESIAN_POINT('Ctrl Pts',(-1.59102650219803,-0.740656584371684,
-0.321123194961358));
#1911=CARTESIAN_POINT('Ctrl Pts',(-1.60276192517701,-0.719979346369142,
-0.332805988428445));
#1912=CARTESIAN_POINT('Ctrl Pts',(-1.60781427469658,-0.711004570071293,
-0.337861324735014));
#1913=CARTESIAN_POINT('Ctrl Pts',(-1.60878524428103,-0.709698112721201,
-0.338362678402162));
#1914=CARTESIAN_POINT('Ctrl Pts',(-1.60917802911171,-0.708456377865219,
-0.33937066109912));
#1915=CARTESIAN_POINT('Ctrl Pts',(-1.60918445880623,-0.708431447167045,
-0.33939235749184));
#1916=CARTESIAN_POINT('Ctrl Pts',(-1.60918853499456,-0.708402694293565,
-0.339420726067093));
#1917=CARTESIAN_POINT('Ctrl Pts',(-1.60918914090188,-0.708397308085732,
-0.339426198278804));
#1918=CARTESIAN_POINT('Ctrl Pts',(-1.60918955640575,-0.708392006158135,
-0.339431766171248));
#1919=CARTESIAN_POINT('Origin',(-1.52,-3.,-0.25));
#1920=CARTESIAN_POINT('Ctrl Pts',(-1.51998849048113,-0.953879180398958,
-0.25));
#1921=CARTESIAN_POINT('Ctrl Pts',(-1.50099569314444,-0.96116305914768,-0.25));
#1922=CARTESIAN_POINT('Ctrl Pts',(-1.48172314828967,-0.967569592213237,
-0.25));
#1923=CARTESIAN_POINT('Ctrl Pts',(-1.46226852935029,-0.973099423392563,
-0.25));
#1924=CARTESIAN_POINT('Ctrl Pts',(-1.4310425903019,-0.981975165029626,-0.25));
#1925=CARTESIAN_POINT('Ctrl Pts',(-1.39932926315927,-0.988604252489128,
-0.25));
#1926=CARTESIAN_POINT('Ctrl Pts',(-1.36731729949885,-0.993032689332023,
-0.25));
#1927=CARTESIAN_POINT('Ctrl Pts',(-1.33530533583844,-0.997461126174918,
-0.25));
#1928=CARTESIAN_POINT('Ctrl Pts',(-1.3029937407325,-0.999688991260827,-0.25));
#1929=CARTESIAN_POINT('Ctrl Pts',(-1.27055126501871,-0.999714044132361,
-0.25));
#1930=CARTESIAN_POINT('Ctrl Pts',(-1.23784368952752,-0.999739301720412,
-0.25));
#1931=CARTESIAN_POINT('Ctrl Pts',(-1.20525035569251,-0.997490415398184,
-0.25));
#1932=CARTESIAN_POINT('Ctrl Pts',(-1.1729675703604,-0.99300078632491,-0.25));
#1933=CARTESIAN_POINT('Ctrl Pts',(-1.14143230349865,-0.988615116083651,
-0.25));
#1934=CARTESIAN_POINT('Ctrl Pts',(-1.11019239550901,-0.982090943225166,
-0.25));
#1935=CARTESIAN_POINT('Ctrl Pts',(-1.07944611068289,-0.973413198179512,
-0.25));
#1936=CARTESIAN_POINT('Ctrl Pts',(-1.0594265157933,-0.967762923964217,-0.25));
#1937=CARTESIAN_POINT('Ctrl Pts',(-1.03961653658493,-0.961198699619187,
-0.25));
#1938=CARTESIAN_POINT('Ctrl Pts',(-1.02007748630838,-0.953706346604218,
-0.25));
#1939=CARTESIAN_POINT('Ctrl Pts',(-0.931123017974107,-0.65514196583731,
0.390819603794113));
#1940=CARTESIAN_POINT('Ctrl Pts',(-1.02,-0.692533511683013,0.437112068709092));
#1941=CARTESIAN_POINT('Ctrl Pts',(-1.02,-0.760325065526458,0.519634613631595));
#1942=CARTESIAN_POINT('Ctrl Pts',(-0.930385510779117,-0.769015054334568,
0.297549292542915));
#1943=CARTESIAN_POINT('Ctrl Pts',(-1.02,-0.822054930875755,0.330333350435268));
#1944=CARTESIAN_POINT('Ctrl Pts',(-1.02,-0.916299483528388,0.392508523825825));
#1945=CARTESIAN_POINT('Ctrl Pts',(-0.926611027287592,-0.830614822444625,
0.150840068521008));
#1946=CARTESIAN_POINT('Ctrl Pts',(-1.02,-0.889465161994654,0.167141232474188));
#1947=CARTESIAN_POINT('Ctrl Pts',(-1.02,-0.999867149505687,0.197714125432809));
#1948=CARTESIAN_POINT('Ctrl Pts',(-0.92662544409186,-0.830390239946151,
-0.151691715494352));
#1949=CARTESIAN_POINT('Ctrl Pts',(-1.02,-0.889217394733019,-0.168080969015965));
#1950=CARTESIAN_POINT('Ctrl Pts',(-1.02,-0.999560928128211,-0.198830421965585));
#1951=CARTESIAN_POINT('Ctrl Pts',(-0.930373676835043,-0.769526061914014,
-0.296726697765847));
#1952=CARTESIAN_POINT('Ctrl Pts',(-1.02,-0.822618352433048,-0.329428820608148));
#1953=CARTESIAN_POINT('Ctrl Pts',(-1.02,-0.916973978859151,-0.391438838044524));
#1954=CARTESIAN_POINT('Ctrl Pts',(-0.931128352410682,-0.654865572551638,
-0.391201119882176));
#1955=CARTESIAN_POINT('Ctrl Pts',(-1.02,-0.692229294750559,-0.437531675294703));
#1956=CARTESIAN_POINT('Ctrl Pts',(-1.02,-0.759960661679051,-0.520130439870762));
#1957=CARTESIAN_POINT('Ctrl Pts',(-1.01999991439126,-0.953676595812057,
-0.25));
#1958=CARTESIAN_POINT('Ctrl Pts',(-1.01999201820654,-0.944537212691408,
-0.250000000000001));
#1959=CARTESIAN_POINT('Ctrl Pts',(-1.01943828260458,-0.935421708207089,
-0.250545997638506));
#1960=CARTESIAN_POINT('Ctrl Pts',(-1.01430240581503,-0.889430379833016,
-0.25564304699665));
#1961=CARTESIAN_POINT('Ctrl Pts',(-1.00255063874491,-0.853775013088848,
-0.267363070394684));
#1962=CARTESIAN_POINT('Ctrl Pts',(-0.97416979299102,-0.787095929364643,
-0.295708615962871));
#1963=CARTESIAN_POINT('Ctrl Pts',(-0.955705578971156,-0.753049235414351,
-0.314177752026634));
#1964=CARTESIAN_POINT('Ctrl Pts',(-0.934100802761033,-0.714484593500648,
-0.335851983399325));
#1965=CARTESIAN_POINT('Ctrl Pts',(-0.93153979365091,-0.709886748124999,
-0.33847538162916));
#1966=CARTESIAN_POINT('Ctrl Pts',(-0.930757838920755,-0.70862141306255,
-0.339120363097406));
#1967=CARTESIAN_POINT('Ctrl Pts',(-0.930671613403911,-0.708499726621228,
-0.339171389858297));
#1968=CARTESIAN_POINT('Ctrl Pts',(-0.930587209880824,-0.708410600521295,
-0.339187549283196));
#1969=CARTESIAN_POINT('Ctrl Pts',(-0.930577863056433,-0.708401175420625,
-0.339188837824929));
#1970=CARTESIAN_POINT('Ctrl Pts',(-0.930568233828756,-0.708392006158024,
-0.339189556405875));
#1971=CARTESIAN_POINT('Ctrl Pts',(-0.927281293885705,-0.705279813609032,
-0.339381855736049));
#1972=CARTESIAN_POINT('Ctrl Pts',(-0.887500347969206,-0.749308797281427,
-0.25));
#1973=CARTESIAN_POINT('Ctrl Pts',(-0.815575536391141,-0.828914153103225,
-0.25));
#1974=CARTESIAN_POINT('Ctrl Pts',(-1.01900222850736,-0.787000941821452,
-0.340667528820743));
#1975=CARTESIAN_POINT('Ctrl Pts',(-0.99118707999134,-0.841647053409129,
-0.250000000000009));
#1976=CARTESIAN_POINT('Ctrl Pts',(-0.939255281754413,-0.940660827876342,
-0.25));
#1977=CARTESIAN_POINT('Ctrl Pts',(-1.14309927967568,-0.830627582641712,
-0.343339387670471));
#1978=CARTESIAN_POINT('Ctrl Pts',(-1.12938466497493,-0.889482905277021,
-0.25));
#1979=CARTESIAN_POINT('Ctrl Pts',(-1.10367378258606,-0.999842910997087,
-0.25));
#1980=CARTESIAN_POINT('Ctrl Pts',(-1.39774190988392,-0.830438551419085,
-0.343327258986795));
#1981=CARTESIAN_POINT('Ctrl Pts',(-1.41154463960423,-0.88927435254789,-0.25));
#1982=CARTESIAN_POINT('Ctrl Pts',(-1.43742874745137,-0.999585177267634,
-0.25));
#1983=CARTESIAN_POINT('Ctrl Pts',(-1.52064597450757,-0.78730911331876,-0.340672436988274));
#1984=CARTESIAN_POINT('Ctrl Pts',(-1.54842307591594,-0.841988366663245,
-0.250000000000018));
#1985=CARTESIAN_POINT('Ctrl Pts',(-1.60028942114545,-0.941065184884652,
-0.25));
#1986=CARTESIAN_POINT('Ctrl Pts',(-1.61270748276571,-0.705289813019505,
-0.339382013054479));
#1987=CARTESIAN_POINT('Ctrl Pts',(-1.65248701449655,-0.74932005128802,-0.25));
#1988=CARTESIAN_POINT('Ctrl Pts',(-1.72440937148255,-0.828927788662956,
-0.25));
#1989=CARTESIAN_POINT('Origin',(1.27,-7.,-2.77555756156289E-16));
#1990=CARTESIAN_POINT('',(1.52,-7.,-0.25));
#1991=CARTESIAN_POINT('',(1.02,-7.,-0.25));
#1992=CARTESIAN_POINT('',(1.395,-7.,-0.25));
#1993=CARTESIAN_POINT('',(1.52,-7.,0.25));
#1994=CARTESIAN_POINT('',(1.52,-7.,0.125));
#1995=CARTESIAN_POINT('',(1.02,-7.,0.25));
#1996=CARTESIAN_POINT('',(1.395,-7.,0.25));
#1997=CARTESIAN_POINT('',(1.02,-7.,-0.125));
#1998=CARTESIAN_POINT('Origin',(1.52,-2.,0.25));
#1999=CARTESIAN_POINT('',(1.52,-3.,-0.25));
#2000=CARTESIAN_POINT('',(1.52,-27.,-0.25));
#2001=CARTESIAN_POINT('',(1.52,-3.,0.25));
#2002=CARTESIAN_POINT('',(1.52,-3.,-0.25));
#2003=CARTESIAN_POINT('',(1.52,-27.,0.25));
#2004=CARTESIAN_POINT('Origin',(1.52,-27.,-0.25));
#2005=CARTESIAN_POINT('',(1.02,-3.,-0.25));
#2006=CARTESIAN_POINT('',(1.02,-27.,-0.25));
#2007=CARTESIAN_POINT('',(0.919999999999997,-3.,-0.25));
#2008=CARTESIAN_POINT('',(1.62,-3.,-0.25));
#2009=CARTESIAN_POINT('',(0.919999999999998,-2.,-0.25));
#2010=CARTESIAN_POINT('',(0.919999999999997,-3.,-0.25));
#2011=CARTESIAN_POINT('',(1.02,-2.,-0.25));
#2012=CARTESIAN_POINT('',(1.62,-2.,-0.25));
#2013=CARTESIAN_POINT('',(1.02,-3.60822483003176E-15,-0.25));
#2014=CARTESIAN_POINT('',(1.02,-27.,-0.25));
#2015=CARTESIAN_POINT('',(1.52,-3.05311331771918E-15,-0.25));
#2016=CARTESIAN_POINT('',(1.52,-3.05311331771918E-15,-0.25));
#2017=CARTESIAN_POINT('',(1.52,-2.,-0.25));
#2018=CARTESIAN_POINT('',(1.52,-27.,-0.25));
#2019=CARTESIAN_POINT('',(1.62,-2.,-0.25));
#2020=CARTESIAN_POINT('',(1.62,-2.,-0.25));
#2021=CARTESIAN_POINT('',(1.62,-3.,-0.25));
#2022=CARTESIAN_POINT('',(1.62,-3.,-0.25));
#2023=CARTESIAN_POINT('',(1.62,-3.,-0.25));
#2024=CARTESIAN_POINT('Origin',(-2.4980018054066E-15,-3.,-2.08166817117217E-16));
#2025=CARTESIAN_POINT('',(1.02,-3.,0.25));
#2026=CARTESIAN_POINT('',(1.02,-3.,-0.25));
#2027=CARTESIAN_POINT('',(0.919999999999997,-3.,0.25));
#2028=CARTESIAN_POINT('',(0.919999999999997,-3.,0.25));
#2029=CARTESIAN_POINT('',(0.919999999999997,-3.,-0.25));
#2030=CARTESIAN_POINT('Origin',(-2.4980018054066E-15,-2.,-2.08166817117217E-16));
#2031=CARTESIAN_POINT('',(0.919999999999998,-2.,0.25));
#2032=CARTESIAN_POINT('',(0.919999999999998,-2.,-0.25));
#2033=CARTESIAN_POINT('',(1.02,-2.,0.25));
#2034=CARTESIAN_POINT('',(0.919999999999998,-2.,0.25));
#2035=CARTESIAN_POINT('',(1.02,-2.,-0.25));
#2036=CARTESIAN_POINT('Origin',(0.919999999999997,-3.,-0.25));
#2037=CARTESIAN_POINT('',(0.919999999999997,-3.,0.25));
#2038=CARTESIAN_POINT('Origin',(1.52,-27.,0.25));
#2039=CARTESIAN_POINT('',(1.62,-3.,0.25));
#2040=CARTESIAN_POINT('',(0.919999999999997,-3.,0.25));
#2041=CARTESIAN_POINT('',(1.62,-2.,0.25));
#2042=CARTESIAN_POINT('',(1.62,-3.,0.25));
#2043=CARTESIAN_POINT('',(1.52,-2.,0.25));
#2044=CARTESIAN_POINT('',(0.919999999999998,-2.,0.25));
#2045=CARTESIAN_POINT('',(1.52,-1.66533453693773E-15,0.25));
#2046=CARTESIAN_POINT('',(1.52,-27.,0.25));
#2047=CARTESIAN_POINT('',(1.02,-2.4980018054066E-15,0.25));
#2048=CARTESIAN_POINT('',(1.27,-1.66533453693773E-15,0.25));
#2049=CARTESIAN_POINT('',(1.02,-27.,0.25));
#2050=CARTESIAN_POINT('',(1.02,-27.,0.25));
#2051=CARTESIAN_POINT('Origin',(1.02,-2.,-0.25));
#2052=CARTESIAN_POINT('',(1.02,-3.60822483003176E-15,-0.25));
#2053=CARTESIAN_POINT('Origin',(1.52,-2.,0.25));
#2054=CARTESIAN_POINT('',(1.52,-2.,-0.25));
#2055=CARTESIAN_POINT('',(1.52,-2.22044604925031E-15,0.25));
#2056=CARTESIAN_POINT('Origin',(1.02,-2.,-0.25));
#2057=CARTESIAN_POINT('Origin',(1.27,-2.4980018054066E-15,-2.08166817117217E-16));
#2058=CARTESIAN_POINT('Origin',(1.62,-3.,0.25));
#2059=CARTESIAN_POINT('',(1.62,-2.,0.25));
#2060=CARTESIAN_POINT('',(1.62,-3.,0.25));
#2061=CARTESIAN_POINT('Origin',(-2.4980018054066E-15,-3.,-2.08166817117217E-16));
#2062=CARTESIAN_POINT('Origin',(-2.4980018054066E-15,-2.,-2.08166817117217E-16));
#2063=CARTESIAN_POINT('Origin',(1.27,-0.915285380000003,-4.16333634234434E-16));
#2064=CARTESIAN_POINT('',(1.27,-2.4980018054066E-15,-0.6));
#2065=CARTESIAN_POINT('Origin',(1.27,-2.4980018054066E-15,-2.08166817117217E-16));
#2066=CARTESIAN_POINT('',(1.27,-0.365285380000002,-0.6));
#2067=CARTESIAN_POINT('',(1.27,-0.915285380000003,-0.6));
#2068=CARTESIAN_POINT('',(1.27,-0.365285380000002,0.6));
#2069=CARTESIAN_POINT('Origin',(1.27,-0.365285380000002,-2.08166817117217E-16));
#2070=CARTESIAN_POINT('Origin',(1.27,-0.365285380000002,-2.08166817117217E-16));
#2071=CARTESIAN_POINT('Ctrl Pts',(1.27,-0.365285380000002,0.6));
#2072=CARTESIAN_POINT('Ctrl Pts',(0.669999999999998,-0.365285380000002,
0.6));
#2073=CARTESIAN_POINT('Ctrl Pts',(0.669999999999998,-0.365285380000002,
-2.08166817117217E-16));
#2074=CARTESIAN_POINT('Ctrl Pts',(0.669999999999998,-0.365285380000002,
-0.6));
#2075=CARTESIAN_POINT('Ctrl Pts',(1.27,-0.365285380000002,-0.6));
#2076=CARTESIAN_POINT('Ctrl Pts',(1.87,-0.365285380000002,-0.6));
#2077=CARTESIAN_POINT('Ctrl Pts',(1.87,-0.365285380000002,-2.08166817117217E-16));
#2078=CARTESIAN_POINT('Ctrl Pts',(1.87,-0.365285380000002,0.6));
#2079=CARTESIAN_POINT('Ctrl Pts',(1.27,-0.365285380000002,0.6));
#2080=CARTESIAN_POINT('Ctrl Pts',(1.27,-0.668872442948735,0.6));
#2081=CARTESIAN_POINT('Ctrl Pts',(0.669999999999998,-0.668872442948735,
0.6));
#2082=CARTESIAN_POINT('Ctrl Pts',(0.669999999999998,-0.668872442948735,
-2.08166817117217E-16));
#2083=CARTESIAN_POINT('Ctrl Pts',(0.669999999999998,-0.668872442948735,
-0.6));
#2084=CARTESIAN_POINT('Ctrl Pts',(1.27,-0.668872442948735,-0.600000000000001));
#2085=CARTESIAN_POINT('Ctrl Pts',(1.87,-0.668872442948735,-0.6));
#2086=CARTESIAN_POINT('Ctrl Pts',(1.87,-0.668872442948735,-2.08166817117217E-16));
#2087=CARTESIAN_POINT('Ctrl Pts',(1.87,-0.668872442948735,0.6));
#2088=CARTESIAN_POINT('Ctrl Pts',(1.27,-0.668872442948735,0.6));
#2089=CARTESIAN_POINT('Ctrl Pts',(1.27,-0.83066772785614,0.343119890665763));
#2090=CARTESIAN_POINT('Ctrl Pts',(0.926880109334235,-0.83066772785614,0.343119890665763));
#2091=CARTESIAN_POINT('Ctrl Pts',(0.926880109334235,-0.83066772785614,-2.08166817117217E-16));
#2092=CARTESIAN_POINT('Ctrl Pts',(0.926880109334235,-0.83066772785614,-0.343119890665763));
#2093=CARTESIAN_POINT('Ctrl Pts',(1.27,-0.83066772785614,-0.343119890665764));
#2094=CARTESIAN_POINT('Ctrl Pts',(1.61311989066576,-0.83066772785614,-0.343119890665763));
#2095=CARTESIAN_POINT('Ctrl Pts',(1.61311989066576,-0.83066772785614,-2.08166817117217E-16));
#2096=CARTESIAN_POINT('Ctrl Pts',(1.61311989066576,-0.83066772785614,0.343119890665763));
#2097=CARTESIAN_POINT('Ctrl Pts',(1.27,-0.83066772785614,0.343119890665763));
#2098=CARTESIAN_POINT('',(0.930592339354214,-0.708308925573054,-0.339307593285359));
#2099=CARTESIAN_POINT('',(1.26999999999995,-0.830533222169828,-0.34333333271505));
#2100=CARTESIAN_POINT('Ctrl Pts',(0.930644371164352,-0.708247426283666,
-0.339429111124484));
#2101=CARTESIAN_POINT('Ctrl Pts',(1.02391375011568,-0.789756895708539,-0.340743147017816));
#2102=CARTESIAN_POINT('Ctrl Pts',(1.14631356772087,-0.83053322314999,-0.343333333333039));
#2103=CARTESIAN_POINT('Ctrl Pts',(1.26999999999994,-0.830533223150004,-0.34333333333304));
#2104=CARTESIAN_POINT('',(0.930570888868412,-0.708247426744709,0.339355628302889));
#2105=CARTESIAN_POINT('Ctrl Pts',(0.930570888868412,-0.708247426744709,
0.339355628302889));
#2106=CARTESIAN_POINT('Ctrl Pts',(0.929254667939257,-0.789892432525539,
0.245931143728678));
#2107=CARTESIAN_POINT('Ctrl Pts',(0.926658044001188,-0.830667777052162,
0.123252783954134));
#2108=CARTESIAN_POINT('Ctrl Pts',(0.926675330614407,-0.830398025053012,
-0.124461306371033));
#2109=CARTESIAN_POINT('Ctrl Pts',(0.929252844021139,-0.789957041381003,
-0.245826927376887));
#2110=CARTESIAN_POINT('Ctrl Pts',(0.930570078263442,-0.708297693868943,
-0.339298099846133));
#2111=CARTESIAN_POINT('',(1.27000000000005,-0.830533222169828,0.34333333271505));
#2112=CARTESIAN_POINT('Ctrl Pts',(1.27000000000003,-0.830533221189652,0.34333333209706));
#2113=CARTESIAN_POINT('Ctrl Pts',(1.2698598070547,-0.830533223133493,0.343333331909848));
#2114=CARTESIAN_POINT('Ctrl Pts',(1.26971960878272,-0.830533172087136,0.343333328455178));
#2115=CARTESIAN_POINT('Ctrl Pts',(1.26957940521955,-0.830533068039882,0.343333321727519));
#2116=CARTESIAN_POINT('Ctrl Pts',(1.23385727977427,-0.83050655809273,0.343331607603626));
#2117=CARTESIAN_POINT('Ctrl Pts',(1.19839073185106,-0.827096486980967,0.343119611310635));
#2118=CARTESIAN_POINT('Ctrl Pts',(1.16372907578386,-0.820323924521656,0.34278477421936));
#2119=CARTESIAN_POINT('Ctrl Pts',(1.1305403551927,-0.81383915983781,0.342464165918236));
#2120=CARTESIAN_POINT('Ctrl Pts',(1.0980887825424,-0.804271245692307,0.342030803679369));
#2121=CARTESIAN_POINT('Ctrl Pts',(1.066891065041,-0.791608306148119,0.341563831656361));
#2122=CARTESIAN_POINT('Ctrl Pts',(1.03760999568172,-0.779723320938246,0.341125548304577));
#2123=CARTESIAN_POINT('Ctrl Pts',(1.00943305230314,-0.765111572389495,0.340657574094102));
#2124=CARTESIAN_POINT('Ctrl Pts',(0.982826452076357,-0.747740956585396,
0.340228963268755));
#2125=CARTESIAN_POINT('Ctrl Pts',(0.964665461758086,-0.735884214921607,
0.339936404393021));
#2126=CARTESIAN_POINT('Ctrl Pts',(0.947236890980128,-0.722741647175996,
0.339662257429097));
#2127=CARTESIAN_POINT('Ctrl Pts',(0.930701971033937,-0.70829762206467,0.339429855345771));
#2128=CARTESIAN_POINT('Ctrl Pts',(1.27,-0.830533223150004,0.343333333333039));
#2129=CARTESIAN_POINT('Ctrl Pts',(1.27,-0.668707886402283,0.6));
#2130=CARTESIAN_POINT('Ctrl Pts',(1.27,-0.365285380000002,0.6));
#2131=CARTESIAN_POINT('',(1.60940766064578,-0.708308925573054,0.339307593285357));
#2132=CARTESIAN_POINT('Ctrl Pts',(1.60935562883564,-0.708247426283666,0.339429111124483));
#2133=CARTESIAN_POINT('Ctrl Pts',(1.51608624988432,-0.789756895708539,0.340743147017816));
#2134=CARTESIAN_POINT('Ctrl Pts',(1.39368643227913,-0.83053322314999,0.343333333333038));
#2135=CARTESIAN_POINT('Ctrl Pts',(1.27000000000006,-0.830533223150004,0.343333333333039));
#2136=CARTESIAN_POINT('',(1.60942911113192,-0.708247426744662,-0.33935562830261));
#2137=CARTESIAN_POINT('Ctrl Pts',(1.60942911113192,-0.708247426744662,-0.33935562830261));
#2138=CARTESIAN_POINT('Ctrl Pts',(1.61074533206073,-0.789892432525412,-0.245931143729101));
#2139=CARTESIAN_POINT('Ctrl Pts',(1.6133419559988,-0.830667777051996,-0.123252783955205));
#2140=CARTESIAN_POINT('Ctrl Pts',(1.6133246693856,-0.83039802505318,0.12446130637055));
#2141=CARTESIAN_POINT('Ctrl Pts',(1.61074715597886,-0.789957041381171,0.245826927376694));
#2142=CARTESIAN_POINT('Ctrl Pts',(1.60942992173655,-0.708297693868943,0.339298099846132));
#2143=CARTESIAN_POINT('Ctrl Pts',(1.26999999999996,-0.830533221189651,-0.34333333209706));
#2144=CARTESIAN_POINT('Ctrl Pts',(1.27014019294534,-0.830533223133492,-0.343333331909848));
#2145=CARTESIAN_POINT('Ctrl Pts',(1.27028039121736,-0.830533172087135,-0.343333328455178));
#2146=CARTESIAN_POINT('Ctrl Pts',(1.27042059478058,-0.830533068039881,-0.34333332172752));
#2147=CARTESIAN_POINT('Ctrl Pts',(1.30614272022039,-0.830506558092726,-0.343331607603625));
#2148=CARTESIAN_POINT('Ctrl Pts',(1.34160926813813,-0.827096486981992,-0.343119611310708));
#2149=CARTESIAN_POINT('Ctrl Pts',(1.3762709242002,-0.820323924524763,-0.342784774219526));
#2150=CARTESIAN_POINT('Ctrl Pts',(1.40945964478646,-0.813839159842906,-0.342464165918489));
#2151=CARTESIAN_POINT('Ctrl Pts',(1.44191121743217,-0.804271245700353,-0.342030803679727));
#2152=CARTESIAN_POINT('Ctrl Pts',(1.47310893492957,-0.79160830616007,-0.341563831656788));
#2153=CARTESIAN_POINT('Ctrl Pts',(1.50239000428447,-0.779723320954125,-0.341125548305078));
#2154=CARTESIAN_POINT('Ctrl Pts',(1.53056694765923,-0.765111572410264,-0.340657574094647));
#2155=CARTESIAN_POINT('Ctrl Pts',(1.55717354788307,-0.747740956611994,-0.340228963269264));
#2156=CARTESIAN_POINT('Ctrl Pts',(1.57533453821599,-0.735884214941314,-0.339936404393238));
#2157=CARTESIAN_POINT('Ctrl Pts',(1.59276310900765,-0.722741647186892,-0.339662257429017));
#2158=CARTESIAN_POINT('Ctrl Pts',(1.60929802896627,-0.708297622064778,-0.33942985534544));
#2159=CARTESIAN_POINT('Origin',(1.02,-3.,0.25));
#2160=CARTESIAN_POINT('',(1.02000575475944,-0.953777888105513,0.250000042804369));
#2161=CARTESIAN_POINT('',(1.52000004280437,-0.953777888105518,0.24999424524056));
#2162=CARTESIAN_POINT('Ctrl Pts',(1.02001150951887,-0.953879180398956,0.25));
#2163=CARTESIAN_POINT('Ctrl Pts',(1.03900430685565,-0.96116305914771,0.25));
#2164=CARTESIAN_POINT('Ctrl Pts',(1.0582768517105,-0.967569592213291,0.25));
#2165=CARTESIAN_POINT('Ctrl Pts',(1.07773147064998,-0.973099423392634,0.25));
#2166=CARTESIAN_POINT('Ctrl Pts',(1.10895740969836,-0.981975165029678,0.25));
#2167=CARTESIAN_POINT('Ctrl Pts',(1.14067073684097,-0.988604252489164,0.25));
#2168=CARTESIAN_POINT('Ctrl Pts',(1.17268270050137,-0.993032689332047,0.25));
#2169=CARTESIAN_POINT('Ctrl Pts',(1.20469466416177,-0.99746112617493,0.25));
#2170=CARTESIAN_POINT('Ctrl Pts',(1.23700625926768,-0.999688991260831,0.25));
#2171=CARTESIAN_POINT('Ctrl Pts',(1.26944873498145,-0.999714044132361,0.25));
#2172=CARTESIAN_POINT('Ctrl Pts',(1.30215631047263,-0.999739301720409,0.25));
#2173=CARTESIAN_POINT('Ctrl Pts',(1.33474964430762,-0.99749041539818,0.25));
#2174=CARTESIAN_POINT('Ctrl Pts',(1.36703242963972,-0.993000786324907,0.25));
#2175=CARTESIAN_POINT('Ctrl Pts',(1.39856769650145,-0.98861511608365,0.25));
#2176=CARTESIAN_POINT('Ctrl Pts',(1.42980760449106,-0.98209094322517,0.25));
#2177=CARTESIAN_POINT('Ctrl Pts',(1.46055388931716,-0.973413198179522,0.25));
#2178=CARTESIAN_POINT('Ctrl Pts',(1.48057348420674,-0.967762923964231,0.25));
#2179=CARTESIAN_POINT('Ctrl Pts',(1.50038346341509,-0.961198699619207,0.25));
#2180=CARTESIAN_POINT('Ctrl Pts',(1.51992251369163,-0.953706346604245,0.25));
#2181=CARTESIAN_POINT('',(1.02,-2.4980018054066E-15,0.25));
#2182=CARTESIAN_POINT('',(1.02,-3.,0.25));
#2183=CARTESIAN_POINT('',(1.52,-2.22044604925031E-15,0.25));
#2184=CARTESIAN_POINT('',(1.27,-1.66533453693773E-15,0.25));
#2185=CARTESIAN_POINT('',(1.52,-3.,0.25));
#2186=CARTESIAN_POINT('Ctrl Pts',(1.72442446360886,-0.828914153103226,0.25));
#2187=CARTESIAN_POINT('Ctrl Pts',(1.65249965203079,-0.749308797281427,0.249999999999999));
#2188=CARTESIAN_POINT('Ctrl Pts',(1.61271870611429,-0.705279813609033,0.339381855736048));
#2189=CARTESIAN_POINT('Ctrl Pts',(1.60074471824568,-0.940660827876343,0.25));
#2190=CARTESIAN_POINT('Ctrl Pts',(1.54881292000869,-0.841647053409068,0.250000000000013));
#2191=CARTESIAN_POINT('Ctrl Pts',(1.52099777149266,-0.787000941821416,0.340667528820756));
#2192=CARTESIAN_POINT('Ctrl Pts',(1.43632621741405,-0.999842910997069,0.25));
#2193=CARTESIAN_POINT('Ctrl Pts',(1.41061533502515,-0.889482905277003,0.25));
#2194=CARTESIAN_POINT('Ctrl Pts',(1.39690072032441,-0.830627582641685,0.343339387670465));
#2195=CARTESIAN_POINT('Ctrl Pts',(1.10257125254886,-0.999585177267653,0.25));
#2196=CARTESIAN_POINT('Ctrl Pts',(1.12845536039598,-0.889274352547909,0.25));
#2197=CARTESIAN_POINT('Ctrl Pts',(1.14225809011625,-0.830438551419112,0.3433272589868));
#2198=CARTESIAN_POINT('Ctrl Pts',(0.939710578854814,-0.941065184884787,
0.25));
#2199=CARTESIAN_POINT('Ctrl Pts',(0.99157692408428,-0.841988366663342,0.250000000000018));
#2200=CARTESIAN_POINT('Ctrl Pts',(1.01935402549263,-0.787309113318847,0.340672436988276));
#2201=CARTESIAN_POINT('Ctrl Pts',(0.815590628517703,-0.828927788663184,
0.25));
#2202=CARTESIAN_POINT('Ctrl Pts',(0.887512985503662,-0.749320051288208,
0.25));
#2203=CARTESIAN_POINT('Ctrl Pts',(0.927292517234481,-0.705289813019672,
0.339382013054481));
#2204=CARTESIAN_POINT('Ctrl Pts',(1.60943176617125,-0.708392006158114,0.339189556405771));
#2205=CARTESIAN_POINT('Ctrl Pts',(1.60942619784457,-0.708397308499203,0.339189140869491));
#2206=CARTESIAN_POINT('Ctrl Pts',(1.60942072521361,-0.708402695133514,0.339188534900184));
#2207=CARTESIAN_POINT('Ctrl Pts',(1.60939235533147,-0.70843144946353,0.339184458375453));
#2208=CARTESIAN_POINT('Ctrl Pts',(1.60937065810722,-0.708456381331156,0.339178028193466));
#2209=CARTESIAN_POINT('Ctrl Pts',(1.6083626068634,-0.709698211690369,0.338785204190648));
#2210=CARTESIAN_POINT('Ctrl Pts',(1.60786121435495,-0.711004765427868,0.337814164881385));
#2211=CARTESIAN_POINT('Ctrl Pts',(1.6028054087069,-0.71998037923042,0.33276134274574));
#2212=CARTESIAN_POINT('Ctrl Pts',(1.59112225598199,-0.740658254661178,0.321025560907164));
#2213=CARTESIAN_POINT('Ctrl Pts',(1.56983836024192,-0.780999567898874,0.29971957661733));
#2214=CARTESIAN_POINT('Ctrl Pts',(1.55985615556256,-0.801131352876141,0.289741993427562));
#2215=CARTESIAN_POINT('Ctrl Pts',(1.53744952347287,-0.853775025461543,0.267363232300909));
#2216=CARTESIAN_POINT('Ctrl Pts',(1.52569873741468,-0.889427488412881,0.25564418787741));
#2217=CARTESIAN_POINT('Ctrl Pts',(1.52056195679294,-0.935417769768707,0.25054623368858));
#2218=CARTESIAN_POINT('Ctrl Pts',(1.52000798350092,-0.944535236405459,0.25));
#2219=CARTESIAN_POINT('Ctrl Pts',(1.52000008560874,-0.953676595812088,0.25));
#2220=CARTESIAN_POINT('Ctrl Pts',(0.930810443594149,-0.708392006158048,
0.339431766171246));
#2221=CARTESIAN_POINT('Ctrl Pts',(0.930811162251345,-0.708401176393613,
0.339422135921797));
#2222=CARTESIAN_POINT('Ctrl Pts',(0.930812450990397,-0.708410602522827,
0.339412788134227));
#2223=CARTESIAN_POINT('Ctrl Pts',(0.930828611779403,-0.708499731565457,
0.339328382656561));
#2224=CARTESIAN_POINT('Ctrl Pts',(0.930879640617155,-0.708621421437438,
0.339242155347685));
#2225=CARTESIAN_POINT('Ctrl Pts',(0.931524634550254,-0.709886774379042,
0.338460192929755));
#2226=CARTESIAN_POINT('Ctrl Pts',(0.934148021058444,-0.714484601115757,
0.335899192779101));
#2227=CARTESIAN_POINT('Ctrl Pts',(0.955822710477122,-0.753050060839564,
0.314293960136515));
#2228=CARTESIAN_POINT('Ctrl Pts',(0.974292229717567,-0.787097493715831,
0.295829361277523));
#2229=CARTESIAN_POINT('Ctrl Pts',(1.00263757382109,-0.853776922745039,0.267448715307514));
#2230=CARTESIAN_POINT('Ctrl Pts',(1.01435720183585,-0.889431712762049,0.255697344238523));
#2231=CARTESIAN_POINT('Ctrl Pts',(1.01945403144854,-0.935422193576635,0.250561687895836));
#2232=CARTESIAN_POINT('Ctrl Pts',(1.02,-0.944537456246915,0.250007981583041));
#2233=CARTESIAN_POINT('Ctrl Pts',(1.02,-0.95367659581207,0.250000085608739));
#2234=CARTESIAN_POINT('Origin',(1.27,-2.4980018054066E-15,-2.08166817117217E-16));
#2235=CARTESIAN_POINT('',(1.02,-3.60822483003176E-15,-0.25));
#2236=CARTESIAN_POINT('',(1.02,-3.60822483003176E-15,-0.25));
#2237=CARTESIAN_POINT('',(1.52,-2.4980018054066E-15,-0.25));
#2238=CARTESIAN_POINT('',(1.27,-2.4980018054066E-15,-0.25));
#2239=CARTESIAN_POINT('',(1.52,-2.22044604925031E-15,0.25));
#2240=CARTESIAN_POINT('Origin',(1.52,-2.,0.25));
#2241=CARTESIAN_POINT('',(1.51999424524056,-0.953777888105505,-0.25000004280437));
#2242=CARTESIAN_POINT('',(1.52,-3.,-0.25));
#2243=CARTESIAN_POINT('Ctrl Pts',(1.52,-0.953879180398948,0.24998849048112));
#2244=CARTESIAN_POINT('Ctrl Pts',(1.52,-0.961163059147576,0.230995693144681));
#2245=CARTESIAN_POINT('Ctrl Pts',(1.52,-0.967569592213062,0.211723148290169));
#2246=CARTESIAN_POINT('Ctrl Pts',(1.52,-0.97309942339234,0.192268529351041));
#2247=CARTESIAN_POINT('Ctrl Pts',(1.52,-0.981975165029477,0.161042590302533));
#2248=CARTESIAN_POINT('Ctrl Pts',(1.52,-0.988604252489034,0.129329263159778));
#2249=CARTESIAN_POINT('Ctrl Pts',(1.52,-0.993032689331967,0.0973172994992362));
#2250=CARTESIAN_POINT('Ctrl Pts',(1.52,-0.997461126174899,0.0653053358386939));
#2251=CARTESIAN_POINT('Ctrl Pts',(1.52,-0.999688991260827,0.0329937407326322));
#2252=CARTESIAN_POINT('Ctrl Pts',(1.52,-0.999714044132361,0.000551265018712402));
#2253=CARTESIAN_POINT('Ctrl Pts',(1.52,-0.999739301720412,-0.0321563104725014));
#2254=CARTESIAN_POINT('Ctrl Pts',(1.52,-0.997490415398181,-0.0647496443075378));
#2255=CARTESIAN_POINT('Ctrl Pts',(1.52,-0.9930007863249,-0.0970324296396707));
#2256=CARTESIAN_POINT('Ctrl Pts',(1.52,-0.988615116083635,-0.128567696501444));
#2257=CARTESIAN_POINT('Ctrl Pts',(1.52,-0.982090943225139,-0.159807604491098));
#2258=CARTESIAN_POINT('Ctrl Pts',(1.52,-0.973413198179472,-0.190553889317246));
#2259=CARTESIAN_POINT('Ctrl Pts',(1.52,-0.967762923964185,-0.210573484206794));
#2260=CARTESIAN_POINT('Ctrl Pts',(1.52,-0.961198699619167,-0.230383463415116));
#2261=CARTESIAN_POINT('Ctrl Pts',(1.52,-0.953706346604214,-0.249922513691624));
#2262=CARTESIAN_POINT('Origin',(1.02,-2.,-0.25));
#2263=CARTESIAN_POINT('',(1.01999995719563,-0.953777888105507,-0.249994245240562));
#2264=CARTESIAN_POINT('Ctrl Pts',(1.02,-0.953879180398956,-0.249988490481123));
#2265=CARTESIAN_POINT('Ctrl Pts',(1.02,-0.961163059147983,-0.230995693143639));
#2266=CARTESIAN_POINT('Ctrl Pts',(1.02,-0.967569592213771,-0.211723148288052));
#2267=CARTESIAN_POINT('Ctrl Pts',(1.02,-0.973099423393255,-0.192268529347832));
#2268=CARTESIAN_POINT('Ctrl Pts',(1.02,-0.98197516503009,-0.161042590299798));
#2269=CARTESIAN_POINT('Ctrl Pts',(1.02,-0.988604252489422,-0.12932926315754));
#2270=CARTESIAN_POINT('Ctrl Pts',(1.02,-0.993032689332202,-0.097317299497508));
#2271=CARTESIAN_POINT('Ctrl Pts',(1.02,-0.997461126174982,-0.0653053358374755));
#2272=CARTESIAN_POINT('Ctrl Pts',(1.02,-0.999688991260832,-0.0329937407319362));
#2273=CARTESIAN_POINT('Ctrl Pts',(1.02,-0.999714044132361,-0.000551265018544217));
#2274=CARTESIAN_POINT('Ctrl Pts',(1.02,-0.999739301720409,0.0321563104726287));
#2275=CARTESIAN_POINT('Ctrl Pts',(1.02,-0.997490415398179,0.0647496443076236));
#2276=CARTESIAN_POINT('Ctrl Pts',(1.02,-0.993000786324904,0.0970324296397163));
#2277=CARTESIAN_POINT('Ctrl Pts',(1.02,-0.988615116083641,0.128567696501475));
#2278=CARTESIAN_POINT('Ctrl Pts',(1.02,-0.982090943225149,0.159807604491114));
#2279=CARTESIAN_POINT('Ctrl Pts',(1.02,-0.973413198179487,0.190553889317247));
#2280=CARTESIAN_POINT('Ctrl Pts',(1.02,-0.9677629239642,0.210573484206796));
#2281=CARTESIAN_POINT('Ctrl Pts',(1.02,-0.961198699619182,0.230383463415119));
#2282=CARTESIAN_POINT('Ctrl Pts',(1.02,-0.953706346604229,0.249922513691628));
#2283=CARTESIAN_POINT('',(1.02,-2.,-0.25));
#2284=CARTESIAN_POINT('Ctrl Pts',(1.52,-0.760325065526758,-0.519634613631369));
#2285=CARTESIAN_POINT('Ctrl Pts',(1.52,-0.692533511683257,-0.437112068708897));
#2286=CARTESIAN_POINT('Ctrl Pts',(1.60887698202586,-0.655141965837541,-0.390819603793946));
#2287=CARTESIAN_POINT('Ctrl Pts',(1.52,-0.916299483528531,-0.392508523825521));
#2288=CARTESIAN_POINT('Ctrl Pts',(1.52,-0.822054930875912,-0.330333350435054));
#2289=CARTESIAN_POINT('Ctrl Pts',(1.60961448922089,-0.769015054334678,-0.297549292542712));
#2290=CARTESIAN_POINT('Ctrl Pts',(1.52,-0.999867149505709,-0.197714125432565));
#2291=CARTESIAN_POINT('Ctrl Pts',(1.52,-0.889465161994692,-0.167141232473984));
#2292=CARTESIAN_POINT('Ctrl Pts',(1.61338897271239,-0.830614822444671,-0.150840068520825));
#2293=CARTESIAN_POINT('Ctrl Pts',(1.52,-0.999560928128189,0.198830421965678));
#2294=CARTESIAN_POINT('Ctrl Pts',(1.52,-0.889217394733012,0.168080969016049));
#2295=CARTESIAN_POINT('Ctrl Pts',(1.61337455590812,-0.830390239946129,0.151691715494426));
#2296=CARTESIAN_POINT('Ctrl Pts',(1.52,-0.916973978859057,0.391438838044522));
#2297=CARTESIAN_POINT('Ctrl Pts',(1.51999999999989,-0.822618352433003,0.329428820608168));
#2298=CARTESIAN_POINT('Ctrl Pts',(1.60962632316498,-0.769526061913978,0.296726697765851));
#2299=CARTESIAN_POINT('Ctrl Pts',(1.52,-0.759960661679109,0.520130439870748));
#2300=CARTESIAN_POINT('Ctrl Pts',(1.52000000000005,-0.692229294750605,0.437531675294697));
#2301=CARTESIAN_POINT('Ctrl Pts',(1.60887164758928,-0.654865572551679,0.391201119882177));
#2302=CARTESIAN_POINT('Ctrl Pts',(1.52,-0.953676595812053,-0.250000085608739));
#2303=CARTESIAN_POINT('Ctrl Pts',(1.52,-0.944534992649876,-0.250007983711525));
#2304=CARTESIAN_POINT('Ctrl Pts',(1.52054626280657,-0.93541728400116,-0.250561986323825));
#2305=CARTESIAN_POINT('Ctrl Pts',(1.52564443685752,-0.889426155110121,-0.255698987509082));
#2306=CARTESIAN_POINT('Ctrl Pts',(1.53736387659521,-0.853773115643816,-0.267450169499144));
#2307=CARTESIAN_POINT('Ctrl Pts',(1.55974309123997,-0.801129022998265,-0.289857254146656));
#2308=CARTESIAN_POINT('Ctrl Pts',(1.56972075516224,-0.780997235363878,-0.299839538770319));
#2309=CARTESIAN_POINT('Ctrl Pts',(1.59102650219761,-0.740656584372483,-0.321123194960931));
#2310=CARTESIAN_POINT('Ctrl Pts',(1.60276192517605,-0.719979346370832,-0.332805988427495));
#2311=CARTESIAN_POINT('Ctrl Pts',(1.60781427469658,-0.711004570071292,-0.337861324735005));
#2312=CARTESIAN_POINT('Ctrl Pts',(1.60878524428075,-0.709698112721288,-0.33836267840234));
#2313=CARTESIAN_POINT('Ctrl Pts',(1.60917802911236,-0.708456377863487,-0.339370661100418));
#2314=CARTESIAN_POINT('Ctrl Pts',(1.60918445880626,-0.708431447166656,-0.339392357492241));
#2315=CARTESIAN_POINT('Ctrl Pts',(1.60918853499439,-0.708402694294594,-0.33942072606609));
#2316=CARTESIAN_POINT('Ctrl Pts',(1.60918914090185,-0.708397308086165,-0.339426198278332));
#2317=CARTESIAN_POINT('Ctrl Pts',(1.60918955640576,-0.708392006158119,-0.339431766171248));
#2318=CARTESIAN_POINT('Origin',(1.52,-3.,-0.25));
#2319=CARTESIAN_POINT('Ctrl Pts',(1.51998849048112,-0.953879180398958,-0.25));
#2320=CARTESIAN_POINT('Ctrl Pts',(1.50099569314248,-0.961163059148429,-0.25));
#2321=CARTESIAN_POINT('Ctrl Pts',(1.4817231482857,-0.967569592214554,-0.25));
#2322=CARTESIAN_POINT('Ctrl Pts',(1.46226852934428,-0.973099423394269,-0.25));
#2323=CARTESIAN_POINT('Ctrl Pts',(1.43104259029683,-0.981975165030759,-0.25));
#2324=CARTESIAN_POINT('Ctrl Pts',(1.39932926315518,-0.988604252489837,-0.25));
#2325=CARTESIAN_POINT('Ctrl Pts',(1.36731729949577,-0.993032689332448,-0.25));
#2326=CARTESIAN_POINT('Ctrl Pts',(1.33530533583636,-0.99746112617506,-0.25));
#2327=CARTESIAN_POINT('Ctrl Pts',(1.30299374073146,-0.999688991260828,-0.25));
#2328=CARTESIAN_POINT('Ctrl Pts',(1.27055126501871,-0.999714044132361,-0.25));
#2329=CARTESIAN_POINT('Ctrl Pts',(1.23784368952753,-0.999739301720412,-0.25));
#2330=CARTESIAN_POINT('Ctrl Pts',(1.20525035569252,-0.997490415398186,-0.25));
#2331=CARTESIAN_POINT('Ctrl Pts',(1.17296757036042,-0.993000786324914,-0.25));
#2332=CARTESIAN_POINT('Ctrl Pts',(1.14143230349866,-0.988615116083655,-0.25));
#2333=CARTESIAN_POINT('Ctrl Pts',(1.11019239550902,-0.982090943225169,-0.25));
#2334=CARTESIAN_POINT('Ctrl Pts',(1.07944611068288,-0.973413198179512,-0.25));
#2335=CARTESIAN_POINT('Ctrl Pts',(1.05942651579329,-0.967762923964217,-0.25));
#2336=CARTESIAN_POINT('Ctrl Pts',(1.03961653658492,-0.961198699619187,-0.25));
#2337=CARTESIAN_POINT('Ctrl Pts',(1.02007748630837,-0.953706346604218,-0.25));
#2338=CARTESIAN_POINT('Ctrl Pts',(1.02,-0.760325065526459,0.519634613631595));
#2339=CARTESIAN_POINT('Ctrl Pts',(1.02,-0.692533511683009,0.437112068709088));
#2340=CARTESIAN_POINT('Ctrl Pts',(0.931123017974102,-0.65514196583731,0.390819603794113));
#2341=CARTESIAN_POINT('Ctrl Pts',(1.02,-0.916299483528388,0.392508523825825));
#2342=CARTESIAN_POINT('Ctrl Pts',(1.02,-0.822054930875765,0.330333350435277));
#2343=CARTESIAN_POINT('Ctrl Pts',(0.930385510779112,-0.769015054334568,
0.297549292542915));
#2344=CARTESIAN_POINT('Ctrl Pts',(1.02,-0.999867149505687,0.197714125432809));
#2345=CARTESIAN_POINT('Ctrl Pts',(1.02,-0.889465161994655,0.167141232474188));
#2346=CARTESIAN_POINT('Ctrl Pts',(0.926611027287587,-0.830614822444625,
0.150840068521008));
#2347=CARTESIAN_POINT('Ctrl Pts',(1.02,-0.999560928128211,-0.198830421965585));
#2348=CARTESIAN_POINT('Ctrl Pts',(1.02,-0.88921739473302,-0.168080969015965));
#2349=CARTESIAN_POINT('Ctrl Pts',(0.926625444091855,-0.83039023994615,-0.151691715494352));
#2350=CARTESIAN_POINT('Ctrl Pts',(1.02,-0.916973978859151,-0.391438838044524));
#2351=CARTESIAN_POINT('Ctrl Pts',(1.02,-0.822618352433049,-0.329428820608148));
#2352=CARTESIAN_POINT('Ctrl Pts',(0.930373676835038,-0.769526061914013,
-0.296726697765847));
#2353=CARTESIAN_POINT('Ctrl Pts',(1.02,-0.759960661679051,-0.520130439870762));
#2354=CARTESIAN_POINT('Ctrl Pts',(1.02,-0.69222929475056,-0.437531675294703));
#2355=CARTESIAN_POINT('Ctrl Pts',(0.931128352410677,-0.654865572551638,
-0.391201119882177));
#2356=CARTESIAN_POINT('Ctrl Pts',(1.01999991439126,-0.953676595812058,-0.25));
#2357=CARTESIAN_POINT('Ctrl Pts',(1.01999201820653,-0.944537212691408,-0.250000000000001));
#2358=CARTESIAN_POINT('Ctrl Pts',(1.01943828260458,-0.935421708207089,-0.250545997638506));
#2359=CARTESIAN_POINT('Ctrl Pts',(1.01430240581502,-0.889430379833017,-0.25564304699665));
#2360=CARTESIAN_POINT('Ctrl Pts',(1.00255063874491,-0.853775013088848,-0.267363070394684));
#2361=CARTESIAN_POINT('Ctrl Pts',(0.974169792990859,-0.787095929364277,
-0.295708615963026));
#2362=CARTESIAN_POINT('Ctrl Pts',(0.955705578970756,-0.753049235413618,
-0.314177752027031));
#2363=CARTESIAN_POINT('Ctrl Pts',(0.934100802760987,-0.714484593500577,
-0.335851983399367));
#2364=CARTESIAN_POINT('Ctrl Pts',(0.931539793650714,-0.709886748124635,
-0.338475381629379));
#2365=CARTESIAN_POINT('Ctrl Pts',(0.930757838920913,-0.708621413062806,
-0.339120363097281));
#2366=CARTESIAN_POINT('Ctrl Pts',(0.930671613404011,-0.708499726621326,
-0.339171389858292));
#2367=CARTESIAN_POINT('Ctrl Pts',(0.930587209878889,-0.708410600519249,
-0.339187549283575));
#2368=CARTESIAN_POINT('Ctrl Pts',(0.930577863055571,-0.708401175419899,
-0.339188837824891));
#2369=CARTESIAN_POINT('Ctrl Pts',(0.93056823382875,-0.708392006158114,-0.339189556405773));
#2370=CARTESIAN_POINT('Ctrl Pts',(0.815575536391136,-0.828914153103225,
-0.25));
#2371=CARTESIAN_POINT('Ctrl Pts',(0.887500347969201,-0.749308797281427,
-0.25));
#2372=CARTESIAN_POINT('Ctrl Pts',(0.9272812938857,-0.705279813609032,-0.339381855736049));
#2373=CARTESIAN_POINT('Ctrl Pts',(0.939255281754406,-0.940660827876342,
-0.25));
#2374=CARTESIAN_POINT('Ctrl Pts',(0.991187079991335,-0.84164705340913,-0.250000000000009));
#2375=CARTESIAN_POINT('Ctrl Pts',(1.01900222850736,-0.787000941821452,-0.340667528820743));
#2376=CARTESIAN_POINT('Ctrl Pts',(1.10367378258606,-0.999842910997087,-0.25));
#2377=CARTESIAN_POINT('Ctrl Pts',(1.12938466497492,-0.889482905277021,-0.25));
#2378=CARTESIAN_POINT('Ctrl Pts',(1.14309927967567,-0.830627582641712,-0.343339387670471));
#2379=CARTESIAN_POINT('Ctrl Pts',(1.43742874745136,-0.999585177267634,-0.25));
#2380=CARTESIAN_POINT('Ctrl Pts',(1.41154463960422,-0.88927435254789,-0.25));
#2381=CARTESIAN_POINT('Ctrl Pts',(1.39774190988392,-0.830438551419084,-0.343327258986795));
#2382=CARTESIAN_POINT('Ctrl Pts',(1.60028942114544,-0.941065184884653,-0.25));
#2383=CARTESIAN_POINT('Ctrl Pts',(1.54842307591593,-0.841988366663245,-0.250000000000014));
#2384=CARTESIAN_POINT('Ctrl Pts',(1.52064597450757,-0.787309113318759,-0.340672436988274));
#2385=CARTESIAN_POINT('Ctrl Pts',(1.72440937148255,-0.828927788662956,-0.25));
#2386=CARTESIAN_POINT('Ctrl Pts',(1.65248701449654,-0.74932005128802,-0.25));
#2387=CARTESIAN_POINT('Ctrl Pts',(1.6127074827657,-0.705289813019505,-0.339382013054479));
#2388=CARTESIAN_POINT('Origin',(-1.27,-7.,-2.77555756156289E-16));
#2389=CARTESIAN_POINT('',(-1.52,-7.,-0.25));
#2390=CARTESIAN_POINT('',(-1.52,-7.,0.25));
#2391=CARTESIAN_POINT('',(-1.52,-7.,0.125));
#2392=CARTESIAN_POINT('',(-1.02,-7.,-0.25));
#2393=CARTESIAN_POINT('',(-1.395,-7.,-0.25));
#2394=CARTESIAN_POINT('',(-1.02,-7.,0.25));
#2395=CARTESIAN_POINT('',(-1.02,-7.,-0.125));
#2396=CARTESIAN_POINT('',(-1.395,-7.,0.25));
#2397=CARTESIAN_POINT('Origin',(-1.52,-27.,-0.25));
#2398=CARTESIAN_POINT('',(-1.52,-3.,-0.25));
#2399=CARTESIAN_POINT('',(-1.52,-27.,-0.25));
#2400=CARTESIAN_POINT('',(-1.62,-3.,-0.25));
#2401=CARTESIAN_POINT('',(-1.62,-3.,-0.25));
#2402=CARTESIAN_POINT('',(-1.62,-2.,-0.25));
#2403=CARTESIAN_POINT('',(-1.62,-3.,-0.25));
#2404=CARTESIAN_POINT('',(-1.52,-2.,-0.25));
#2405=CARTESIAN_POINT('',(-1.62,-2.,-0.25));
#2406=CARTESIAN_POINT('',(-1.52,-3.60822483003176E-15,-0.25));
#2407=CARTESIAN_POINT('',(-1.52,-27.,-0.25));
#2408=CARTESIAN_POINT('',(-1.02,-2.77555756156289E-15,-0.25));
#2409=CARTESIAN_POINT('',(-1.52,-3.60822483003176E-15,-0.25));
#2410=CARTESIAN_POINT('',(-1.02,-2.,-0.25));
#2411=CARTESIAN_POINT('',(-1.02,-27.,-0.25));
#2412=CARTESIAN_POINT('',(-0.920000000000003,-2.,-0.25));
#2413=CARTESIAN_POINT('',(-1.62,-2.,-0.25));
#2414=CARTESIAN_POINT('',(-0.920000000000003,-3.,-0.25));
#2415=CARTESIAN_POINT('',(-0.920000000000003,-3.,-0.25));
#2416=CARTESIAN_POINT('',(-1.02,-3.,-0.25));
#2417=CARTESIAN_POINT('',(-1.62,-3.,-0.25));
#2418=CARTESIAN_POINT('',(-1.02,-27.,-0.25));
#2419=CARTESIAN_POINT('Origin',(-1.52,-2.,0.25));
#2420=CARTESIAN_POINT('',(-1.52,-3.,0.25));
#2421=CARTESIAN_POINT('',(-1.52,-27.,0.25));
#2422=CARTESIAN_POINT('',(-1.52,-3.,-0.25));
#2423=CARTESIAN_POINT('Origin',(-1.52,-27.,0.25));
#2424=CARTESIAN_POINT('',(-1.02,-3.,0.25));
#2425=CARTESIAN_POINT('',(-1.02,-27.,0.25));
#2426=CARTESIAN_POINT('',(-0.920000000000003,-3.,0.25));
#2427=CARTESIAN_POINT('',(-0.920000000000003,-3.,0.25));
#2428=CARTESIAN_POINT('',(-0.920000000000003,-2.,0.25));
#2429=CARTESIAN_POINT('',(-0.920000000000003,-3.,0.25));
#2430=CARTESIAN_POINT('',(-1.02,-2.,0.25));
#2431=CARTESIAN_POINT('',(-0.920000000000003,-2.,0.25));
#2432=CARTESIAN_POINT('',(-1.02,-1.66533453693773E-15,0.25));
#2433=CARTESIAN_POINT('',(-1.02,-27.,0.25));
#2434=CARTESIAN_POINT('',(-1.52,-2.4980018054066E-15,0.25));
#2435=CARTESIAN_POINT('',(-1.27,-1.66533453693773E-15,0.25));
#2436=CARTESIAN_POINT('',(-1.52,-2.,0.25));
#2437=CARTESIAN_POINT('',(-1.52,-27.,0.25));
#2438=CARTESIAN_POINT('',(-1.62,-2.,0.25));
#2439=CARTESIAN_POINT('',(-0.920000000000003,-2.,0.25));
#2440=CARTESIAN_POINT('',(-1.62,-3.,0.25));
#2441=CARTESIAN_POINT('',(-1.62,-3.,0.25));
#2442=CARTESIAN_POINT('',(-0.920000000000003,-3.,0.25));
#2443=CARTESIAN_POINT('Origin',(-1.02,-2.,-0.25));
#2444=CARTESIAN_POINT('',(-1.02,-3.,-0.25));
#2445=CARTESIAN_POINT('Origin',(-0.920000000000003,-3.,-0.25));
#2446=CARTESIAN_POINT('',(-0.920000000000003,-2.,-0.25));
#2447=CARTESIAN_POINT('',(-0.920000000000003,-3.,-0.25));
#2448=CARTESIAN_POINT('Origin',(-2.4980018054066E-15,-2.,-2.08166817117217E-16));
#2449=CARTESIAN_POINT('',(-1.02,-2.,-0.25));
#2450=CARTESIAN_POINT('Origin',(-2.4980018054066E-15,-3.,-2.08166817117217E-16));
#2451=CARTESIAN_POINT('Origin',(-1.02,-2.,-0.25));
#2452=CARTESIAN_POINT('',(-1.02,-2.77555756156289E-15,-0.25));
#2453=CARTESIAN_POINT('Origin',(-1.27,-2.4980018054066E-15,-2.08166817117217E-16));
#2454=CARTESIAN_POINT('',(-1.52,-3.05311331771918E-15,0.25));
#2455=CARTESIAN_POINT('Origin',(-1.52,-2.,0.25));
#2456=CARTESIAN_POINT('',(-1.52,-2.,-0.25));
#2457=CARTESIAN_POINT('Origin',(-2.4980018054066E-15,-2.,-2.08166817117217E-16));
#2458=CARTESIAN_POINT('',(-1.62,-2.,0.25));
#2459=CARTESIAN_POINT('Origin',(-2.4980018054066E-15,-3.,-2.08166817117217E-16));
#2460=CARTESIAN_POINT('',(-1.62,-3.,0.25));
#2461=CARTESIAN_POINT('Origin',(-1.62,-3.,0.25));
#2462=CARTESIAN_POINT('',(0.,1.,0.));
#2463=CARTESIAN_POINT('',(0.,0.,0.));
#2464=CARTESIAN_POINT('Origin',(-0.25,0.,0.25));
#2465=CARTESIAN_POINT('',(-0.25,0.,0.25));
#2466=CARTESIAN_POINT('',(0.25,0.,0.25));
#2467=CARTESIAN_POINT('',(-0.25,0.,0.25));
#2468=CARTESIAN_POINT('',(0.25,16.7,0.25));
#2469=CARTESIAN_POINT('',(0.25,0.,0.25));
#2470=CARTESIAN_POINT('',(-0.25,16.7,0.25));
#2471=CARTESIAN_POINT('',(-0.25,16.7,0.25));
#2472=CARTESIAN_POINT('',(-0.25,0.,0.25));
#2473=CARTESIAN_POINT('Origin',(-0.25,0.,-0.25));
#2474=CARTESIAN_POINT('',(-0.25,0.,-0.25));
#2475=CARTESIAN_POINT('',(-0.25,0.,-0.25));
#2476=CARTESIAN_POINT('',(-0.25,16.7,-0.25));
#2477=CARTESIAN_POINT('',(-0.25,16.7,-0.25));
#2478=CARTESIAN_POINT('',(-0.25,0.,-0.25));
#2479=CARTESIAN_POINT('Origin',(0.25,0.,-0.25));
#2480=CARTESIAN_POINT('',(0.25,0.,-0.25));
#2481=CARTESIAN_POINT('',(0.25,0.,-0.25));
#2482=CARTESIAN_POINT('',(0.25,16.7,-0.25));
#2483=CARTESIAN_POINT('',(0.25,16.7,-0.25));
#2484=CARTESIAN_POINT('',(0.25,0.,-0.25));
#2485=CARTESIAN_POINT('Origin',(0.25,0.,0.25));
#2486=CARTESIAN_POINT('',(0.25,0.,0.25));
#2487=CARTESIAN_POINT('',(0.25,16.7,0.25));
#2488=CARTESIAN_POINT('Origin',(0.,16.7,0.));
#2489=CARTESIAN_POINT('Origin',(0.,0.,0.));
#2490=CARTESIAN_POINT('',(0.,0.,0.));
#2491=CARTESIAN_POINT('Origin',(-0.25,0.,0.25));
#2492=CARTESIAN_POINT('',(-0.25,0.,0.25));
#2493=CARTESIAN_POINT('',(0.25,0.,0.25));
#2494=CARTESIAN_POINT('',(-0.25,0.,0.25));
#2495=CARTESIAN_POINT('',(0.25,15.7,0.25));
#2496=CARTESIAN_POINT('',(0.25,0.,0.25));
#2497=CARTESIAN_POINT('',(-0.25,15.7,0.25));
#2498=CARTESIAN_POINT('',(-0.25,15.7,0.25));
#2499=CARTESIAN_POINT('',(-0.25,0.,0.25));
#2500=CARTESIAN_POINT('Origin',(-0.25,0.,-0.25));
#2501=CARTESIAN_POINT('',(-0.25,0.,-0.25));
#2502=CARTESIAN_POINT('',(-0.25,0.,-0.25));
#2503=CARTESIAN_POINT('',(-0.25,15.7,-0.25));
#2504=CARTESIAN_POINT('',(-0.25,15.7,-0.25));
#2505=CARTESIAN_POINT('',(-0.25,0.,-0.25));
#2506=CARTESIAN_POINT('Origin',(0.25,0.,-0.25));
#2507=CARTESIAN_POINT('',(0.25,0.,-0.25));
#2508=CARTESIAN_POINT('',(0.25,0.,-0.25));
#2509=CARTESIAN_POINT('',(0.25,15.7,-0.25));
#2510=CARTESIAN_POINT('',(0.25,15.7,-0.25));
#2511=CARTESIAN_POINT('',(0.25,0.,-0.25));
#2512=CARTESIAN_POINT('Origin',(0.25,0.,0.25));
#2513=CARTESIAN_POINT('',(0.25,0.,0.25));
#2514=CARTESIAN_POINT('',(0.25,15.7,0.25));
#2515=CARTESIAN_POINT('Origin',(0.,15.7,0.));
#2516=CARTESIAN_POINT('Origin',(0.,0.,0.));
#2517=CARTESIAN_POINT('',(0.833734044250673,1.00267382479939,0.409693737396134));
#2518=CARTESIAN_POINT('',(2.10373404425067,-4.74732617520061,17.3596937373961));
#2519=CARTESIAN_POINT('',(-0.436265955749329,-4.74732617520059,16.3596937373961));
#2520=CARTESIAN_POINT('Origin',(0.,0.,0.));
#2521=UNCERTAINTY_MEASURE_WITH_UNIT(LENGTH_MEASURE(0.01),#2533,
'DISTANCE_ACCURACY_VALUE',
'Maximum model space distance between geometric entities at asserted c
onnectivities');
#2522=UNCERTAINTY_MEASURE_WITH_UNIT(LENGTH_MEASURE(0.01),#2533,
'DISTANCE_ACCURACY_VALUE',
'Maximum model space distance between geometric entities at asserted c
onnectivities');
#2523=UNCERTAINTY_MEASURE_WITH_UNIT(LENGTH_MEASURE(0.01),#2533,
'DISTANCE_ACCURACY_VALUE',
'Maximum model space distance between geometric entities at asserted c
onnectivities');
#2524=UNCERTAINTY_MEASURE_WITH_UNIT(LENGTH_MEASURE(0.01),#2533,
'DISTANCE_ACCURACY_VALUE',
'Maximum model space distance between geometric entities at asserted c
onnectivities');
#2525=UNCERTAINTY_MEASURE_WITH_UNIT(LENGTH_MEASURE(0.01),#2533,
'DISTANCE_ACCURACY_VALUE',
'Maximum model space distance between geometric entities at asserted c
onnectivities');
#2526=UNCERTAINTY_MEASURE_WITH_UNIT(LENGTH_MEASURE(0.01),#2533,
'DISTANCE_ACCURACY_VALUE',
'Maximum model space distance between geometric entities at asserted c
onnectivities');
#2527=(
GEOMETRIC_REPRESENTATION_CONTEXT(3)
GLOBAL_UNCERTAINTY_ASSIGNED_CONTEXT((#2521))
GLOBAL_UNIT_ASSIGNED_CONTEXT((#2533,#2535,#2536))
REPRESENTATION_CONTEXT('','3D')
);
#2528=(
GEOMETRIC_REPRESENTATION_CONTEXT(3)
GLOBAL_UNCERTAINTY_ASSIGNED_CONTEXT((#2522))
GLOBAL_UNIT_ASSIGNED_CONTEXT((#2533,#2535,#2536))
REPRESENTATION_CONTEXT('','3D')
);
#2529=(
GEOMETRIC_REPRESENTATION_CONTEXT(3)
GLOBAL_UNCERTAINTY_ASSIGNED_CONTEXT((#2523))
GLOBAL_UNIT_ASSIGNED_CONTEXT((#2533,#2535,#2536))
REPRESENTATION_CONTEXT('','3D')
);
#2530=(
GEOMETRIC_REPRESENTATION_CONTEXT(3)
GLOBAL_UNCERTAINTY_ASSIGNED_CONTEXT((#2524))
GLOBAL_UNIT_ASSIGNED_CONTEXT((#2533,#2535,#2536))
REPRESENTATION_CONTEXT('','3D')
);
#2531=(
GEOMETRIC_REPRESENTATION_CONTEXT(3)
GLOBAL_UNCERTAINTY_ASSIGNED_CONTEXT((#2525))
GLOBAL_UNIT_ASSIGNED_CONTEXT((#2533,#2535,#2536))
REPRESENTATION_CONTEXT('','3D')
);
#2532=(
GEOMETRIC_REPRESENTATION_CONTEXT(3)
GLOBAL_UNCERTAINTY_ASSIGNED_CONTEXT((#2526))
GLOBAL_UNIT_ASSIGNED_CONTEXT((#2533,#2535,#2536))
REPRESENTATION_CONTEXT('','3D')
);
#2533=(
LENGTH_UNIT()
NAMED_UNIT(*)
SI_UNIT(.MILLI.,.METRE.)
);
#2534=(
LENGTH_UNIT()
NAMED_UNIT(*)
SI_UNIT(.CENTI.,.METRE.)
);
#2535=(
NAMED_UNIT(*)
PLANE_ANGLE_UNIT()
SI_UNIT($,.RADIAN.)
);
#2536=(
NAMED_UNIT(*)
SI_UNIT($,.STERADIAN.)
SOLID_ANGLE_UNIT()
);
#2537=SHAPE_DEFINITION_REPRESENTATION(#2542,#2551);
#2538=SHAPE_DEFINITION_REPRESENTATION(#2543,#2552);
#2539=SHAPE_DEFINITION_REPRESENTATION(#2544,#2553);
#2540=SHAPE_DEFINITION_REPRESENTATION(#2546,#2554);
#2541=SHAPE_DEFINITION_REPRESENTATION(#2547,#2555);
#2542=PRODUCT_DEFINITION_SHAPE('',$,#2557);
#2543=PRODUCT_DEFINITION_SHAPE('',$,#2558);
#2544=PRODUCT_DEFINITION_SHAPE('',$,#2559);
#2545=PRODUCT_DEFINITION_SHAPE($,$,#26);
#2546=PRODUCT_DEFINITION_SHAPE('',$,#2560);
#2547=PRODUCT_DEFINITION_SHAPE('',$,#2561);
#2548=PRODUCT_DEFINITION_SHAPE($,$,#27);
#2549=PRODUCT_DEFINITION_SHAPE($,$,#28);
#2550=PRODUCT_DEFINITION_SHAPE($,$,#29);
#2551=SHAPE_REPRESENTATION('',(#1275,#1351,#1352,#1353),#2527);
#2552=SHAPE_REPRESENTATION('',(#1276,#1336),#2528);
#2553=SHAPE_REPRESENTATION('',(#1277),#2529);
#2554=SHAPE_REPRESENTATION('',(#1337),#2530);
#2555=SHAPE_REPRESENTATION('',(#1344),#2531);
#2556=PRODUCT_DEFINITION_CONTEXT('part definition',#2573,'design');
#2557=PRODUCT_DEFINITION('led','led',#2562,#2556);
#2558=PRODUCT_DEFINITION('WP7113ID','WP7113ID',#2563,#2556);
#2559=PRODUCT_DEFINITION('WP7113ID_WP7113ID','WP7113ID_WP7113ID',#2564,
#2556);
#2560=PRODUCT_DEFINITION('led-wire-long','led-wire-long',#2565,#2556);
#2561=PRODUCT_DEFINITION('led-wire-long_1','led-wire-short',#2566,#2556);
#2562=PRODUCT_DEFINITION_FORMATION('',$,#2575);
#2563=PRODUCT_DEFINITION_FORMATION('ANY',$,#2576);
#2564=PRODUCT_DEFINITION_FORMATION('ANY',$,#2577);
#2565=PRODUCT_DEFINITION_FORMATION('',$,#2578);
#2566=PRODUCT_DEFINITION_FORMATION('',$,#2579);
#2567=PRODUCT_RELATED_PRODUCT_CATEGORY('led','led',(#2575));
#2568=PRODUCT_RELATED_PRODUCT_CATEGORY('WP7113ID','WP7113ID',(#2576));
#2569=PRODUCT_RELATED_PRODUCT_CATEGORY('WP7113ID_WP7113ID',
'WP7113ID_WP7113ID',(#2577));
#2570=PRODUCT_RELATED_PRODUCT_CATEGORY('led-wire-long','led-wire-long',
(#2578));
#2571=PRODUCT_RELATED_PRODUCT_CATEGORY('led-wire-short',
'led-wire-short',(#2579));
#2572=APPLICATION_PROTOCOL_DEFINITION('international standard',
'automotive_design',2009,#2573);
#2573=APPLICATION_CONTEXT(
'Core Data for Automotive Mechanical Design Process');
#2574=PRODUCT_CONTEXT('part definition',#2573,'mechanical');
#2575=PRODUCT('led','led',$,(#2574));
#2576=PRODUCT('WP7113ID','WP7113ID','STEP AP214',(#2574));
#2577=PRODUCT('WP7113ID_WP7113ID','WP7113ID_WP7113ID',$,(#2574));
#2578=PRODUCT('led-wire-long','led-wire-long',$,(#2574));
#2579=PRODUCT('led-wire-long_1','led-wire-short',$,(#2574));
#2580=PRESENTATION_STYLE_ASSIGNMENT((#2586));
#2581=PRESENTATION_STYLE_ASSIGNMENT((#2587));
#2582=PRESENTATION_STYLE_ASSIGNMENT((#2588));
#2583=PRESENTATION_STYLE_ASSIGNMENT((#2589));
#2584=PRESENTATION_STYLE_ASSIGNMENT((#2590));
#2585=PRESENTATION_STYLE_ASSIGNMENT((NULL_STYLE(.NULL.)));
#2586=SURFACE_STYLE_USAGE(.BOTH.,#2601);
#2587=SURFACE_STYLE_USAGE(.BOTH.,#2602);
#2588=SURFACE_STYLE_USAGE(.BOTH.,#2603);
#2589=SURFACE_STYLE_USAGE(.BOTH.,#2604);
#2590=SURFACE_STYLE_USAGE(.BOTH.,#2605);
#2591=SURFACE_STYLE_RENDERING_WITH_PROPERTIES($,#2621,(#2596));
#2592=SURFACE_STYLE_RENDERING_WITH_PROPERTIES($,#2622,(#2597));
#2593=SURFACE_STYLE_RENDERING_WITH_PROPERTIES($,#2623,(#2598));
#2594=SURFACE_STYLE_RENDERING_WITH_PROPERTIES($,#2624,(#2599));
#2595=SURFACE_STYLE_RENDERING_WITH_PROPERTIES($,#2625,(#2600));
#2596=SURFACE_STYLE_TRANSPARENT(0.);
#2597=SURFACE_STYLE_TRANSPARENT(0.);
#2598=SURFACE_STYLE_TRANSPARENT(0.);
#2599=SURFACE_STYLE_TRANSPARENT(0.);
#2600=SURFACE_STYLE_TRANSPARENT(0.);
#2601=SURFACE_SIDE_STYLE('',(#2606,#2591));
#2602=SURFACE_SIDE_STYLE('',(#2607,#2592));
#2603=SURFACE_SIDE_STYLE('',(#2608,#2593));
#2604=SURFACE_SIDE_STYLE('',(#2609,#2594));
#2605=SURFACE_SIDE_STYLE('',(#2610,#2595));
#2606=SURFACE_STYLE_FILL_AREA(#2611);
#2607=SURFACE_STYLE_FILL_AREA(#2612);
#2608=SURFACE_STYLE_FILL_AREA(#2613);
#2609=SURFACE_STYLE_FILL_AREA(#2614);
#2610=SURFACE_STYLE_FILL_AREA(#2615);
#2611=FILL_AREA_STYLE('',(#2616));
#2612=FILL_AREA_STYLE('',(#2617));
#2613=FILL_AREA_STYLE('',(#2618));
#2614=FILL_AREA_STYLE('',(#2619));
#2615=FILL_AREA_STYLE('',(#2620));
#2616=FILL_AREA_STYLE_COLOUR('',#2621);
#2617=FILL_AREA_STYLE_COLOUR('',#2622);
#2618=FILL_AREA_STYLE_COLOUR('',#2623);
#2619=FILL_AREA_STYLE_COLOUR('',#2624);
#2620=FILL_AREA_STYLE_COLOUR('',#2625);
#2621=COLOUR_RGB('',0.411764705882353,0.686274509803922,0.349019607843137);
#2622=COLOUR_RGB('',0.749019607843137,0.749019607843137,0.749019607843137);
#2623=COLOUR_RGB('',0.752941176470588,0.,0.);
#2624=COLOUR_RGB('',0.752941176470588,0.752941176470588,0.752941176470588);
#2625=COLOUR_RGB('',0.792156862745098,0.819607843137255,0.933333333333333);
ENDSEC;
END-ISO-10303-21;
